video_id,filename,relative_path,class_label,file_size_mb,is_decodable,width,height,fps,frame_count,duration_seconds,notes,split
accident_000001,000001.mp4,dataset/raw/accident/000001.mp4,accident,0.502,True,1280,720,10.0,50,5.0,Valid video stream.,TRAIN
accident_000002,000002.mp4,dataset/raw/accident/000002.mp4,accident,0.274,True,1280,720,10.0,50,5.0,Valid video stream.,TEST
accident_000003,000003.mp4,dataset/raw/accident/000003.mp4,accident,0.408,True,1280,720,10.0,50,5.0,Valid video stream.,TRAIN
accident_000004,000004.mp4,dataset/raw/accident/000004.mp4,accident,0.291,True,1280,720,10.0,50,5.0,Valid video stream.,TRAIN
accident_000005,000005.mp4,dataset/raw/accident/000005.mp4,accident,0.347,True,1280,720,10.0,50,5.0,Valid video stream.,VALIDATION
accident_000006,000006.mp4,dataset/raw/accident/000006.mp4,accident,0.307,True,1280,720,10.0,50,5.0,Valid video stream.,TRAIN
accident_000007,000007.mp4,dataset/raw/accident/000007.mp4,accident,0.322,True,1280,720,10.0,50,5.0,Valid video stream.,TEST
accident_000008,000008.mp4,dataset/raw/accident/000008.mp4,accident,0.376,True,1280,720,10.0,50,5.0,Valid video stream.,VALIDATION
accident_000009,000009.mp4,dataset/raw/accident/000009.mp4,accident,0.352,True,1280,720,10.0,50,5.0,Valid video stream.,TRAIN
accident_000010,000010.mp4,dataset/raw/accident/000010.mp4,accident,0.478,True,1280,720,10.0,50,5.0,Valid video stream.,TRAIN
accident_000011,000011.mp4,dataset/raw/accident/000011.mp4,accident,0.334,True,1280,720,10.0,50,5.0,Valid video stream.,TRAIN
accident_000012,000012.mp4,dataset/raw/accident/000012.mp4,accident,0.564,True,1280,720,10.0,50,5.0,Valid video stream.,TRAIN
accident_000013,000013.mp4,dataset/raw/accident/000013.mp4,accident,0.328,True,1280,720,10.0,50,5.0,Valid video stream.,TRAIN
accident_000014,000014.mp4,dataset/raw/accident/000014.mp4,accident,0.337,True,1280,720,10.0,50,5.0,Valid video stream.,TEST
accident_000015,000015.mp4,dataset/raw/accident/000015.mp4,accident,0.606,True,1280,720,10.0,50,5.0,Valid video stream.,TEST
accident_000016,000016.mp4,dataset/raw/accident/000016.mp4,accident,0.437,True,1280,720,10.0,50,5.0,Valid video stream.,TRAIN
accident_000017,000017.mp4,dataset/raw/accident/000017.mp4,accident,0.431,True,1280,720,10.0,50,5.0,Valid video stream.,VALIDATION
accident_000018,000018.mp4,dataset/raw/accident/000018.mp4,accident,0.552,True,1280,720,10.0,50,5.0,Valid video stream.,TRAIN
accident_000019,000019.mp4,dataset/raw/accident/000019.mp4,accident,0.497,True,1280,720,10.0,50,5.0,Valid video stream.,TRAIN
accident_000020,000020.mp4,dataset/raw/accident/000020.mp4,accident,0.449,True,1280,720,10.0,50,5.0,Valid video stream.,VALIDATION
accident_000021,000021.mp4,dataset/raw/accident/000021.mp4,accident,0.393,True,1280,720,10.0,50,5.0,Valid video stream.,TRAIN
accident_000022,000022.mp4,dataset/raw/accident/000022.mp4,accident,0.321,True,1280,720,10.0,50,5.0,Valid video stream.,TRAIN
accident_000023,000023.mp4,dataset/raw/accident/000023.mp4,accident,0.484,True,1280,720,10.0,50,5.0,Valid video stream.,TRAIN
accident_000024,000024.mp4,dataset/raw/accident/000024.mp4,accident,0.469,True,1280,720,10.0,50,5.0,Valid video stream.,TEST
accident_000025,000025.mp4,dataset/raw/accident/000025.mp4,accident,0.507,True,1280,720,10.0,50,5.0,Valid video stream.,TRAIN
accident_000026,000026.mp4,dataset/raw/accident/000026.mp4,accident,0.714,True,1280,720,10.0,50,5.0,Valid video stream.,TRAIN
accident_000027,000027.mp4,dataset/raw/accident/000027.mp4,accident,0.562,True,1280,720,10.0,50,5.0,Valid video stream.,TRAIN
accident_000028,000028.mp4,dataset/raw/accident/000028.mp4,accident,0.493,True,1280,720,10.0,50,5.0,Valid video stream.,TRAIN
accident_000029,000029.mp4,dataset/raw/accident/000029.mp4,accident,0.561,True,1280,720,10.0,50,5.0,Valid video stream.,TRAIN
accident_000030,000030.mp4,dataset/raw/accident/000030.mp4,accident,0.358,True,1280,720,10.0,50,5.0,Valid video stream.,TRAIN
accident_000031,000031.mp4,dataset/raw/accident/000031.mp4,accident,0.838,True,1280,720,10.0,50,5.0,Valid video stream.,VALIDATION
accident_000032,000032.mp4,dataset/raw/accident/000032.mp4,accident,0.552,True,1280,720,10.0,50,5.0,Valid video stream.,TRAIN
accident_000033,000033.mp4,dataset/raw/accident/000033.mp4,accident,0.549,True,1280,720,10.0,50,5.0,Valid video stream.,TRAIN
accident_000034,000034.mp4,dataset/raw/accident/000034.mp4,accident,0.605,True,1280,720,10.0,50,5.0,Valid video stream.,TRAIN
accident_000035,000035.mp4,dataset/raw/accident/000035.mp4,accident,0.299,True,1280,720,10.0,50,5.0,Valid video stream.,TRAIN
accident_000036,000036.mp4,dataset/raw/accident/000036.mp4,accident,0.425,True,1280,720,10.0,50,5.0,Valid video stream.,TRAIN
accident_000037,000037.mp4,dataset/raw/accident/000037.mp4,accident,0.978,True,1280,720,10.0,50,5.0,Valid video stream.,TRAIN
accident_000038,000038.mp4,dataset/raw/accident/000038.mp4,accident,0.743,True,1280,720,10.0,50,5.0,Valid video stream.,TRAIN
accident_000039,000039.mp4,dataset/raw/accident/000039.mp4,accident,0.815,True,1280,720,10.0,50,5.0,Valid video stream.,TRAIN
accident_000040,000040.mp4,dataset/raw/accident/000040.mp4,accident,0.594,True,1280,720,10.0,50,5.0,Valid video stream.,TEST
accident_000041,000041.mp4,dataset/raw/accident/000041.mp4,accident,0.418,True,1280,720,10.0,50,5.0,Valid video stream.,TRAIN
accident_000042,000042.mp4,dataset/raw/accident/000042.mp4,accident,0.511,True,1280,720,10.0,50,5.0,Valid video stream.,TRAIN
accident_000043,000043.mp4,dataset/raw/accident/000043.mp4,accident,0.581,True,1280,720,10.0,50,5.0,Valid video stream.,TRAIN
accident_000044,000044.mp4,dataset/raw/accident/000044.mp4,accident,0.364,True,1280,720,10.0,50,5.0,Valid video stream.,TEST
accident_000045,000045.mp4,dataset/raw/accident/000045.mp4,accident,0.465,True,1280,720,10.0,50,5.0,Valid video stream.,TRAIN
accident_000046,000046.mp4,dataset/raw/accident/000046.mp4,accident,0.559,True,1280,720,10.0,50,5.0,Valid video stream.,TRAIN
accident_000047,000047.mp4,dataset/raw/accident/000047.mp4,accident,0.694,True,1280,720,10.0,50,5.0,Valid video stream.,TRAIN
accident_000048,000048.mp4,dataset/raw/accident/000048.mp4,accident,0.884,True,1280,720,10.0,50,5.0,Valid video stream.,TRAIN
accident_000049,000049.mp4,dataset/raw/accident/000049.mp4,accident,0.389,True,1280,720,10.0,50,5.0,Valid video stream.,VALIDATION
accident_000050,000050.mp4,dataset/raw/accident/000050.mp4,accident,0.382,True,1280,720,10.0,50,5.0,Valid video stream.,TRAIN
accident_000051,000051.mp4,dataset/raw/accident/000051.mp4,accident,0.513,True,1280,720,10.0,50,5.0,Valid video stream.,VALIDATION
accident_000052,000052.mp4,dataset/raw/accident/000052.mp4,accident,0.455,True,1280,720,10.0,50,5.0,Valid video stream.,TEST
accident_000053,000053.mp4,dataset/raw/accident/000053.mp4,accident,0.623,True,1280,720,10.0,50,5.0,Valid video stream.,TRAIN
accident_000054,000054.mp4,dataset/raw/accident/000054.mp4,accident,0.302,True,1280,720,10.0,50,5.0,Valid video stream.,TRAIN
accident_000055,000055.mp4,dataset/raw/accident/000055.mp4,accident,0.333,True,1280,720,10.0,50,5.0,Valid video stream.,TEST
accident_000056,000056.mp4,dataset/raw/accident/000056.mp4,accident,0.593,True,1280,720,10.0,50,5.0,Valid video stream.,TRAIN
accident_000057,000057.mp4,dataset/raw/accident/000057.mp4,accident,0.717,True,1280,720,10.0,50,5.0,Valid video stream.,VALIDATION
accident_000058,000058.mp4,dataset/raw/accident/000058.mp4,accident,0.778,True,1280,720,10.0,50,5.0,Valid video stream.,TRAIN
accident_000059,000059.mp4,dataset/raw/accident/000059.mp4,accident,0.356,True,1280,720,10.0,50,5.0,Valid video stream.,TRAIN
accident_000060,000060.mp4,dataset/raw/accident/000060.mp4,accident,0.556,True,1280,720,10.0,50,5.0,Valid video stream.,TRAIN
accident_000061,000061.mp4,dataset/raw/accident/000061.mp4,accident,0.71,True,1280,720,10.0,50,5.0,Valid video stream.,TRAIN
accident_000062,000062.mp4,dataset/raw/accident/000062.mp4,accident,0.655,True,1280,720,10.0,50,5.0,Valid video stream.,TEST
accident_000063,000063.mp4,dataset/raw/accident/000063.mp4,accident,0.507,True,1280,720,10.0,50,5.0,Valid video stream.,TRAIN
accident_000064,000064.mp4,dataset/raw/accident/000064.mp4,accident,0.622,True,1280,720,10.0,50,5.0,Valid video stream.,TRAIN
accident_000065,000065.mp4,dataset/raw/accident/000065.mp4,accident,0.493,True,1280,720,10.0,50,5.0,Valid video stream.,VALIDATION
accident_000066,000066.mp4,dataset/raw/accident/000066.mp4,accident,0.932,True,1280,720,10.0,50,5.0,Valid video stream.,TEST
accident_000067,000067.mp4,dataset/raw/accident/000067.mp4,accident,0.621,True,1280,720,10.0,50,5.0,Valid video stream.,TRAIN
accident_000068,000068.mp4,dataset/raw/accident/000068.mp4,accident,0.562,True,1280,720,10.0,50,5.0,Valid video stream.,TRAIN
accident_000069,000069.mp4,dataset/raw/accident/000069.mp4,accident,0.376,True,1280,720,10.0,50,5.0,Valid video stream.,TRAIN
accident_000070,000070.mp4,dataset/raw/accident/000070.mp4,accident,0.594,True,1280,720,10.0,50,5.0,Valid video stream.,TRAIN
accident_000071,000071.mp4,dataset/raw/accident/000071.mp4,accident,0.272,True,1280,720,10.0,50,5.0,Valid video stream.,TRAIN
accident_000072,000072.mp4,dataset/raw/accident/000072.mp4,accident,0.545,True,1280,720,10.0,50,5.0,Valid video stream.,TRAIN
accident_000073,000073.mp4,dataset/raw/accident/000073.mp4,accident,0.946,True,1280,720,10.0,50,5.0,Valid video stream.,TRAIN
accident_000074,000074.mp4,dataset/raw/accident/000074.mp4,accident,0.525,True,1280,720,10.0,50,5.0,Valid video stream.,VALIDATION
accident_000075,000075.mp4,dataset/raw/accident/000075.mp4,accident,0.606,True,1280,720,10.0,50,5.0,Valid video stream.,TRAIN
accident_000076,000076.mp4,dataset/raw/accident/000076.mp4,accident,0.386,True,1280,720,10.0,50,5.0,Valid video stream.,TRAIN
accident_000077,000077.mp4,dataset/raw/accident/000077.mp4,accident,0.388,True,1280,720,10.0,50,5.0,Valid video stream.,TRAIN
accident_000078,000078.mp4,dataset/raw/accident/000078.mp4,accident,0.477,True,1280,720,10.0,50,5.0,Valid video stream.,TRAIN
accident_000079,000079.mp4,dataset/raw/accident/000079.mp4,accident,0.56,True,1280,720,10.0,50,5.0,Valid video stream.,VALIDATION
accident_000080,000080.mp4,dataset/raw/accident/000080.mp4,accident,0.78,True,1280,720,10.0,50,5.0,Valid video stream.,VALIDATION
accident_000081,000081.mp4,dataset/raw/accident/000081.mp4,accident,0.318,True,1280,720,10.0,50,5.0,Valid video stream.,TRAIN
accident_000082,000082.mp4,dataset/raw/accident/000082.mp4,accident,0.618,True,1280,720,10.0,50,5.0,Valid video stream.,VALIDATION
accident_000083,000083.mp4,dataset/raw/accident/000083.mp4,accident,0.455,True,1280,720,10.0,50,5.0,Valid video stream.,TRAIN
accident_000084,000084.mp4,dataset/raw/accident/000084.mp4,accident,0.533,True,1280,720,10.0,50,5.0,Valid video stream.,TRAIN
accident_000085,000085.mp4,dataset/raw/accident/000085.mp4,accident,0.711,True,1280,720,10.0,50,5.0,Valid video stream.,TRAIN
accident_000086,000086.mp4,dataset/raw/accident/000086.mp4,accident,0.323,True,1280,720,10.0,50,5.0,Valid video stream.,VALIDATION
accident_000087,000087.mp4,dataset/raw/accident/000087.mp4,accident,0.596,True,1280,720,10.0,50,5.0,Valid video stream.,TRAIN
accident_000088,000088.mp4,dataset/raw/accident/000088.mp4,accident,0.542,True,1280,720,10.0,50,5.0,Valid video stream.,TRAIN
accident_000089,000089.mp4,dataset/raw/accident/000089.mp4,accident,0.334,True,1280,720,10.0,50,5.0,Valid video stream.,TEST
accident_000090,000090.mp4,dataset/raw/accident/000090.mp4,accident,0.388,True,1280,720,10.0,50,5.0,Valid video stream.,TRAIN
accident_000091,000091.mp4,dataset/raw/accident/000091.mp4,accident,0.5,True,1280,720,10.0,50,5.0,Valid video stream.,VALIDATION
accident_000092,000092.mp4,dataset/raw/accident/000092.mp4,accident,0.264,True,960,720,10.0,50,5.0,Valid video stream.,TRAIN
accident_000093,000093.mp4,dataset/raw/accident/000093.mp4,accident,0.346,True,960,720,10.0,50,5.0,Valid video stream.,TRAIN
accident_000094,000094.mp4,dataset/raw/accident/000094.mp4,accident,0.297,True,960,720,10.0,50,5.0,Valid video stream.,TEST
accident_000095,000095.mp4,dataset/raw/accident/000095.mp4,accident,0.443,True,960,720,10.0,50,5.0,Valid video stream.,TRAIN
accident_000096,000096.mp4,dataset/raw/accident/000096.mp4,accident,0.448,True,960,720,10.0,50,5.0,Valid video stream.,TRAIN
accident_000097,000097.mp4,dataset/raw/accident/000097.mp4,accident,0.471,True,960,720,10.0,50,5.0,Valid video stream.,TEST
accident_000098,000098.mp4,dataset/raw/accident/000098.mp4,accident,0.403,True,960,720,10.0,50,5.0,Valid video stream.,TRAIN
accident_000099,000099.mp4,dataset/raw/accident/000099.mp4,accident,0.398,True,960,720,10.0,50,5.0,Valid video stream.,TRAIN
accident_000100,000100.mp4,dataset/raw/accident/000100.mp4,accident,0.256,True,960,720,10.0,50,5.0,Valid video stream.,TRAIN
accident_000101,000101.mp4,dataset/raw/accident/000101.mp4,accident,0.265,True,960,720,10.0,50,5.0,Valid video stream.,TRAIN
accident_000102,000102.mp4,dataset/raw/accident/000102.mp4,accident,0.333,True,960,720,10.0,50,5.0,Valid video stream.,TRAIN
accident_000103,000103.mp4,dataset/raw/accident/000103.mp4,accident,0.338,True,960,720,10.0,50,5.0,Valid video stream.,VALIDATION
accident_000104,000104.mp4,dataset/raw/accident/000104.mp4,accident,0.306,True,960,720,10.0,50,5.0,Valid video stream.,VALIDATION
accident_000105,000105.mp4,dataset/raw/accident/000105.mp4,accident,0.367,True,960,720,10.0,50,5.0,Valid video stream.,VALIDATION
accident_000106,000106.mp4,dataset/raw/accident/000106.mp4,accident,0.27,True,960,720,10.0,50,5.0,Valid video stream.,TRAIN
accident_000107,000107.mp4,dataset/raw/accident/000107.mp4,accident,0.263,True,960,720,10.0,50,5.0,Valid video stream.,TRAIN
accident_000108,000108.mp4,dataset/raw/accident/000108.mp4,accident,0.409,True,1280,720,10.0,50,5.0,Valid video stream.,TRAIN
accident_000109,000109.mp4,dataset/raw/accident/000109.mp4,accident,0.501,True,1280,720,10.0,50,5.0,Valid video stream.,TRAIN
accident_000110,000110.mp4,dataset/raw/accident/000110.mp4,accident,0.666,True,1280,720,10.0,50,5.0,Valid video stream.,TRAIN
accident_000111,000111.mp4,dataset/raw/accident/000111.mp4,accident,0.353,True,1280,720,10.0,50,5.0,Valid video stream.,VALIDATION
accident_000112,000112.mp4,dataset/raw/accident/000112.mp4,accident,0.303,True,1280,720,10.0,50,5.0,Valid video stream.,TRAIN
accident_000113,000113.mp4,dataset/raw/accident/000113.mp4,accident,0.261,True,1280,720,10.0,50,5.0,Valid video stream.,TRAIN
accident_000114,000114.mp4,dataset/raw/accident/000114.mp4,accident,0.329,True,1280,720,10.0,50,5.0,Valid video stream.,TRAIN
accident_000115,000115.mp4,dataset/raw/accident/000115.mp4,accident,0.716,True,1280,720,10.0,50,5.0,Valid video stream.,TEST
accident_000116,000116.mp4,dataset/raw/accident/000116.mp4,accident,0.52,True,1280,720,10.0,50,5.0,Valid video stream.,TRAIN
accident_000117,000117.mp4,dataset/raw/accident/000117.mp4,accident,0.542,True,1280,720,10.0,50,5.0,Valid video stream.,VALIDATION
accident_000118,000118.mp4,dataset/raw/accident/000118.mp4,accident,0.347,True,1280,720,10.0,50,5.0,Valid video stream.,VALIDATION
accident_000119,000119.mp4,dataset/raw/accident/000119.mp4,accident,0.531,True,1280,720,10.0,50,5.0,Valid video stream.,TEST
accident_000120,000120.mp4,dataset/raw/accident/000120.mp4,accident,0.593,True,1280,720,10.0,50,5.0,Valid video stream.,VALIDATION
accident_000121,000121.mp4,dataset/raw/accident/000121.mp4,accident,0.598,True,1280,720,10.0,50,5.0,Valid video stream.,TEST
accident_000122,000122.mp4,dataset/raw/accident/000122.mp4,accident,0.664,True,1280,720,10.0,50,5.0,Valid video stream.,TRAIN
accident_000123,000123.mp4,dataset/raw/accident/000123.mp4,accident,0.456,True,1280,720,10.0,50,5.0,Valid video stream.,TRAIN
accident_000124,000124.mp4,dataset/raw/accident/000124.mp4,accident,0.277,True,1280,720,10.0,50,5.0,Valid video stream.,TRAIN
accident_000125,000125.mp4,dataset/raw/accident/000125.mp4,accident,0.708,True,1280,720,10.0,50,5.0,Valid video stream.,VALIDATION
accident_000126,000126.mp4,dataset/raw/accident/000126.mp4,accident,0.37,True,1280,720,10.0,50,5.0,Valid video stream.,TRAIN
accident_000127,000127.mp4,dataset/raw/accident/000127.mp4,accident,0.427,True,1280,720,10.0,50,5.0,Valid video stream.,TRAIN
accident_000128,000128.mp4,dataset/raw/accident/000128.mp4,accident,0.49,True,1280,720,10.0,50,5.0,Valid video stream.,TRAIN
accident_000129,000129.mp4,dataset/raw/accident/000129.mp4,accident,0.513,True,1280,720,10.0,50,5.0,Valid video stream.,TRAIN
accident_000130,000130.mp4,dataset/raw/accident/000130.mp4,accident,0.507,True,1280,720,10.0,50,5.0,Valid video stream.,TRAIN
accident_000131,000131.mp4,dataset/raw/accident/000131.mp4,accident,0.413,True,1280,720,10.0,50,5.0,Valid video stream.,TEST
accident_000132,000132.mp4,dataset/raw/accident/000132.mp4,accident,0.497,True,1280,720,10.0,50,5.0,Valid video stream.,TEST
accident_000133,000133.mp4,dataset/raw/accident/000133.mp4,accident,0.922,True,1280,720,10.0,50,5.0,Valid video stream.,TRAIN
accident_000134,000134.mp4,dataset/raw/accident/000134.mp4,accident,0.348,True,1280,720,10.0,50,5.0,Valid video stream.,TRAIN
accident_000135,000135.mp4,dataset/raw/accident/000135.mp4,accident,0.537,True,1280,720,10.0,50,5.0,Valid video stream.,TRAIN
accident_000136,000136.mp4,dataset/raw/accident/000136.mp4,accident,0.523,True,1280,720,10.0,50,5.0,Valid video stream.,TEST
accident_000137,000137.mp4,dataset/raw/accident/000137.mp4,accident,0.361,True,1280,720,10.0,50,5.0,Valid video stream.,TRAIN
accident_000138,000138.mp4,dataset/raw/accident/000138.mp4,accident,0.317,True,1280,720,10.0,50,5.0,Valid video stream.,TRAIN
accident_000139,000139.mp4,dataset/raw/accident/000139.mp4,accident,0.349,True,1280,720,10.0,50,5.0,Valid video stream.,TEST
accident_000140,000140.mp4,dataset/raw/accident/000140.mp4,accident,0.496,True,1280,720,10.0,50,5.0,Valid video stream.,VALIDATION
accident_000141,000141.mp4,dataset/raw/accident/000141.mp4,accident,0.391,True,1280,720,10.0,50,5.0,Valid video stream.,VALIDATION
accident_000142,000142.mp4,dataset/raw/accident/000142.mp4,accident,0.575,True,1280,720,10.0,50,5.0,Valid video stream.,TEST
accident_000143,000143.mp4,dataset/raw/accident/000143.mp4,accident,0.411,True,1280,720,10.0,50,5.0,Valid video stream.,TEST
accident_000144,000144.mp4,dataset/raw/accident/000144.mp4,accident,0.408,True,1280,720,10.0,50,5.0,Valid video stream.,TRAIN
accident_000145,000145.mp4,dataset/raw/accident/000145.mp4,accident,0.538,True,1280,720,10.0,50,5.0,Valid video stream.,TRAIN
accident_000146,000146.mp4,dataset/raw/accident/000146.mp4,accident,0.355,True,1280,720,10.0,50,5.0,Valid video stream.,TEST
accident_000147,000147.mp4,dataset/raw/accident/000147.mp4,accident,0.282,True,1280,720,10.0,50,5.0,Valid video stream.,TEST
accident_000148,000148.mp4,dataset/raw/accident/000148.mp4,accident,0.353,True,1280,720,10.0,50,5.0,Valid video stream.,TRAIN
accident_000149,000149.mp4,dataset/raw/accident/000149.mp4,accident,0.301,True,1280,720,10.0,50,5.0,Valid video stream.,VALIDATION
accident_000150,000150.mp4,dataset/raw/accident/000150.mp4,accident,0.732,True,1280,720,10.0,50,5.0,Valid video stream.,TRAIN
accident_000151,000151.mp4,dataset/raw/accident/000151.mp4,accident,0.966,True,1280,720,10.0,50,5.0,Valid video stream.,VALIDATION
accident_000152,000152.mp4,dataset/raw/accident/000152.mp4,accident,0.633,True,1280,720,10.0,50,5.0,Valid video stream.,TRAIN
accident_000153,000153.mp4,dataset/raw/accident/000153.mp4,accident,0.342,True,1280,720,10.0,50,5.0,Valid video stream.,TRAIN
accident_000154,000154.mp4,dataset/raw/accident/000154.mp4,accident,0.459,True,1280,720,10.0,50,5.0,Valid video stream.,TRAIN
accident_000155,000155.mp4,dataset/raw/accident/000155.mp4,accident,0.573,True,1280,720,10.0,50,5.0,Valid video stream.,VALIDATION
accident_000156,000156.mp4,dataset/raw/accident/000156.mp4,accident,0.794,True,1280,720,10.0,50,5.0,Valid video stream.,TRAIN
accident_000157,000157.mp4,dataset/raw/accident/000157.mp4,accident,0.61,True,1280,720,10.0,50,5.0,Valid video stream.,TRAIN
accident_000158,000158.mp4,dataset/raw/accident/000158.mp4,accident,1.024,True,1280,720,10.0,50,5.0,Valid video stream.,TRAIN
accident_000159,000159.mp4,dataset/raw/accident/000159.mp4,accident,0.578,True,1280,720,10.0,50,5.0,Valid video stream.,TRAIN
accident_000160,000160.mp4,dataset/raw/accident/000160.mp4,accident,0.562,True,1280,720,10.0,50,5.0,Valid video stream.,TRAIN
accident_000161,000161.mp4,dataset/raw/accident/000161.mp4,accident,0.661,True,1280,720,10.0,50,5.0,Valid video stream.,TRAIN
accident_000162,000162.mp4,dataset/raw/accident/000162.mp4,accident,0.392,True,1280,720,10.0,50,5.0,Valid video stream.,TEST
accident_000163,000163.mp4,dataset/raw/accident/000163.mp4,accident,0.507,True,1280,720,10.0,50,5.0,Valid video stream.,TRAIN
accident_000164,000164.mp4,dataset/raw/accident/000164.mp4,accident,0.404,True,1280,720,10.0,50,5.0,Valid video stream.,TEST
accident_000165,000165.mp4,dataset/raw/accident/000165.mp4,accident,0.435,True,1280,720,10.0,50,5.0,Valid video stream.,VALIDATION
accident_000166,000166.mp4,dataset/raw/accident/000166.mp4,accident,0.58,True,1280,720,10.0,50,5.0,Valid video stream.,TRAIN
accident_000167,000167.mp4,dataset/raw/accident/000167.mp4,accident,0.361,True,1280,720,10.0,50,5.0,Valid video stream.,TRAIN
accident_000168,000168.mp4,dataset/raw/accident/000168.mp4,accident,0.559,True,1280,720,10.0,50,5.0,Valid video stream.,VALIDATION
accident_000169,000169.mp4,dataset/raw/accident/000169.mp4,accident,0.396,True,1280,720,10.0,50,5.0,Valid video stream.,TRAIN
accident_000170,000170.mp4,dataset/raw/accident/000170.mp4,accident,0.575,True,1280,720,10.0,50,5.0,Valid video stream.,TRAIN
accident_000171,000171.mp4,dataset/raw/accident/000171.mp4,accident,0.691,True,1280,720,10.0,50,5.0,Valid video stream.,TRAIN
accident_000172,000172.mp4,dataset/raw/accident/000172.mp4,accident,0.405,True,1280,720,10.0,50,5.0,Valid video stream.,TRAIN
accident_000173,000173.mp4,dataset/raw/accident/000173.mp4,accident,0.506,True,1280,720,10.0,50,5.0,Valid video stream.,TRAIN
accident_000174,000174.mp4,dataset/raw/accident/000174.mp4,accident,0.428,True,1280,720,10.0,50,5.0,Valid video stream.,TRAIN
accident_000175,000175.mp4,dataset/raw/accident/000175.mp4,accident,0.373,True,1280,720,10.0,50,5.0,Valid video stream.,TRAIN
accident_000176,000176.mp4,dataset/raw/accident/000176.mp4,accident,0.851,True,1280,720,10.0,50,5.0,Valid video stream.,TEST
accident_000177,000177.mp4,dataset/raw/accident/000177.mp4,accident,0.759,True,1280,720,10.0,50,5.0,Valid video stream.,TRAIN
accident_000178,000178.mp4,dataset/raw/accident/000178.mp4,accident,0.538,True,1280,720,10.0,50,5.0,Valid video stream.,TRAIN
accident_000179,000179.mp4,dataset/raw/accident/000179.mp4,accident,0.449,True,1280,720,10.0,50,5.0,Valid video stream.,TEST
accident_000180,000180.mp4,dataset/raw/accident/000180.mp4,accident,0.477,True,1280,720,10.0,50,5.0,Valid video stream.,TRAIN
accident_000181,000181.mp4,dataset/raw/accident/000181.mp4,accident,0.305,True,1280,720,10.0,50,5.0,Valid video stream.,TRAIN
accident_000182,000182.mp4,dataset/raw/accident/000182.mp4,accident,0.528,True,1280,720,10.0,50,5.0,Valid video stream.,TRAIN
accident_000183,000183.mp4,dataset/raw/accident/000183.mp4,accident,0.551,True,1280,720,10.0,50,5.0,Valid video stream.,TRAIN
accident_000184,000184.mp4,dataset/raw/accident/000184.mp4,accident,0.864,True,1280,720,10.0,50,5.0,Valid video stream.,TRAIN
accident_000185,000185.mp4,dataset/raw/accident/000185.mp4,accident,0.408,True,1280,720,10.0,50,5.0,Valid video stream.,TRAIN
accident_000186,000186.mp4,dataset/raw/accident/000186.mp4,accident,0.353,True,1280,720,10.0,50,5.0,Valid video stream.,TRAIN
accident_000187,000187.mp4,dataset/raw/accident/000187.mp4,accident,0.358,True,1280,720,10.0,50,5.0,Valid video stream.,TEST
accident_000188,000188.mp4,dataset/raw/accident/000188.mp4,accident,0.419,True,1280,720,10.0,50,5.0,Valid video stream.,TRAIN
accident_000189,000189.mp4,dataset/raw/accident/000189.mp4,accident,0.858,True,1280,720,10.0,50,5.0,Valid video stream.,TRAIN
accident_000190,000190.mp4,dataset/raw/accident/000190.mp4,accident,0.559,True,1280,720,10.0,50,5.0,Valid video stream.,TEST
accident_000191,000191.mp4,dataset/raw/accident/000191.mp4,accident,0.312,True,1280,720,10.0,50,5.0,Valid video stream.,TRAIN
accident_000192,000192.mp4,dataset/raw/accident/000192.mp4,accident,0.689,True,1280,720,10.0,50,5.0,Valid video stream.,TEST
accident_000193,000193.mp4,dataset/raw/accident/000193.mp4,accident,0.62,True,1280,720,10.0,50,5.0,Valid video stream.,TRAIN
accident_000194,000194.mp4,dataset/raw/accident/000194.mp4,accident,0.556,True,1280,720,10.0,50,5.0,Valid video stream.,VALIDATION
accident_000195,000195.mp4,dataset/raw/accident/000195.mp4,accident,0.575,True,1280,720,10.0,50,5.0,Valid video stream.,TRAIN
accident_000196,000196.mp4,dataset/raw/accident/000196.mp4,accident,0.326,True,1280,720,10.0,50,5.0,Valid video stream.,TRAIN
accident_000197,000197.mp4,dataset/raw/accident/000197.mp4,accident,0.458,True,1280,720,10.0,50,5.0,Valid video stream.,TRAIN
accident_000198,000198.mp4,dataset/raw/accident/000198.mp4,accident,0.463,True,1280,720,10.0,50,5.0,Valid video stream.,TRAIN
accident_000199,000199.mp4,dataset/raw/accident/000199.mp4,accident,0.437,True,1280,720,10.0,50,5.0,Valid video stream.,TEST
accident_000200,000200.mp4,dataset/raw/accident/000200.mp4,accident,0.496,True,1280,720,10.0,50,5.0,Valid video stream.,TRAIN
accident_000201,000201.mp4,dataset/raw/accident/000201.mp4,accident,0.384,True,1280,720,10.0,50,5.0,Valid video stream.,VALIDATION
accident_000202,000202.mp4,dataset/raw/accident/000202.mp4,accident,0.925,True,1280,720,10.0,50,5.0,Valid video stream.,VALIDATION
accident_000203,000203.mp4,dataset/raw/accident/000203.mp4,accident,0.653,True,1280,720,10.0,50,5.0,Valid video stream.,TRAIN
accident_000204,000204.mp4,dataset/raw/accident/000204.mp4,accident,0.492,True,1280,720,10.0,50,5.0,Valid video stream.,TRAIN
accident_000205,000205.mp4,dataset/raw/accident/000205.mp4,accident,0.914,True,1280,720,10.0,50,5.0,Valid video stream.,VALIDATION
accident_000206,000206.mp4,dataset/raw/accident/000206.mp4,accident,0.328,True,1280,720,10.0,50,5.0,Valid video stream.,TRAIN
accident_000207,000207.mp4,dataset/raw/accident/000207.mp4,accident,0.327,True,1280,720,10.0,50,5.0,Valid video stream.,TEST
accident_000208,000208.mp4,dataset/raw/accident/000208.mp4,accident,0.515,True,1280,720,10.0,50,5.0,Valid video stream.,TRAIN
accident_000209,000209.mp4,dataset/raw/accident/000209.mp4,accident,0.366,True,1280,720,10.0,50,5.0,Valid video stream.,TRAIN
accident_000210,000210.mp4,dataset/raw/accident/000210.mp4,accident,0.455,True,1280,720,10.0,50,5.0,Valid video stream.,TEST
accident_000211,000211.mp4,dataset/raw/accident/000211.mp4,accident,0.812,True,1280,720,10.0,50,5.0,Valid video stream.,VALIDATION
accident_000212,000212.mp4,dataset/raw/accident/000212.mp4,accident,0.49,True,1280,720,10.0,50,5.0,Valid video stream.,TRAIN
accident_000213,000213.mp4,dataset/raw/accident/000213.mp4,accident,0.429,True,1280,720,10.0,50,5.0,Valid video stream.,VALIDATION
accident_000214,000214.mp4,dataset/raw/accident/000214.mp4,accident,0.375,True,1280,720,10.0,50,5.0,Valid video stream.,TRAIN
accident_000215,000215.mp4,dataset/raw/accident/000215.mp4,accident,0.253,True,1280,720,10.0,50,5.0,Valid video stream.,TRAIN
accident_000216,000216.mp4,dataset/raw/accident/000216.mp4,accident,0.471,True,1280,720,10.0,50,5.0,Valid video stream.,TRAIN
accident_000217,000217.mp4,dataset/raw/accident/000217.mp4,accident,0.45,True,1280,720,10.0,50,5.0,Valid video stream.,TRAIN
accident_000218,000218.mp4,dataset/raw/accident/000218.mp4,accident,0.477,True,1280,720,10.0,50,5.0,Valid video stream.,TEST
accident_000219,000219.mp4,dataset/raw/accident/000219.mp4,accident,0.883,True,1280,720,10.0,50,5.0,Valid video stream.,TRAIN
accident_000220,000220.mp4,dataset/raw/accident/000220.mp4,accident,0.929,True,1280,720,10.0,50,5.0,Valid video stream.,VALIDATION
accident_000221,000221.mp4,dataset/raw/accident/000221.mp4,accident,0.417,True,1280,720,10.0,50,5.0,Valid video stream.,TRAIN
accident_000222,000222.mp4,dataset/raw/accident/000222.mp4,accident,0.745,True,1280,720,10.0,50,5.0,Valid video stream.,VALIDATION
accident_000223,000223.mp4,dataset/raw/accident/000223.mp4,accident,0.332,True,1280,720,10.0,50,5.0,Valid video stream.,VALIDATION
accident_000224,000224.mp4,dataset/raw/accident/000224.mp4,accident,0.521,True,1280,720,10.0,50,5.0,Valid video stream.,VALIDATION
accident_000225,000225.mp4,dataset/raw/accident/000225.mp4,accident,0.446,True,1280,720,10.0,50,5.0,Valid video stream.,TEST
accident_000226,000226.mp4,dataset/raw/accident/000226.mp4,accident,0.499,True,1280,720,10.0,50,5.0,Valid video stream.,TRAIN
accident_000227,000227.mp4,dataset/raw/accident/000227.mp4,accident,0.326,True,1280,720,10.0,50,5.0,Valid video stream.,TRAIN
accident_000228,000228.mp4,dataset/raw/accident/000228.mp4,accident,0.376,True,1280,720,10.0,50,5.0,Valid video stream.,TRAIN
accident_000229,000229.mp4,dataset/raw/accident/000229.mp4,accident,0.359,True,1280,720,10.0,50,5.0,Valid video stream.,TEST
accident_000230,000230.mp4,dataset/raw/accident/000230.mp4,accident,0.324,True,1280,720,10.0,50,5.0,Valid video stream.,TEST
accident_000231,000231.mp4,dataset/raw/accident/000231.mp4,accident,0.342,True,1280,720,10.0,50,5.0,Valid video stream.,TRAIN
accident_000232,000232.mp4,dataset/raw/accident/000232.mp4,accident,0.487,True,1280,720,10.0,50,5.0,Valid video stream.,TRAIN
accident_000233,000233.mp4,dataset/raw/accident/000233.mp4,accident,0.412,True,1280,720,10.0,50,5.0,Valid video stream.,TRAIN
accident_000234,000234.mp4,dataset/raw/accident/000234.mp4,accident,0.733,True,1280,720,10.0,50,5.0,Valid video stream.,TRAIN
accident_000235,000235.mp4,dataset/raw/accident/000235.mp4,accident,0.489,True,1280,720,10.0,50,5.0,Valid video stream.,TEST
accident_000236,000236.mp4,dataset/raw/accident/000236.mp4,accident,0.444,True,1280,720,10.0,50,5.0,Valid video stream.,TRAIN
accident_000237,000237.mp4,dataset/raw/accident/000237.mp4,accident,0.407,True,1280,720,10.0,50,5.0,Valid video stream.,VALIDATION
accident_000238,000238.mp4,dataset/raw/accident/000238.mp4,accident,0.339,True,1280,720,10.0,50,5.0,Valid video stream.,TRAIN
accident_000239,000239.mp4,dataset/raw/accident/000239.mp4,accident,0.555,True,1280,720,10.0,50,5.0,Valid video stream.,TRAIN
accident_000240,000240.mp4,dataset/raw/accident/000240.mp4,accident,0.283,True,1280,720,10.0,50,5.0,Valid video stream.,TRAIN
accident_000241,000241.mp4,dataset/raw/accident/000241.mp4,accident,0.679,True,1280,720,10.0,50,5.0,Valid video stream.,TRAIN
accident_000242,000242.mp4,dataset/raw/accident/000242.mp4,accident,0.336,True,1280,720,10.0,50,5.0,Valid video stream.,TRAIN
accident_000243,000243.mp4,dataset/raw/accident/000243.mp4,accident,0.498,True,1280,720,10.0,50,5.0,Valid video stream.,TRAIN
accident_000244,000244.mp4,dataset/raw/accident/000244.mp4,accident,0.533,True,1280,720,10.0,50,5.0,Valid video stream.,TRAIN
accident_000245,000245.mp4,dataset/raw/accident/000245.mp4,accident,0.461,True,1280,720,10.0,50,5.0,Valid video stream.,TRAIN
accident_000246,000246.mp4,dataset/raw/accident/000246.mp4,accident,0.796,True,1280,720,10.0,50,5.0,Valid video stream.,VALIDATION
accident_000247,000247.mp4,dataset/raw/accident/000247.mp4,accident,0.342,True,1280,720,10.0,50,5.0,Valid video stream.,TRAIN
accident_000248,000248.mp4,dataset/raw/accident/000248.mp4,accident,0.656,True,1280,720,10.0,50,5.0,Valid video stream.,TEST
accident_000249,000249.mp4,dataset/raw/accident/000249.mp4,accident,0.564,True,1280,720,10.0,50,5.0,Valid video stream.,TRAIN
accident_000250,000250.mp4,dataset/raw/accident/000250.mp4,accident,0.62,True,1280,720,10.0,50,5.0,Valid video stream.,TRAIN
accident_000251,000251.mp4,dataset/raw/accident/000251.mp4,accident,0.686,True,1280,720,10.0,50,5.0,Valid video stream.,TRAIN
accident_000252,000252.mp4,dataset/raw/accident/000252.mp4,accident,0.621,True,1280,720,10.0,50,5.0,Valid video stream.,TRAIN
accident_000253,000253.mp4,dataset/raw/accident/000253.mp4,accident,0.35,True,1280,720,10.0,50,5.0,Valid video stream.,TRAIN
accident_000254,000254.mp4,dataset/raw/accident/000254.mp4,accident,0.413,True,1280,720,10.0,50,5.0,Valid video stream.,TRAIN
accident_000255,000255.mp4,dataset/raw/accident/000255.mp4,accident,0.4,True,1280,720,10.0,50,5.0,Valid video stream.,TRAIN
accident_000256,000256.mp4,dataset/raw/accident/000256.mp4,accident,0.319,True,1280,720,10.0,50,5.0,Valid video stream.,TEST
accident_000257,000257.mp4,dataset/raw/accident/000257.mp4,accident,0.42,True,1280,720,10.0,50,5.0,Valid video stream.,TRAIN
accident_000258,000258.mp4,dataset/raw/accident/000258.mp4,accident,0.537,True,1280,720,10.0,50,5.0,Valid video stream.,TEST
accident_000259,000259.mp4,dataset/raw/accident/000259.mp4,accident,0.446,True,1280,720,10.0,50,5.0,Valid video stream.,TRAIN
accident_000260,000260.mp4,dataset/raw/accident/000260.mp4,accident,0.434,True,1280,720,10.0,50,5.0,Valid video stream.,TRAIN
accident_000261,000261.mp4,dataset/raw/accident/000261.mp4,accident,0.74,True,1280,720,10.0,50,5.0,Valid video stream.,TRAIN
accident_000262,000262.mp4,dataset/raw/accident/000262.mp4,accident,0.542,True,1280,720,10.0,50,5.0,Valid video stream.,VALIDATION
accident_000263,000263.mp4,dataset/raw/accident/000263.mp4,accident,0.349,True,1280,720,10.0,50,5.0,Valid video stream.,TEST
accident_000264,000264.mp4,dataset/raw/accident/000264.mp4,accident,0.571,True,1280,720,10.0,50,5.0,Valid video stream.,TRAIN
accident_000265,000265.mp4,dataset/raw/accident/000265.mp4,accident,0.508,True,1280,720,10.0,50,5.0,Valid video stream.,TRAIN
accident_000266,000266.mp4,dataset/raw/accident/000266.mp4,accident,0.668,True,1280,720,10.0,50,5.0,Valid video stream.,TRAIN
accident_000267,000267.mp4,dataset/raw/accident/000267.mp4,accident,0.793,True,1280,720,10.0,50,5.0,Valid video stream.,TRAIN
accident_000268,000268.mp4,dataset/raw/accident/000268.mp4,accident,0.499,True,1280,720,10.0,50,5.0,Valid video stream.,VALIDATION
accident_000269,000269.mp4,dataset/raw/accident/000269.mp4,accident,0.413,True,1280,720,10.0,50,5.0,Valid video stream.,VALIDATION
accident_000270,000270.mp4,dataset/raw/accident/000270.mp4,accident,0.356,True,1280,720,10.0,50,5.0,Valid video stream.,TRAIN
accident_000271,000271.mp4,dataset/raw/accident/000271.mp4,accident,0.509,True,1280,720,10.0,50,5.0,Valid video stream.,VALIDATION
accident_000272,000272.mp4,dataset/raw/accident/000272.mp4,accident,0.486,True,1280,720,10.0,50,5.0,Valid video stream.,VALIDATION
accident_000273,000273.mp4,dataset/raw/accident/000273.mp4,accident,0.694,True,1280,720,10.0,50,5.0,Valid video stream.,TRAIN
accident_000274,000274.mp4,dataset/raw/accident/000274.mp4,accident,0.376,True,1280,720,10.0,50,5.0,Valid video stream.,TRAIN
accident_000275,000275.mp4,dataset/raw/accident/000275.mp4,accident,0.359,True,1280,720,10.0,50,5.0,Valid video stream.,TRAIN
accident_000276,000276.mp4,dataset/raw/accident/000276.mp4,accident,0.685,True,1280,720,10.0,50,5.0,Valid video stream.,VALIDATION
accident_000277,000277.mp4,dataset/raw/accident/000277.mp4,accident,0.593,True,1280,720,10.0,50,5.0,Valid video stream.,TRAIN
accident_000278,000278.mp4,dataset/raw/accident/000278.mp4,accident,0.426,True,1280,720,10.0,50,5.0,Valid video stream.,TRAIN
accident_000279,000279.mp4,dataset/raw/accident/000279.mp4,accident,0.579,True,1280,720,10.0,50,5.0,Valid video stream.,TRAIN
accident_000280,000280.mp4,dataset/raw/accident/000280.mp4,accident,0.37,True,1280,720,10.0,50,5.0,Valid video stream.,TRAIN
accident_000281,000281.mp4,dataset/raw/accident/000281.mp4,accident,0.216,True,640,360,10.0,50,5.0,Valid video stream.,TRAIN
accident_000282,000282.mp4,dataset/raw/accident/000282.mp4,accident,0.249,True,640,360,10.0,50,5.0,Valid video stream.,TRAIN
accident_000283,000283.mp4,dataset/raw/accident/000283.mp4,accident,0.314,True,640,360,10.0,50,5.0,Valid video stream.,TRAIN
accident_000284,000284.mp4,dataset/raw/accident/000284.mp4,accident,0.314,True,640,360,10.0,50,5.0,Valid video stream.,TEST
accident_000285,000285.mp4,dataset/raw/accident/000285.mp4,accident,0.233,True,640,360,10.0,50,5.0,Valid video stream.,TRAIN
accident_000286,000286.mp4,dataset/raw/accident/000286.mp4,accident,0.227,True,640,360,10.0,50,5.0,Valid video stream.,TEST
accident_000287,000287.mp4,dataset/raw/accident/000287.mp4,accident,0.237,True,640,360,10.0,50,5.0,Valid video stream.,TRAIN
accident_000288,000288.mp4,dataset/raw/accident/000288.mp4,accident,0.237,True,640,360,10.0,50,5.0,Valid video stream.,VALIDATION
accident_000289,000289.mp4,dataset/raw/accident/000289.mp4,accident,0.236,True,640,360,10.0,50,5.0,Valid video stream.,TRAIN
accident_000290,000290.mp4,dataset/raw/accident/000290.mp4,accident,0.233,True,640,360,10.0,50,5.0,Valid video stream.,TRAIN
accident_000291,000291.mp4,dataset/raw/accident/000291.mp4,accident,0.346,True,1280,720,10.0,50,5.0,Valid video stream.,TRAIN
accident_000292,000292.mp4,dataset/raw/accident/000292.mp4,accident,0.482,True,1280,720,10.0,50,5.0,Valid video stream.,TRAIN
accident_000293,000293.mp4,dataset/raw/accident/000293.mp4,accident,0.736,True,1280,720,10.0,50,5.0,Valid video stream.,TEST
accident_000294,000294.mp4,dataset/raw/accident/000294.mp4,accident,0.45,True,1280,720,10.0,50,5.0,Valid video stream.,TRAIN
accident_000295,000295.mp4,dataset/raw/accident/000295.mp4,accident,0.533,True,1280,720,10.0,50,5.0,Valid video stream.,TRAIN
accident_000296,000296.mp4,dataset/raw/accident/000296.mp4,accident,0.419,True,1280,720,10.0,50,5.0,Valid video stream.,TRAIN
accident_000297,000297.mp4,dataset/raw/accident/000297.mp4,accident,0.464,True,1280,720,10.0,50,5.0,Valid video stream.,TRAIN
accident_000298,000298.mp4,dataset/raw/accident/000298.mp4,accident,0.278,True,1280,720,10.0,50,5.0,Valid video stream.,TRAIN
accident_000299,000299.mp4,dataset/raw/accident/000299.mp4,accident,0.38,True,1280,720,10.0,50,5.0,Valid video stream.,TRAIN
accident_000300,000300.mp4,dataset/raw/accident/000300.mp4,accident,0.358,True,1280,720,10.0,50,5.0,Valid video stream.,TRAIN
accident_000301,000301.mp4,dataset/raw/accident/000301.mp4,accident,0.284,True,1280,720,10.0,50,5.0,Valid video stream.,TRAIN
accident_000302,000302.mp4,dataset/raw/accident/000302.mp4,accident,0.482,True,1280,720,10.0,50,5.0,Valid video stream.,TRAIN
accident_000303,000303.mp4,dataset/raw/accident/000303.mp4,accident,0.726,True,1280,720,10.0,50,5.0,Valid video stream.,TRAIN
accident_000304,000304.mp4,dataset/raw/accident/000304.mp4,accident,0.521,True,1280,720,10.0,50,5.0,Valid video stream.,VALIDATION
accident_000305,000305.mp4,dataset/raw/accident/000305.mp4,accident,1.055,True,1280,720,10.0,50,5.0,Valid video stream.,TRAIN
accident_000306,000306.mp4,dataset/raw/accident/000306.mp4,accident,0.588,True,1280,720,10.0,50,5.0,Valid video stream.,VALIDATION
accident_000307,000307.mp4,dataset/raw/accident/000307.mp4,accident,0.761,True,1280,720,10.0,50,5.0,Valid video stream.,TRAIN
accident_000308,000308.mp4,dataset/raw/accident/000308.mp4,accident,0.664,True,1280,720,10.0,50,5.0,Valid video stream.,TRAIN
accident_000309,000309.mp4,dataset/raw/accident/000309.mp4,accident,0.383,True,1280,720,10.0,50,5.0,Valid video stream.,TRAIN
accident_000310,000310.mp4,dataset/raw/accident/000310.mp4,accident,0.37,True,1280,720,10.0,50,5.0,Valid video stream.,TRAIN
accident_000311,000311.mp4,dataset/raw/accident/000311.mp4,accident,0.46,True,1280,720,10.0,50,5.0,Valid video stream.,TRAIN
accident_000312,000312.mp4,dataset/raw/accident/000312.mp4,accident,0.284,True,1280,720,10.0,50,5.0,Valid video stream.,TRAIN
accident_000313,000313.mp4,dataset/raw/accident/000313.mp4,accident,0.256,True,1280,720,10.0,50,5.0,Valid video stream.,TRAIN
accident_000314,000314.mp4,dataset/raw/accident/000314.mp4,accident,0.425,True,1280,720,10.0,50,5.0,Valid video stream.,TEST
accident_000315,000315.mp4,dataset/raw/accident/000315.mp4,accident,0.478,True,1280,720,10.0,50,5.0,Valid video stream.,TRAIN
accident_000316,000316.mp4,dataset/raw/accident/000316.mp4,accident,0.518,True,1280,720,10.0,50,5.0,Valid video stream.,TRAIN
accident_000317,000317.mp4,dataset/raw/accident/000317.mp4,accident,0.605,True,1280,720,10.0,50,5.0,Valid video stream.,VALIDATION
accident_000318,000318.mp4,dataset/raw/accident/000318.mp4,accident,0.552,True,1280,720,10.0,50,5.0,Valid video stream.,VALIDATION
accident_000319,000319.mp4,dataset/raw/accident/000319.mp4,accident,0.408,True,1280,720,10.0,50,5.0,Valid video stream.,TEST
accident_000320,000320.mp4,dataset/raw/accident/000320.mp4,accident,0.366,True,1280,720,10.0,50,5.0,Valid video stream.,TRAIN
accident_000321,000321.mp4,dataset/raw/accident/000321.mp4,accident,0.701,True,1280,720,10.0,50,5.0,Valid video stream.,TRAIN
accident_000322,000322.mp4,dataset/raw/accident/000322.mp4,accident,0.359,True,1280,720,10.0,50,5.0,Valid video stream.,TRAIN
accident_000323,000323.mp4,dataset/raw/accident/000323.mp4,accident,0.514,True,1280,720,10.0,50,5.0,Valid video stream.,VALIDATION
accident_000324,000324.mp4,dataset/raw/accident/000324.mp4,accident,0.329,True,1280,720,10.0,50,5.0,Valid video stream.,TEST
accident_000325,000325.mp4,dataset/raw/accident/000325.mp4,accident,0.483,True,1280,720,10.0,50,5.0,Valid video stream.,TRAIN
accident_000326,000326.mp4,dataset/raw/accident/000326.mp4,accident,0.323,True,1280,720,10.0,50,5.0,Valid video stream.,TRAIN
accident_000327,000327.mp4,dataset/raw/accident/000327.mp4,accident,0.533,True,1280,720,10.0,50,5.0,Valid video stream.,TEST
accident_000328,000328.mp4,dataset/raw/accident/000328.mp4,accident,0.586,True,1280,720,10.0,50,5.0,Valid video stream.,TEST
accident_000329,000329.mp4,dataset/raw/accident/000329.mp4,accident,0.498,True,1280,720,10.0,50,5.0,Valid video stream.,TRAIN
accident_000330,000330.mp4,dataset/raw/accident/000330.mp4,accident,0.47,True,1280,720,10.0,50,5.0,Valid video stream.,TRAIN
accident_000331,000331.mp4,dataset/raw/accident/000331.mp4,accident,0.377,True,1280,720,10.0,50,5.0,Valid video stream.,TEST
accident_000332,000332.mp4,dataset/raw/accident/000332.mp4,accident,0.293,True,1280,720,10.0,50,5.0,Valid video stream.,TRAIN
accident_000333,000333.mp4,dataset/raw/accident/000333.mp4,accident,0.534,True,1280,720,10.0,50,5.0,Valid video stream.,VALIDATION
accident_000334,000334.mp4,dataset/raw/accident/000334.mp4,accident,0.912,True,1280,720,10.0,50,5.0,Valid video stream.,TEST
accident_000335,000335.mp4,dataset/raw/accident/000335.mp4,accident,0.376,True,1280,720,10.0,50,5.0,Valid video stream.,TEST
accident_000336,000336.mp4,dataset/raw/accident/000336.mp4,accident,0.674,True,1280,720,10.0,50,5.0,Valid video stream.,TRAIN
accident_000337,000337.mp4,dataset/raw/accident/000337.mp4,accident,0.408,True,1280,720,10.0,50,5.0,Valid video stream.,TRAIN
accident_000338,000338.mp4,dataset/raw/accident/000338.mp4,accident,0.303,True,1280,720,10.0,50,5.0,Valid video stream.,VALIDATION
accident_000339,000339.mp4,dataset/raw/accident/000339.mp4,accident,0.383,True,1280,720,10.0,50,5.0,Valid video stream.,TEST
accident_000340,000340.mp4,dataset/raw/accident/000340.mp4,accident,0.769,True,1280,720,10.0,50,5.0,Valid video stream.,TRAIN
accident_000341,000341.mp4,dataset/raw/accident/000341.mp4,accident,0.291,True,1280,720,10.0,50,5.0,Valid video stream.,VALIDATION
accident_000342,000342.mp4,dataset/raw/accident/000342.mp4,accident,0.541,True,1280,720,10.0,50,5.0,Valid video stream.,TRAIN
accident_000343,000343.mp4,dataset/raw/accident/000343.mp4,accident,0.819,True,1280,720,10.0,50,5.0,Valid video stream.,TRAIN
accident_000344,000344.mp4,dataset/raw/accident/000344.mp4,accident,0.583,True,1280,720,10.0,50,5.0,Valid video stream.,TRAIN
accident_000345,000345.mp4,dataset/raw/accident/000345.mp4,accident,0.553,True,1280,720,10.0,50,5.0,Valid video stream.,TRAIN
accident_000346,000346.mp4,dataset/raw/accident/000346.mp4,accident,0.674,True,1280,720,10.0,50,5.0,Valid video stream.,TRAIN
accident_000347,000347.mp4,dataset/raw/accident/000347.mp4,accident,0.389,True,1280,720,10.0,50,5.0,Valid video stream.,TRAIN
accident_000348,000348.mp4,dataset/raw/accident/000348.mp4,accident,0.283,True,1280,720,10.0,50,5.0,Valid video stream.,TRAIN
accident_000349,000349.mp4,dataset/raw/accident/000349.mp4,accident,0.401,True,1280,720,10.0,50,5.0,Valid video stream.,TRAIN
accident_000350,000350.mp4,dataset/raw/accident/000350.mp4,accident,0.366,True,1280,720,10.0,50,5.0,Valid video stream.,TRAIN
accident_000351,000351.mp4,dataset/raw/accident/000351.mp4,accident,0.489,True,1280,720,10.0,50,5.0,Valid video stream.,TEST
accident_000352,000352.mp4,dataset/raw/accident/000352.mp4,accident,0.341,True,1280,720,10.0,50,5.0,Valid video stream.,TRAIN
accident_000353,000353.mp4,dataset/raw/accident/000353.mp4,accident,0.38,True,1280,720,10.0,50,5.0,Valid video stream.,TRAIN
accident_000354,000354.mp4,dataset/raw/accident/000354.mp4,accident,0.528,True,1280,720,10.0,50,5.0,Valid video stream.,TRAIN
accident_000355,000355.mp4,dataset/raw/accident/000355.mp4,accident,0.703,True,1280,720,10.0,50,5.0,Valid video stream.,TRAIN
accident_000356,000356.mp4,dataset/raw/accident/000356.mp4,accident,0.375,True,1280,720,10.0,50,5.0,Valid video stream.,TRAIN
accident_000357,000357.mp4,dataset/raw/accident/000357.mp4,accident,0.432,True,1280,720,10.0,50,5.0,Valid video stream.,TRAIN
accident_000358,000358.mp4,dataset/raw/accident/000358.mp4,accident,0.502,True,1280,720,10.0,50,5.0,Valid video stream.,TRAIN
accident_000359,000359.mp4,dataset/raw/accident/000359.mp4,accident,0.566,True,1280,720,10.0,50,5.0,Valid video stream.,TRAIN
accident_000360,000360.mp4,dataset/raw/accident/000360.mp4,accident,0.52,True,1280,720,10.0,50,5.0,Valid video stream.,TRAIN
accident_000361,000361.mp4,dataset/raw/accident/000361.mp4,accident,0.352,True,1280,720,10.0,50,5.0,Valid video stream.,TRAIN
accident_000362,000362.mp4,dataset/raw/accident/000362.mp4,accident,0.694,True,1280,720,10.0,50,5.0,Valid video stream.,TRAIN
accident_000363,000363.mp4,dataset/raw/accident/000363.mp4,accident,0.336,True,1280,720,10.0,50,5.0,Valid video stream.,VALIDATION
accident_000364,000364.mp4,dataset/raw/accident/000364.mp4,accident,0.582,True,1280,720,10.0,50,5.0,Valid video stream.,TRAIN
accident_000365,000365.mp4,dataset/raw/accident/000365.mp4,accident,0.354,True,1280,720,10.0,50,5.0,Valid video stream.,TRAIN
accident_000366,000366.mp4,dataset/raw/accident/000366.mp4,accident,0.465,True,1280,720,10.0,50,5.0,Valid video stream.,TEST
accident_000367,000367.mp4,dataset/raw/accident/000367.mp4,accident,0.47,True,1280,720,10.0,50,5.0,Valid video stream.,TRAIN
accident_000368,000368.mp4,dataset/raw/accident/000368.mp4,accident,1.244,True,1280,720,10.0,50,5.0,Valid video stream.,VALIDATION
accident_000369,000369.mp4,dataset/raw/accident/000369.mp4,accident,0.376,True,1280,720,10.0,50,5.0,Valid video stream.,TRAIN
accident_000370,000370.mp4,dataset/raw/accident/000370.mp4,accident,0.443,True,1280,720,10.0,50,5.0,Valid video stream.,TRAIN
accident_000371,000371.mp4,dataset/raw/accident/000371.mp4,accident,0.469,True,1280,720,10.0,50,5.0,Valid video stream.,TRAIN
accident_000372,000372.mp4,dataset/raw/accident/000372.mp4,accident,0.279,True,1280,720,10.0,50,5.0,Valid video stream.,TRAIN
accident_000373,000373.mp4,dataset/raw/accident/000373.mp4,accident,0.561,True,1280,720,10.0,50,5.0,Valid video stream.,TRAIN
accident_000374,000374.mp4,dataset/raw/accident/000374.mp4,accident,0.519,True,1280,720,10.0,50,5.0,Valid video stream.,TRAIN
accident_000375,000375.mp4,dataset/raw/accident/000375.mp4,accident,0.496,True,1280,720,10.0,50,5.0,Valid video stream.,TRAIN
accident_000376,000376.mp4,dataset/raw/accident/000376.mp4,accident,0.799,True,1280,720,10.0,50,5.0,Valid video stream.,VALIDATION
accident_000377,000377.mp4,dataset/raw/accident/000377.mp4,accident,1.789,True,1280,720,10.0,50,5.0,Valid video stream.,TRAIN
accident_000378,000378.mp4,dataset/raw/accident/000378.mp4,accident,0.559,True,1280,720,10.0,50,5.0,Valid video stream.,TRAIN
accident_000379,000379.mp4,dataset/raw/accident/000379.mp4,accident,0.753,True,1280,720,10.0,50,5.0,Valid video stream.,TRAIN
accident_000380,000380.mp4,dataset/raw/accident/000380.mp4,accident,0.399,True,1280,720,10.0,50,5.0,Valid video stream.,TRAIN
accident_000381,000381.mp4,dataset/raw/accident/000381.mp4,accident,0.528,True,1280,720,10.0,50,5.0,Valid video stream.,VALIDATION
accident_000382,000382.mp4,dataset/raw/accident/000382.mp4,accident,0.367,True,1280,720,10.0,50,5.0,Valid video stream.,TRAIN
accident_000383,000383.mp4,dataset/raw/accident/000383.mp4,accident,0.389,True,1280,720,10.0,50,5.0,Valid video stream.,TRAIN
accident_000384,000384.mp4,dataset/raw/accident/000384.mp4,accident,0.397,True,1280,720,10.0,50,5.0,Valid video stream.,TRAIN
accident_000385,000385.mp4,dataset/raw/accident/000385.mp4,accident,0.508,True,1280,720,10.0,50,5.0,Valid video stream.,TRAIN
accident_000386,000386.mp4,dataset/raw/accident/000386.mp4,accident,0.381,True,1280,720,10.0,50,5.0,Valid video stream.,TRAIN
accident_000387,000387.mp4,dataset/raw/accident/000387.mp4,accident,0.335,True,1280,720,10.0,50,5.0,Valid video stream.,TRAIN
accident_000388,000388.mp4,dataset/raw/accident/000388.mp4,accident,0.354,True,1280,720,10.0,50,5.0,Valid video stream.,TRAIN
accident_000389,000389.mp4,dataset/raw/accident/000389.mp4,accident,0.513,True,1280,720,10.0,50,5.0,Valid video stream.,VALIDATION
accident_000390,000390.mp4,dataset/raw/accident/000390.mp4,accident,0.362,True,1280,720,10.0,50,5.0,Valid video stream.,VALIDATION
accident_000391,000391.mp4,dataset/raw/accident/000391.mp4,accident,0.836,True,1280,720,10.0,50,5.0,Valid video stream.,TRAIN
accident_000392,000392.mp4,dataset/raw/accident/000392.mp4,accident,0.477,True,1280,720,10.0,50,5.0,Valid video stream.,TRAIN
accident_000393,000393.mp4,dataset/raw/accident/000393.mp4,accident,0.58,True,1280,720,10.0,50,5.0,Valid video stream.,VALIDATION
accident_000394,000394.mp4,dataset/raw/accident/000394.mp4,accident,0.821,True,1280,720,10.0,50,5.0,Valid video stream.,TEST
accident_000395,000395.mp4,dataset/raw/accident/000395.mp4,accident,0.693,True,1280,720,10.0,50,5.0,Valid video stream.,TRAIN
accident_000396,000396.mp4,dataset/raw/accident/000396.mp4,accident,0.469,True,1280,720,10.0,50,5.0,Valid video stream.,VALIDATION
accident_000397,000397.mp4,dataset/raw/accident/000397.mp4,accident,0.417,True,1280,720,10.0,50,5.0,Valid video stream.,TRAIN
accident_000398,000398.mp4,dataset/raw/accident/000398.mp4,accident,0.723,True,1280,720,10.0,50,5.0,Valid video stream.,TRAIN
accident_000399,000399.mp4,dataset/raw/accident/000399.mp4,accident,0.55,True,1280,720,10.0,50,5.0,Valid video stream.,TRAIN
accident_000400,000400.mp4,dataset/raw/accident/000400.mp4,accident,0.325,True,1280,720,10.0,50,5.0,Valid video stream.,TRAIN
accident_000401,000401.mp4,dataset/raw/accident/000401.mp4,accident,0.373,True,1280,720,10.0,50,5.0,Valid video stream.,TRAIN
accident_000402,000402.mp4,dataset/raw/accident/000402.mp4,accident,0.404,True,1280,720,10.0,50,5.0,Valid video stream.,TRAIN
accident_000403,000403.mp4,dataset/raw/accident/000403.mp4,accident,0.503,True,1280,720,10.0,50,5.0,Valid video stream.,TRAIN
accident_000404,000404.mp4,dataset/raw/accident/000404.mp4,accident,0.463,True,1280,720,10.0,50,5.0,Valid video stream.,TRAIN
accident_000405,000405.mp4,dataset/raw/accident/000405.mp4,accident,0.622,True,1280,720,10.0,50,5.0,Valid video stream.,TRAIN
accident_000406,000406.mp4,dataset/raw/accident/000406.mp4,accident,0.399,True,1280,720,10.0,50,5.0,Valid video stream.,TRAIN
accident_000407,000407.mp4,dataset/raw/accident/000407.mp4,accident,0.436,True,1280,720,10.0,50,5.0,Valid video stream.,TRAIN
accident_000408,000408.mp4,dataset/raw/accident/000408.mp4,accident,0.547,True,1280,720,10.0,50,5.0,Valid video stream.,TEST
accident_000409,000409.mp4,dataset/raw/accident/000409.mp4,accident,0.443,True,1280,720,10.0,50,5.0,Valid video stream.,VALIDATION
accident_000410,000410.mp4,dataset/raw/accident/000410.mp4,accident,0.639,True,1280,720,10.0,50,5.0,Valid video stream.,TRAIN
accident_000411,000411.mp4,dataset/raw/accident/000411.mp4,accident,0.419,True,1280,720,10.0,50,5.0,Valid video stream.,TRAIN
accident_000412,000412.mp4,dataset/raw/accident/000412.mp4,accident,0.358,True,1280,720,10.0,50,5.0,Valid video stream.,TEST
accident_000413,000413.mp4,dataset/raw/accident/000413.mp4,accident,0.221,True,640,360,10.0,50,5.0,Valid video stream.,TRAIN
accident_000414,000414.mp4,dataset/raw/accident/000414.mp4,accident,0.25,True,640,360,10.0,50,5.0,Valid video stream.,TRAIN
accident_000415,000415.mp4,dataset/raw/accident/000415.mp4,accident,0.308,True,640,360,10.0,50,5.0,Valid video stream.,TRAIN
accident_000416,000416.mp4,dataset/raw/accident/000416.mp4,accident,0.325,True,640,360,10.0,50,5.0,Valid video stream.,TRAIN
accident_000417,000417.mp4,dataset/raw/accident/000417.mp4,accident,0.241,True,640,360,10.0,50,5.0,Valid video stream.,VALIDATION
accident_000418,000418.mp4,dataset/raw/accident/000418.mp4,accident,0.215,True,640,360,10.0,50,5.0,Valid video stream.,TRAIN
accident_000419,000419.mp4,dataset/raw/accident/000419.mp4,accident,0.236,True,640,360,10.0,50,5.0,Valid video stream.,VALIDATION
accident_000420,000420.mp4,dataset/raw/accident/000420.mp4,accident,0.188,True,640,360,10.0,50,5.0,Valid video stream.,TRAIN
accident_000421,000421.mp4,dataset/raw/accident/000421.mp4,accident,0.266,True,640,360,10.0,50,5.0,Valid video stream.,TRAIN
accident_000422,000422.mp4,dataset/raw/accident/000422.mp4,accident,0.644,True,1280,720,10.0,50,5.0,Valid video stream.,TRAIN
accident_000423,000423.mp4,dataset/raw/accident/000423.mp4,accident,0.493,True,1280,720,10.0,50,5.0,Valid video stream.,TRAIN
accident_000424,000424.mp4,dataset/raw/accident/000424.mp4,accident,0.389,True,1280,720,10.0,50,5.0,Valid video stream.,TRAIN
accident_000425,000425.mp4,dataset/raw/accident/000425.mp4,accident,0.371,True,1280,720,10.0,50,5.0,Valid video stream.,TRAIN
accident_000426,000426.mp4,dataset/raw/accident/000426.mp4,accident,0.842,True,1280,720,10.0,50,5.0,Valid video stream.,TRAIN
accident_000427,000427.mp4,dataset/raw/accident/000427.mp4,accident,0.947,True,1280,720,10.0,50,5.0,Valid video stream.,TRAIN
accident_000428,000428.mp4,dataset/raw/accident/000428.mp4,accident,0.331,True,1280,720,10.0,50,5.0,Valid video stream.,TRAIN
accident_000429,000429.mp4,dataset/raw/accident/000429.mp4,accident,0.469,True,1280,720,10.0,50,5.0,Valid video stream.,TRAIN
accident_000430,000430.mp4,dataset/raw/accident/000430.mp4,accident,0.548,True,1280,720,10.0,50,5.0,Valid video stream.,TEST
accident_000431,000431.mp4,dataset/raw/accident/000431.mp4,accident,0.476,True,1280,720,10.0,50,5.0,Valid video stream.,VALIDATION
accident_000432,000432.mp4,dataset/raw/accident/000432.mp4,accident,0.512,True,1280,720,10.0,50,5.0,Valid video stream.,VALIDATION
accident_000433,000433.mp4,dataset/raw/accident/000433.mp4,accident,0.35,True,1280,720,10.0,50,5.0,Valid video stream.,TEST
accident_000434,000434.mp4,dataset/raw/accident/000434.mp4,accident,0.376,True,1280,720,10.0,50,5.0,Valid video stream.,TEST
accident_000435,000435.mp4,dataset/raw/accident/000435.mp4,accident,0.423,True,1280,720,10.0,50,5.0,Valid video stream.,TRAIN
accident_000436,000436.mp4,dataset/raw/accident/000436.mp4,accident,0.425,True,1280,720,10.0,50,5.0,Valid video stream.,TEST
accident_000437,000437.mp4,dataset/raw/accident/000437.mp4,accident,0.547,True,1280,720,10.0,50,5.0,Valid video stream.,VALIDATION
accident_000438,000438.mp4,dataset/raw/accident/000438.mp4,accident,0.414,True,1280,720,10.0,50,5.0,Valid video stream.,VALIDATION
accident_000439,000439.mp4,dataset/raw/accident/000439.mp4,accident,0.336,True,1280,720,10.0,50,5.0,Valid video stream.,VALIDATION
accident_000440,000440.mp4,dataset/raw/accident/000440.mp4,accident,0.438,True,1280,720,10.0,50,5.0,Valid video stream.,TRAIN
accident_000441,000441.mp4,dataset/raw/accident/000441.mp4,accident,0.372,True,1280,720,10.0,50,5.0,Valid video stream.,TEST
accident_000442,000442.mp4,dataset/raw/accident/000442.mp4,accident,0.397,True,1280,720,10.0,50,5.0,Valid video stream.,TRAIN
accident_000443,000443.mp4,dataset/raw/accident/000443.mp4,accident,0.81,True,1280,720,10.0,50,5.0,Valid video stream.,TRAIN
accident_000444,000444.mp4,dataset/raw/accident/000444.mp4,accident,0.562,True,1280,720,10.0,50,5.0,Valid video stream.,TRAIN
accident_000445,000445.mp4,dataset/raw/accident/000445.mp4,accident,0.345,True,1280,720,10.0,50,5.0,Valid video stream.,TRAIN
accident_000446,000446.mp4,dataset/raw/accident/000446.mp4,accident,0.511,True,1280,720,10.0,50,5.0,Valid video stream.,VALIDATION
accident_000447,000447.mp4,dataset/raw/accident/000447.mp4,accident,0.438,True,1280,720,10.0,50,5.0,Valid video stream.,TRAIN
accident_000448,000448.mp4,dataset/raw/accident/000448.mp4,accident,0.487,True,1280,720,10.0,50,5.0,Valid video stream.,TEST
accident_000449,000449.mp4,dataset/raw/accident/000449.mp4,accident,0.329,True,1280,720,10.0,50,5.0,Valid video stream.,TRAIN
accident_000450,000450.mp4,dataset/raw/accident/000450.mp4,accident,0.289,True,1280,720,10.0,50,5.0,Valid video stream.,TEST
accident_000451,000451.mp4,dataset/raw/accident/000451.mp4,accident,0.289,True,1280,720,10.0,50,5.0,Valid video stream.,TRAIN
accident_000452,000452.mp4,dataset/raw/accident/000452.mp4,accident,0.257,True,1280,720,10.0,50,5.0,Valid video stream.,TEST
accident_000453,000453.mp4,dataset/raw/accident/000453.mp4,accident,0.59,True,1280,720,10.0,50,5.0,Valid video stream.,TRAIN
accident_000454,000454.mp4,dataset/raw/accident/000454.mp4,accident,0.603,True,1280,720,10.0,50,5.0,Valid video stream.,TRAIN
accident_000455,000455.mp4,dataset/raw/accident/000455.mp4,accident,0.347,True,1280,720,10.0,50,5.0,Valid video stream.,TRAIN
accident_000456,000456.mp4,dataset/raw/accident/000456.mp4,accident,0.579,True,1280,720,10.0,50,5.0,Valid video stream.,VALIDATION
accident_000457,000457.mp4,dataset/raw/accident/000457.mp4,accident,0.597,True,1280,720,10.0,50,5.0,Valid video stream.,VALIDATION
accident_000458,000458.mp4,dataset/raw/accident/000458.mp4,accident,0.599,True,1280,720,10.0,50,5.0,Valid video stream.,TEST
accident_000459,000459.mp4,dataset/raw/accident/000459.mp4,accident,0.319,True,1280,720,10.0,50,5.0,Valid video stream.,TRAIN
accident_000460,000460.mp4,dataset/raw/accident/000460.mp4,accident,0.787,True,1280,720,10.0,50,5.0,Valid video stream.,TRAIN
accident_000461,000461.mp4,dataset/raw/accident/000461.mp4,accident,0.565,True,1280,720,10.0,50,5.0,Valid video stream.,TEST
accident_000462,000462.mp4,dataset/raw/accident/000462.mp4,accident,0.462,True,1280,720,10.0,50,5.0,Valid video stream.,TRAIN
accident_000463,000463.mp4,dataset/raw/accident/000463.mp4,accident,0.63,True,1280,720,10.0,50,5.0,Valid video stream.,TRAIN
accident_000464,000464.mp4,dataset/raw/accident/000464.mp4,accident,0.795,True,1280,720,10.0,50,5.0,Valid video stream.,TRAIN
accident_000465,000465.mp4,dataset/raw/accident/000465.mp4,accident,0.503,True,1280,720,10.0,50,5.0,Valid video stream.,TRAIN
accident_000466,000466.mp4,dataset/raw/accident/000466.mp4,accident,0.415,True,1280,720,10.0,50,5.0,Valid video stream.,TRAIN
accident_000467,000467.mp4,dataset/raw/accident/000467.mp4,accident,0.787,True,1280,720,10.0,50,5.0,Valid video stream.,TEST
accident_000468,000468.mp4,dataset/raw/accident/000468.mp4,accident,0.576,True,1280,720,10.0,50,5.0,Valid video stream.,TRAIN
accident_000469,000469.mp4,dataset/raw/accident/000469.mp4,accident,0.369,True,1280,720,10.0,50,5.0,Valid video stream.,TEST
accident_000470,000470.mp4,dataset/raw/accident/000470.mp4,accident,0.73,True,1280,720,10.0,50,5.0,Valid video stream.,TEST
accident_000471,000471.mp4,dataset/raw/accident/000471.mp4,accident,0.38,True,1280,720,10.0,50,5.0,Valid video stream.,TRAIN
accident_000472,000472.mp4,dataset/raw/accident/000472.mp4,accident,0.374,True,1280,720,10.0,50,5.0,Valid video stream.,TEST
accident_000473,000473.mp4,dataset/raw/accident/000473.mp4,accident,0.764,True,1280,720,10.0,50,5.0,Valid video stream.,TRAIN
accident_000474,000474.mp4,dataset/raw/accident/000474.mp4,accident,0.619,True,1280,720,10.0,50,5.0,Valid video stream.,TRAIN
accident_000475,000475.mp4,dataset/raw/accident/000475.mp4,accident,0.622,True,1280,720,10.0,50,5.0,Valid video stream.,TRAIN
accident_000476,000476.mp4,dataset/raw/accident/000476.mp4,accident,0.656,True,1280,720,10.0,50,5.0,Valid video stream.,TRAIN
accident_000477,000477.mp4,dataset/raw/accident/000477.mp4,accident,0.318,True,1280,720,10.0,50,5.0,Valid video stream.,TEST
accident_000478,000478.mp4,dataset/raw/accident/000478.mp4,accident,0.599,True,1280,720,10.0,50,5.0,Valid video stream.,TRAIN
accident_000479,000479.mp4,dataset/raw/accident/000479.mp4,accident,0.421,True,1280,720,10.0,50,5.0,Valid video stream.,TRAIN
accident_000480,000480.mp4,dataset/raw/accident/000480.mp4,accident,0.489,True,1280,720,10.0,50,5.0,Valid video stream.,TRAIN
accident_000481,000481.mp4,dataset/raw/accident/000481.mp4,accident,0.672,True,1280,720,10.0,50,5.0,Valid video stream.,TRAIN
accident_000482,000482.mp4,dataset/raw/accident/000482.mp4,accident,0.596,True,1280,720,10.0,50,5.0,Valid video stream.,VALIDATION
accident_000483,000483.mp4,dataset/raw/accident/000483.mp4,accident,0.727,True,1280,720,10.0,50,5.0,Valid video stream.,TRAIN
accident_000484,000484.mp4,dataset/raw/accident/000484.mp4,accident,0.793,True,1280,720,10.0,50,5.0,Valid video stream.,TRAIN
accident_000485,000485.mp4,dataset/raw/accident/000485.mp4,accident,0.394,True,1280,720,10.0,50,5.0,Valid video stream.,VALIDATION
accident_000486,000486.mp4,dataset/raw/accident/000486.mp4,accident,0.378,True,1280,720,10.0,50,5.0,Valid video stream.,TRAIN
accident_000487,000487.mp4,dataset/raw/accident/000487.mp4,accident,0.517,True,1280,720,10.0,50,5.0,Valid video stream.,TRAIN
accident_000488,000488.mp4,dataset/raw/accident/000488.mp4,accident,0.393,True,1280,720,10.0,50,5.0,Valid video stream.,VALIDATION
accident_000489,000489.mp4,dataset/raw/accident/000489.mp4,accident,0.308,True,1280,720,10.0,50,5.0,Valid video stream.,VALIDATION
accident_000490,000490.mp4,dataset/raw/accident/000490.mp4,accident,0.535,True,1280,720,10.0,50,5.0,Valid video stream.,TRAIN
accident_000491,000491.mp4,dataset/raw/accident/000491.mp4,accident,0.975,True,1280,720,10.0,50,5.0,Valid video stream.,TEST
accident_000492,000492.mp4,dataset/raw/accident/000492.mp4,accident,0.37,True,1280,720,10.0,50,5.0,Valid video stream.,TRAIN
accident_000493,000493.mp4,dataset/raw/accident/000493.mp4,accident,0.388,True,1280,720,10.0,50,5.0,Valid video stream.,TRAIN
accident_000494,000494.mp4,dataset/raw/accident/000494.mp4,accident,0.303,True,1280,720,10.0,50,5.0,Valid video stream.,TEST
accident_000495,000495.mp4,dataset/raw/accident/000495.mp4,accident,0.401,True,1280,720,10.0,50,5.0,Valid video stream.,TRAIN
accident_000496,000496.mp4,dataset/raw/accident/000496.mp4,accident,0.506,True,1280,720,10.0,50,5.0,Valid video stream.,TRAIN
accident_000497,000497.mp4,dataset/raw/accident/000497.mp4,accident,0.265,True,1280,720,10.0,50,5.0,Valid video stream.,TRAIN
accident_000498,000498.mp4,dataset/raw/accident/000498.mp4,accident,0.311,True,1280,720,10.0,50,5.0,Valid video stream.,VALIDATION
accident_000499,000499.mp4,dataset/raw/accident/000499.mp4,accident,0.568,True,1280,720,10.0,50,5.0,Valid video stream.,TRAIN
accident_000500,000500.mp4,dataset/raw/accident/000500.mp4,accident,0.402,True,1280,720,10.0,50,5.0,Valid video stream.,TRAIN
accident_000501,000501.mp4,dataset/raw/accident/000501.mp4,accident,0.742,True,1280,720,10.0,50,5.0,Valid video stream.,VALIDATION
accident_000502,000502.mp4,dataset/raw/accident/000502.mp4,accident,0.397,True,1280,720,10.0,50,5.0,Valid video stream.,TEST
accident_000503,000503.mp4,dataset/raw/accident/000503.mp4,accident,0.545,True,1280,720,10.0,50,5.0,Valid video stream.,TRAIN
accident_000504,000504.mp4,dataset/raw/accident/000504.mp4,accident,0.544,True,1280,720,10.0,50,5.0,Valid video stream.,TRAIN
accident_000505,000505.mp4,dataset/raw/accident/000505.mp4,accident,0.372,True,1280,720,10.0,50,5.0,Valid video stream.,VALIDATION
accident_000506,000506.mp4,dataset/raw/accident/000506.mp4,accident,0.441,True,1280,720,10.0,50,5.0,Valid video stream.,TEST
accident_000507,000507.mp4,dataset/raw/accident/000507.mp4,accident,0.261,True,1280,720,10.0,50,5.0,Valid video stream.,TRAIN
accident_000508,000508.mp4,dataset/raw/accident/000508.mp4,accident,0.439,True,1280,720,10.0,50,5.0,Valid video stream.,TEST
accident_000509,000509.mp4,dataset/raw/accident/000509.mp4,accident,0.356,True,1280,720,10.0,50,5.0,Valid video stream.,VALIDATION
accident_000510,000510.mp4,dataset/raw/accident/000510.mp4,accident,0.407,True,1280,720,10.0,50,5.0,Valid video stream.,VALIDATION
accident_000511,000511.mp4,dataset/raw/accident/000511.mp4,accident,0.398,True,1280,720,10.0,50,5.0,Valid video stream.,TRAIN
accident_000512,000512.mp4,dataset/raw/accident/000512.mp4,accident,0.419,True,1280,720,10.0,50,5.0,Valid video stream.,VALIDATION
accident_000513,000513.mp4,dataset/raw/accident/000513.mp4,accident,0.386,True,1280,720,10.0,50,5.0,Valid video stream.,TRAIN
accident_000514,000514.mp4,dataset/raw/accident/000514.mp4,accident,0.467,True,1280,720,10.0,50,5.0,Valid video stream.,TRAIN
accident_000515,000515.mp4,dataset/raw/accident/000515.mp4,accident,0.463,True,1280,720,10.0,50,5.0,Valid video stream.,TEST
accident_000516,000516.mp4,dataset/raw/accident/000516.mp4,accident,0.779,True,1280,720,10.0,50,5.0,Valid video stream.,TRAIN
accident_000517,000517.mp4,dataset/raw/accident/000517.mp4,accident,0.462,True,1280,720,10.0,50,5.0,Valid video stream.,TRAIN
accident_000518,000518.mp4,dataset/raw/accident/000518.mp4,accident,0.475,True,1280,720,10.0,50,5.0,Valid video stream.,TRAIN
accident_000519,000519.mp4,dataset/raw/accident/000519.mp4,accident,0.697,True,1280,720,10.0,50,5.0,Valid video stream.,TRAIN
accident_000520,000520.mp4,dataset/raw/accident/000520.mp4,accident,0.327,True,1280,720,10.0,50,5.0,Valid video stream.,TRAIN
accident_000521,000521.mp4,dataset/raw/accident/000521.mp4,accident,0.455,True,1280,720,10.0,50,5.0,Valid video stream.,TRAIN
accident_000522,000522.mp4,dataset/raw/accident/000522.mp4,accident,0.49,True,1280,720,10.0,50,5.0,Valid video stream.,TRAIN
accident_000523,000523.mp4,dataset/raw/accident/000523.mp4,accident,0.34,True,1280,720,10.0,50,5.0,Valid video stream.,TRAIN
accident_000524,000524.mp4,dataset/raw/accident/000524.mp4,accident,0.434,True,1280,720,10.0,50,5.0,Valid video stream.,TRAIN
accident_000525,000525.mp4,dataset/raw/accident/000525.mp4,accident,0.394,True,1280,720,10.0,50,5.0,Valid video stream.,TRAIN
accident_000526,000526.mp4,dataset/raw/accident/000526.mp4,accident,0.305,True,1280,720,10.0,50,5.0,Valid video stream.,TRAIN
accident_000527,000527.mp4,dataset/raw/accident/000527.mp4,accident,0.294,True,1280,720,10.0,50,5.0,Valid video stream.,TRAIN
accident_000528,000528.mp4,dataset/raw/accident/000528.mp4,accident,0.673,True,1280,720,10.0,50,5.0,Valid video stream.,TRAIN
accident_000529,000529.mp4,dataset/raw/accident/000529.mp4,accident,0.532,True,1280,720,10.0,50,5.0,Valid video stream.,TRAIN
accident_000530,000530.mp4,dataset/raw/accident/000530.mp4,accident,0.554,True,1280,720,10.0,50,5.0,Valid video stream.,TRAIN
accident_000531,000531.mp4,dataset/raw/accident/000531.mp4,accident,0.476,True,1280,720,10.0,50,5.0,Valid video stream.,TRAIN
accident_000532,000532.mp4,dataset/raw/accident/000532.mp4,accident,0.343,True,1280,720,10.0,50,5.0,Valid video stream.,TRAIN
accident_000533,000533.mp4,dataset/raw/accident/000533.mp4,accident,0.446,True,1280,720,10.0,50,5.0,Valid video stream.,TRAIN
accident_000534,000534.mp4,dataset/raw/accident/000534.mp4,accident,0.413,True,1280,720,10.0,50,5.0,Valid video stream.,TRAIN
accident_000535,000535.mp4,dataset/raw/accident/000535.mp4,accident,0.468,True,1280,720,10.0,50,5.0,Valid video stream.,VALIDATION
accident_000536,000536.mp4,dataset/raw/accident/000536.mp4,accident,0.433,True,1280,720,10.0,50,5.0,Valid video stream.,TRAIN
accident_000537,000537.mp4,dataset/raw/accident/000537.mp4,accident,0.476,True,1280,720,10.0,50,5.0,Valid video stream.,VALIDATION
accident_000538,000538.mp4,dataset/raw/accident/000538.mp4,accident,0.412,True,1280,720,10.0,50,5.0,Valid video stream.,TRAIN
accident_000539,000539.mp4,dataset/raw/accident/000539.mp4,accident,0.414,True,1280,720,10.0,50,5.0,Valid video stream.,TEST
accident_000540,000540.mp4,dataset/raw/accident/000540.mp4,accident,0.413,True,1280,720,10.0,50,5.0,Valid video stream.,TEST
accident_000541,000541.mp4,dataset/raw/accident/000541.mp4,accident,0.472,True,1280,720,10.0,50,5.0,Valid video stream.,VALIDATION
accident_000542,000542.mp4,dataset/raw/accident/000542.mp4,accident,0.504,True,1280,720,10.0,50,5.0,Valid video stream.,TEST
accident_000543,000543.mp4,dataset/raw/accident/000543.mp4,accident,0.849,True,1280,720,10.0,50,5.0,Valid video stream.,TEST
accident_000544,000544.mp4,dataset/raw/accident/000544.mp4,accident,0.5,True,1280,720,10.0,50,5.0,Valid video stream.,VALIDATION
accident_000545,000545.mp4,dataset/raw/accident/000545.mp4,accident,0.405,True,1280,720,10.0,50,5.0,Valid video stream.,TRAIN
accident_000546,000546.mp4,dataset/raw/accident/000546.mp4,accident,0.418,True,1280,720,10.0,50,5.0,Valid video stream.,TRAIN
accident_000547,000547.mp4,dataset/raw/accident/000547.mp4,accident,0.277,True,1280,720,10.0,50,5.0,Valid video stream.,TEST
accident_000548,000548.mp4,dataset/raw/accident/000548.mp4,accident,0.604,True,1280,720,10.0,50,5.0,Valid video stream.,TRAIN
accident_000549,000549.mp4,dataset/raw/accident/000549.mp4,accident,0.605,True,1280,720,10.0,50,5.0,Valid video stream.,TEST
accident_000550,000550.mp4,dataset/raw/accident/000550.mp4,accident,0.276,True,1280,720,10.0,50,5.0,Valid video stream.,TRAIN
accident_000551,000551.mp4,dataset/raw/accident/000551.mp4,accident,0.287,True,1280,720,10.0,50,5.0,Valid video stream.,TRAIN
accident_000552,000552.mp4,dataset/raw/accident/000552.mp4,accident,0.464,True,1280,720,10.0,50,5.0,Valid video stream.,TRAIN
accident_000553,000553.mp4,dataset/raw/accident/000553.mp4,accident,0.462,True,1280,720,10.0,50,5.0,Valid video stream.,TEST
accident_000554,000554.mp4,dataset/raw/accident/000554.mp4,accident,0.84,True,1280,720,10.0,50,5.0,Valid video stream.,TRAIN
accident_000555,000555.mp4,dataset/raw/accident/000555.mp4,accident,0.522,True,1280,720,10.0,50,5.0,Valid video stream.,TRAIN
accident_000556,000556.mp4,dataset/raw/accident/000556.mp4,accident,0.291,True,1280,720,10.0,50,5.0,Valid video stream.,TRAIN
accident_000557,000557.mp4,dataset/raw/accident/000557.mp4,accident,0.453,True,1280,720,10.0,50,5.0,Valid video stream.,TRAIN
accident_000558,000558.mp4,dataset/raw/accident/000558.mp4,accident,0.303,True,1280,720,10.0,50,5.0,Valid video stream.,VALIDATION
accident_000559,000559.mp4,dataset/raw/accident/000559.mp4,accident,0.493,True,1280,720,10.0,50,5.0,Valid video stream.,TRAIN
accident_000560,000560.mp4,dataset/raw/accident/000560.mp4,accident,0.326,True,1280,720,10.0,50,5.0,Valid video stream.,TRAIN
accident_000561,000561.mp4,dataset/raw/accident/000561.mp4,accident,0.741,True,1280,720,10.0,50,5.0,Valid video stream.,TRAIN
accident_000562,000562.mp4,dataset/raw/accident/000562.mp4,accident,0.838,True,1280,720,10.0,50,5.0,Valid video stream.,TRAIN
accident_000563,000563.mp4,dataset/raw/accident/000563.mp4,accident,0.579,True,1280,720,10.0,50,5.0,Valid video stream.,TRAIN
accident_000564,000564.mp4,dataset/raw/accident/000564.mp4,accident,0.449,True,1280,720,10.0,50,5.0,Valid video stream.,TEST
accident_000565,000565.mp4,dataset/raw/accident/000565.mp4,accident,0.717,True,1280,720,10.0,50,5.0,Valid video stream.,TRAIN
accident_000566,000566.mp4,dataset/raw/accident/000566.mp4,accident,0.501,True,1280,720,10.0,50,5.0,Valid video stream.,TRAIN
accident_000567,000567.mp4,dataset/raw/accident/000567.mp4,accident,0.415,True,1280,720,10.0,50,5.0,Valid video stream.,VALIDATION
accident_000568,000568.mp4,dataset/raw/accident/000568.mp4,accident,0.605,True,1280,720,10.0,50,5.0,Valid video stream.,TRAIN
accident_000569,000569.mp4,dataset/raw/accident/000569.mp4,accident,0.594,True,1280,720,10.0,50,5.0,Valid video stream.,TRAIN
accident_000570,000570.mp4,dataset/raw/accident/000570.mp4,accident,0.611,True,1280,720,10.0,50,5.0,Valid video stream.,TEST
accident_000571,000571.mp4,dataset/raw/accident/000571.mp4,accident,0.769,True,1280,720,10.0,50,5.0,Valid video stream.,VALIDATION
accident_000572,000572.mp4,dataset/raw/accident/000572.mp4,accident,0.84,True,1280,720,10.0,50,5.0,Valid video stream.,VALIDATION
accident_000573,000573.mp4,dataset/raw/accident/000573.mp4,accident,0.414,True,1280,720,10.0,50,5.0,Valid video stream.,TRAIN
accident_000574,000574.mp4,dataset/raw/accident/000574.mp4,accident,0.76,True,1280,720,10.0,50,5.0,Valid video stream.,TRAIN
accident_000575,000575.mp4,dataset/raw/accident/000575.mp4,accident,0.364,True,1280,720,10.0,50,5.0,Valid video stream.,TRAIN
accident_000576,000576.mp4,dataset/raw/accident/000576.mp4,accident,0.489,True,1280,720,10.0,50,5.0,Valid video stream.,TRAIN
accident_000577,000577.mp4,dataset/raw/accident/000577.mp4,accident,0.564,True,1280,720,10.0,50,5.0,Valid video stream.,TRAIN
accident_000578,000578.mp4,dataset/raw/accident/000578.mp4,accident,0.817,True,1280,720,10.0,50,5.0,Valid video stream.,VALIDATION
accident_000579,000579.mp4,dataset/raw/accident/000579.mp4,accident,0.611,True,1280,720,10.0,50,5.0,Valid video stream.,TRAIN
accident_000580,000580.mp4,dataset/raw/accident/000580.mp4,accident,0.517,True,1280,720,10.0,50,5.0,Valid video stream.,TRAIN
accident_000581,000581.mp4,dataset/raw/accident/000581.mp4,accident,0.691,True,1280,720,10.0,50,5.0,Valid video stream.,TRAIN
accident_000582,000582.mp4,dataset/raw/accident/000582.mp4,accident,0.309,True,1280,720,10.0,50,5.0,Valid video stream.,TRAIN
accident_000583,000583.mp4,dataset/raw/accident/000583.mp4,accident,0.618,True,1280,720,10.0,50,5.0,Valid video stream.,TRAIN
accident_000584,000584.mp4,dataset/raw/accident/000584.mp4,accident,0.297,True,1280,720,10.0,50,5.0,Valid video stream.,VALIDATION
accident_000585,000585.mp4,dataset/raw/accident/000585.mp4,accident,0.392,True,1280,720,10.0,50,5.0,Valid video stream.,VALIDATION
accident_000586,000586.mp4,dataset/raw/accident/000586.mp4,accident,0.612,True,1280,720,10.0,50,5.0,Valid video stream.,TRAIN
accident_000587,000587.mp4,dataset/raw/accident/000587.mp4,accident,0.564,True,1280,720,10.0,50,5.0,Valid video stream.,TRAIN
accident_000588,000588.mp4,dataset/raw/accident/000588.mp4,accident,0.418,True,1280,720,10.0,50,5.0,Valid video stream.,TRAIN
accident_000589,000589.mp4,dataset/raw/accident/000589.mp4,accident,0.427,True,1280,720,10.0,50,5.0,Valid video stream.,TRAIN
accident_000590,000590.mp4,dataset/raw/accident/000590.mp4,accident,0.613,True,1280,720,10.0,50,5.0,Valid video stream.,TRAIN
accident_000591,000591.mp4,dataset/raw/accident/000591.mp4,accident,0.674,True,1280,720,10.0,50,5.0,Valid video stream.,TRAIN
accident_000592,000592.mp4,dataset/raw/accident/000592.mp4,accident,0.428,True,1280,720,10.0,50,5.0,Valid video stream.,TRAIN
accident_000593,000593.mp4,dataset/raw/accident/000593.mp4,accident,0.411,True,1280,720,10.0,50,5.0,Valid video stream.,TEST
accident_000594,000594.mp4,dataset/raw/accident/000594.mp4,accident,0.538,True,1280,720,10.0,50,5.0,Valid video stream.,TRAIN
accident_000595,000595.mp4,dataset/raw/accident/000595.mp4,accident,0.515,True,1280,720,10.0,50,5.0,Valid video stream.,TRAIN
accident_000596,000596.mp4,dataset/raw/accident/000596.mp4,accident,0.497,True,1280,720,10.0,50,5.0,Valid video stream.,TRAIN
accident_000597,000597.mp4,dataset/raw/accident/000597.mp4,accident,0.555,True,1280,720,10.0,50,5.0,Valid video stream.,TRAIN
accident_000598,000598.mp4,dataset/raw/accident/000598.mp4,accident,0.571,True,1280,720,10.0,50,5.0,Valid video stream.,TRAIN
accident_000599,000599.mp4,dataset/raw/accident/000599.mp4,accident,0.626,True,1280,720,10.0,50,5.0,Valid video stream.,TRAIN
accident_000600,000600.mp4,dataset/raw/accident/000600.mp4,accident,0.44,True,1280,720,10.0,50,5.0,Valid video stream.,TRAIN
accident_000601,000601.mp4,dataset/raw/accident/000601.mp4,accident,0.385,True,1280,720,10.0,50,5.0,Valid video stream.,TEST
accident_000602,000602.mp4,dataset/raw/accident/000602.mp4,accident,0.454,True,1280,720,10.0,50,5.0,Valid video stream.,TEST
accident_000603,000603.mp4,dataset/raw/accident/000603.mp4,accident,0.516,True,1280,720,10.0,50,5.0,Valid video stream.,TRAIN
accident_000604,000604.mp4,dataset/raw/accident/000604.mp4,accident,0.326,True,1280,720,10.0,50,5.0,Valid video stream.,TRAIN
accident_000605,000605.mp4,dataset/raw/accident/000605.mp4,accident,0.344,True,1280,720,10.0,50,5.0,Valid video stream.,TRAIN
accident_000606,000606.mp4,dataset/raw/accident/000606.mp4,accident,0.372,True,1280,720,10.0,50,5.0,Valid video stream.,TRAIN
accident_000607,000607.mp4,dataset/raw/accident/000607.mp4,accident,0.852,True,1280,720,10.0,50,5.0,Valid video stream.,TRAIN
accident_000608,000608.mp4,dataset/raw/accident/000608.mp4,accident,0.347,True,1280,720,10.0,50,5.0,Valid video stream.,VALIDATION
accident_000609,000609.mp4,dataset/raw/accident/000609.mp4,accident,0.777,True,1280,720,10.0,50,5.0,Valid video stream.,TRAIN
accident_000610,000610.mp4,dataset/raw/accident/000610.mp4,accident,0.332,True,1280,720,10.0,50,5.0,Valid video stream.,TRAIN
accident_000611,000611.mp4,dataset/raw/accident/000611.mp4,accident,0.527,True,1280,720,10.0,50,5.0,Valid video stream.,TRAIN
accident_000612,000612.mp4,dataset/raw/accident/000612.mp4,accident,0.343,True,1280,720,10.0,50,5.0,Valid video stream.,TEST
accident_000613,000613.mp4,dataset/raw/accident/000613.mp4,accident,0.346,True,1280,720,10.0,50,5.0,Valid video stream.,TRAIN
accident_000614,000614.mp4,dataset/raw/accident/000614.mp4,accident,0.899,True,1280,720,10.0,50,5.0,Valid video stream.,VALIDATION
accident_000615,000615.mp4,dataset/raw/accident/000615.mp4,accident,0.729,True,1280,720,10.0,50,5.0,Valid video stream.,VALIDATION
accident_000616,000616.mp4,dataset/raw/accident/000616.mp4,accident,0.352,True,1280,720,10.0,50,5.0,Valid video stream.,TRAIN
accident_000617,000617.mp4,dataset/raw/accident/000617.mp4,accident,0.455,True,1280,720,10.0,50,5.0,Valid video stream.,TRAIN
accident_000618,000618.mp4,dataset/raw/accident/000618.mp4,accident,0.953,True,1280,720,10.0,50,5.0,Valid video stream.,TRAIN
accident_000619,000619.mp4,dataset/raw/accident/000619.mp4,accident,0.424,True,1280,720,10.0,50,5.0,Valid video stream.,TRAIN
accident_000620,000620.mp4,dataset/raw/accident/000620.mp4,accident,0.429,True,1280,720,10.0,50,5.0,Valid video stream.,VALIDATION
accident_000621,000621.mp4,dataset/raw/accident/000621.mp4,accident,0.838,True,1280,720,10.0,50,5.0,Valid video stream.,TRAIN
accident_000622,000622.mp4,dataset/raw/accident/000622.mp4,accident,0.447,True,1280,720,10.0,50,5.0,Valid video stream.,TRAIN
accident_000623,000623.mp4,dataset/raw/accident/000623.mp4,accident,0.592,True,1280,720,10.0,50,5.0,Valid video stream.,TRAIN
accident_000624,000624.mp4,dataset/raw/accident/000624.mp4,accident,0.387,True,1280,720,10.0,50,5.0,Valid video stream.,TRAIN
accident_000625,000625.mp4,dataset/raw/accident/000625.mp4,accident,0.475,True,1280,720,10.0,50,5.0,Valid video stream.,TRAIN
accident_000626,000626.mp4,dataset/raw/accident/000626.mp4,accident,0.497,True,1280,720,10.0,50,5.0,Valid video stream.,VALIDATION
accident_000627,000627.mp4,dataset/raw/accident/000627.mp4,accident,0.424,True,1280,720,10.0,50,5.0,Valid video stream.,TRAIN
accident_000628,000628.mp4,dataset/raw/accident/000628.mp4,accident,0.419,True,1280,720,10.0,50,5.0,Valid video stream.,TRAIN
accident_000629,000629.mp4,dataset/raw/accident/000629.mp4,accident,0.357,True,1280,720,10.0,50,5.0,Valid video stream.,TRAIN
accident_000630,000630.mp4,dataset/raw/accident/000630.mp4,accident,0.424,True,1280,720,10.0,50,5.0,Valid video stream.,TEST
accident_000631,000631.mp4,dataset/raw/accident/000631.mp4,accident,0.404,True,1280,720,10.0,50,5.0,Valid video stream.,TRAIN
accident_000632,000632.mp4,dataset/raw/accident/000632.mp4,accident,0.526,True,1280,720,10.0,50,5.0,Valid video stream.,VALIDATION
accident_000633,000633.mp4,dataset/raw/accident/000633.mp4,accident,0.636,True,1280,720,10.0,50,5.0,Valid video stream.,TRAIN
accident_000634,000634.mp4,dataset/raw/accident/000634.mp4,accident,0.527,True,1280,720,10.0,50,5.0,Valid video stream.,TRAIN
accident_000635,000635.mp4,dataset/raw/accident/000635.mp4,accident,0.657,True,1280,720,10.0,50,5.0,Valid video stream.,TRAIN
accident_000636,000636.mp4,dataset/raw/accident/000636.mp4,accident,0.403,True,1280,720,10.0,50,5.0,Valid video stream.,TRAIN
accident_000637,000637.mp4,dataset/raw/accident/000637.mp4,accident,0.302,True,1280,720,10.0,50,5.0,Valid video stream.,TRAIN
accident_000638,000638.mp4,dataset/raw/accident/000638.mp4,accident,0.671,True,1280,720,10.0,50,5.0,Valid video stream.,TRAIN
accident_000639,000639.mp4,dataset/raw/accident/000639.mp4,accident,0.618,True,1280,720,10.0,50,5.0,Valid video stream.,TEST
accident_000640,000640.mp4,dataset/raw/accident/000640.mp4,accident,0.596,True,1280,720,10.0,50,5.0,Valid video stream.,TRAIN
accident_000641,000641.mp4,dataset/raw/accident/000641.mp4,accident,0.837,True,1280,720,10.0,50,5.0,Valid video stream.,TRAIN
accident_000642,000642.mp4,dataset/raw/accident/000642.mp4,accident,0.434,True,1280,720,10.0,50,5.0,Valid video stream.,TRAIN
accident_000643,000643.mp4,dataset/raw/accident/000643.mp4,accident,0.524,True,1280,720,10.0,50,5.0,Valid video stream.,VALIDATION
accident_000644,000644.mp4,dataset/raw/accident/000644.mp4,accident,0.607,True,1280,720,10.0,50,5.0,Valid video stream.,VALIDATION
accident_000645,000645.mp4,dataset/raw/accident/000645.mp4,accident,0.36,True,1280,720,10.0,50,5.0,Valid video stream.,TEST
accident_000646,000646.mp4,dataset/raw/accident/000646.mp4,accident,0.434,True,1280,720,10.0,50,5.0,Valid video stream.,TRAIN
accident_000647,000647.mp4,dataset/raw/accident/000647.mp4,accident,0.276,True,1280,720,10.0,50,5.0,Valid video stream.,TEST
accident_000648,000648.mp4,dataset/raw/accident/000648.mp4,accident,0.374,True,1280,720,10.0,50,5.0,Valid video stream.,VALIDATION
accident_000649,000649.mp4,dataset/raw/accident/000649.mp4,accident,0.339,True,1280,720,10.0,50,5.0,Valid video stream.,TRAIN
accident_000650,000650.mp4,dataset/raw/accident/000650.mp4,accident,0.416,True,1280,720,10.0,50,5.0,Valid video stream.,TRAIN
accident_000651,000651.mp4,dataset/raw/accident/000651.mp4,accident,0.473,True,1280,720,10.0,50,5.0,Valid video stream.,TRAIN
accident_000652,000652.mp4,dataset/raw/accident/000652.mp4,accident,0.342,True,1280,720,10.0,50,5.0,Valid video stream.,TRAIN
accident_000653,000653.mp4,dataset/raw/accident/000653.mp4,accident,0.415,True,1280,720,10.0,50,5.0,Valid video stream.,TRAIN
accident_000654,000654.mp4,dataset/raw/accident/000654.mp4,accident,0.271,True,1280,720,10.0,50,5.0,Valid video stream.,TRAIN
accident_000655,000655.mp4,dataset/raw/accident/000655.mp4,accident,0.442,True,1280,720,10.0,50,5.0,Valid video stream.,TRAIN
accident_000656,000656.mp4,dataset/raw/accident/000656.mp4,accident,0.534,True,1280,720,10.0,50,5.0,Valid video stream.,TRAIN
accident_000657,000657.mp4,dataset/raw/accident/000657.mp4,accident,0.276,True,1280,720,10.0,50,5.0,Valid video stream.,TRAIN
accident_000658,000658.mp4,dataset/raw/accident/000658.mp4,accident,0.273,True,1280,720,10.0,50,5.0,Valid video stream.,TRAIN
accident_000659,000659.mp4,dataset/raw/accident/000659.mp4,accident,0.427,True,1280,720,10.0,50,5.0,Valid video stream.,TRAIN
accident_000660,000660.mp4,dataset/raw/accident/000660.mp4,accident,0.654,True,1280,720,10.0,50,5.0,Valid video stream.,TRAIN
accident_000661,000661.mp4,dataset/raw/accident/000661.mp4,accident,0.428,True,1280,720,10.0,50,5.0,Valid video stream.,TRAIN
accident_000662,000662.mp4,dataset/raw/accident/000662.mp4,accident,0.403,True,1280,720,10.0,50,5.0,Valid video stream.,TRAIN
accident_000663,000663.mp4,dataset/raw/accident/000663.mp4,accident,0.292,True,1280,720,10.0,50,5.0,Valid video stream.,TRAIN
accident_000664,000664.mp4,dataset/raw/accident/000664.mp4,accident,0.693,True,1280,720,10.0,50,5.0,Valid video stream.,TEST
accident_000665,000665.mp4,dataset/raw/accident/000665.mp4,accident,0.395,True,1280,720,10.0,50,5.0,Valid video stream.,TEST
accident_000666,000666.mp4,dataset/raw/accident/000666.mp4,accident,0.494,True,1280,720,10.0,50,5.0,Valid video stream.,TRAIN
accident_000667,000667.mp4,dataset/raw/accident/000667.mp4,accident,0.425,True,1280,720,10.0,50,5.0,Valid video stream.,TRAIN
accident_000668,000668.mp4,dataset/raw/accident/000668.mp4,accident,0.363,True,1280,720,10.0,50,5.0,Valid video stream.,TRAIN
accident_000669,000669.mp4,dataset/raw/accident/000669.mp4,accident,0.384,True,1280,720,10.0,50,5.0,Valid video stream.,TRAIN
accident_000670,000670.mp4,dataset/raw/accident/000670.mp4,accident,0.333,True,1280,720,10.0,50,5.0,Valid video stream.,TRAIN
accident_000671,000671.mp4,dataset/raw/accident/000671.mp4,accident,0.337,True,1280,720,10.0,50,5.0,Valid video stream.,TRAIN
accident_000672,000672.mp4,dataset/raw/accident/000672.mp4,accident,0.284,True,1280,720,10.0,50,5.0,Valid video stream.,TRAIN
accident_000673,000673.mp4,dataset/raw/accident/000673.mp4,accident,0.581,True,1280,720,10.0,50,5.0,Valid video stream.,VALIDATION
accident_000674,000674.mp4,dataset/raw/accident/000674.mp4,accident,0.506,True,1280,720,10.0,50,5.0,Valid video stream.,TRAIN
accident_000675,000675.mp4,dataset/raw/accident/000675.mp4,accident,0.275,True,1280,720,10.0,50,5.0,Valid video stream.,TRAIN
accident_000676,000676.mp4,dataset/raw/accident/000676.mp4,accident,0.444,True,1280,720,10.0,50,5.0,Valid video stream.,TRAIN
accident_000677,000677.mp4,dataset/raw/accident/000677.mp4,accident,0.268,True,1280,720,10.0,50,5.0,Valid video stream.,VALIDATION
accident_000678,000678.mp4,dataset/raw/accident/000678.mp4,accident,1.14,True,1280,720,10.0,50,5.0,Valid video stream.,TRAIN
accident_000679,000679.mp4,dataset/raw/accident/000679.mp4,accident,1.344,True,1280,720,10.0,50,5.0,Valid video stream.,VALIDATION
accident_000680,000680.mp4,dataset/raw/accident/000680.mp4,accident,0.476,True,1280,720,10.0,50,5.0,Valid video stream.,TRAIN
accident_000681,000681.mp4,dataset/raw/accident/000681.mp4,accident,0.439,True,1280,720,10.0,50,5.0,Valid video stream.,VALIDATION
accident_000682,000682.mp4,dataset/raw/accident/000682.mp4,accident,0.379,True,1280,720,10.0,50,5.0,Valid video stream.,TRAIN
accident_000683,000683.mp4,dataset/raw/accident/000683.mp4,accident,0.708,True,1280,720,10.0,50,5.0,Valid video stream.,TRAIN
accident_000684,000684.mp4,dataset/raw/accident/000684.mp4,accident,0.299,True,1280,720,10.0,50,5.0,Valid video stream.,VALIDATION
accident_000685,000685.mp4,dataset/raw/accident/000685.mp4,accident,0.505,True,1280,720,10.0,50,5.0,Valid video stream.,TRAIN
accident_000686,000686.mp4,dataset/raw/accident/000686.mp4,accident,0.518,True,1280,720,10.0,50,5.0,Valid video stream.,TRAIN
accident_000687,000687.mp4,dataset/raw/accident/000687.mp4,accident,0.277,True,1280,720,10.0,50,5.0,Valid video stream.,TRAIN
accident_000688,000688.mp4,dataset/raw/accident/000688.mp4,accident,0.46,True,1280,720,10.0,50,5.0,Valid video stream.,TRAIN
accident_000689,000689.mp4,dataset/raw/accident/000689.mp4,accident,0.269,True,1280,720,10.0,50,5.0,Valid video stream.,TRAIN
accident_000690,000690.mp4,dataset/raw/accident/000690.mp4,accident,0.426,True,1280,720,10.0,50,5.0,Valid video stream.,TEST
accident_000691,000691.mp4,dataset/raw/accident/000691.mp4,accident,0.488,True,1280,720,10.0,50,5.0,Valid video stream.,TRAIN
accident_000692,000692.mp4,dataset/raw/accident/000692.mp4,accident,0.556,True,1280,720,10.0,50,5.0,Valid video stream.,TRAIN
accident_000693,000693.mp4,dataset/raw/accident/000693.mp4,accident,0.331,True,1280,720,10.0,50,5.0,Valid video stream.,TEST
accident_000694,000694.mp4,dataset/raw/accident/000694.mp4,accident,0.453,True,1280,720,10.0,50,5.0,Valid video stream.,TRAIN
accident_000695,000695.mp4,dataset/raw/accident/000695.mp4,accident,0.504,True,1280,720,10.0,50,5.0,Valid video stream.,VALIDATION
accident_000696,000696.mp4,dataset/raw/accident/000696.mp4,accident,0.445,True,1280,720,10.0,50,5.0,Valid video stream.,TRAIN
accident_000697,000697.mp4,dataset/raw/accident/000697.mp4,accident,0.438,True,1280,720,10.0,50,5.0,Valid video stream.,TEST
accident_000698,000698.mp4,dataset/raw/accident/000698.mp4,accident,0.404,True,1280,720,10.0,50,5.0,Valid video stream.,TRAIN
accident_000699,000699.mp4,dataset/raw/accident/000699.mp4,accident,0.76,True,1280,720,10.0,50,5.0,Valid video stream.,TRAIN
accident_000700,000700.mp4,dataset/raw/accident/000700.mp4,accident,0.429,True,1280,720,10.0,50,5.0,Valid video stream.,TRAIN
accident_000701,000701.mp4,dataset/raw/accident/000701.mp4,accident,0.479,True,1280,720,10.0,50,5.0,Valid video stream.,TRAIN
accident_000702,000702.mp4,dataset/raw/accident/000702.mp4,accident,1.009,True,1280,720,10.0,50,5.0,Valid video stream.,TRAIN
accident_000703,000703.mp4,dataset/raw/accident/000703.mp4,accident,0.492,True,1280,720,10.0,50,5.0,Valid video stream.,VALIDATION
accident_000704,000704.mp4,dataset/raw/accident/000704.mp4,accident,0.356,True,1280,720,10.0,50,5.0,Valid video stream.,TRAIN
accident_000705,000705.mp4,dataset/raw/accident/000705.mp4,accident,0.527,True,1280,720,10.0,50,5.0,Valid video stream.,TEST
accident_000706,000706.mp4,dataset/raw/accident/000706.mp4,accident,0.591,True,1280,720,10.0,50,5.0,Valid video stream.,TRAIN
accident_000707,000707.mp4,dataset/raw/accident/000707.mp4,accident,0.562,True,1280,720,10.0,50,5.0,Valid video stream.,TRAIN
accident_000708,000708.mp4,dataset/raw/accident/000708.mp4,accident,0.385,True,1280,720,10.0,50,5.0,Valid video stream.,VALIDATION
accident_000709,000709.mp4,dataset/raw/accident/000709.mp4,accident,0.531,True,1280,720,10.0,50,5.0,Valid video stream.,TRAIN
accident_000710,000710.mp4,dataset/raw/accident/000710.mp4,accident,0.802,True,1280,720,10.0,50,5.0,Valid video stream.,TRAIN
accident_000711,000711.mp4,dataset/raw/accident/000711.mp4,accident,0.881,True,1280,720,10.0,50,5.0,Valid video stream.,TRAIN
accident_000712,000712.mp4,dataset/raw/accident/000712.mp4,accident,0.519,True,1280,720,10.0,50,5.0,Valid video stream.,TRAIN
accident_000713,000713.mp4,dataset/raw/accident/000713.mp4,accident,0.497,True,1280,720,10.0,50,5.0,Valid video stream.,TRAIN
accident_000714,000714.mp4,dataset/raw/accident/000714.mp4,accident,0.423,True,1280,720,10.0,50,5.0,Valid video stream.,TRAIN
accident_000715,000715.mp4,dataset/raw/accident/000715.mp4,accident,0.509,True,1280,720,10.0,50,5.0,Valid video stream.,VALIDATION
accident_000716,000716.mp4,dataset/raw/accident/000716.mp4,accident,0.515,True,1280,720,10.0,50,5.0,Valid video stream.,TRAIN
accident_000717,000717.mp4,dataset/raw/accident/000717.mp4,accident,0.584,True,1280,720,10.0,50,5.0,Valid video stream.,VALIDATION
accident_000718,000718.mp4,dataset/raw/accident/000718.mp4,accident,0.879,True,1280,720,10.0,50,5.0,Valid video stream.,TRAIN
accident_000719,000719.mp4,dataset/raw/accident/000719.mp4,accident,0.467,True,1280,720,10.0,50,5.0,Valid video stream.,TRAIN
accident_000720,000720.mp4,dataset/raw/accident/000720.mp4,accident,0.969,True,1280,720,10.0,50,5.0,Valid video stream.,VALIDATION
accident_000721,000721.mp4,dataset/raw/accident/000721.mp4,accident,0.845,True,1280,720,10.0,50,5.0,Valid video stream.,TRAIN
accident_000722,000722.mp4,dataset/raw/accident/000722.mp4,accident,1.1,True,1280,720,10.0,50,5.0,Valid video stream.,TRAIN
accident_000723,000723.mp4,dataset/raw/accident/000723.mp4,accident,0.496,True,1280,720,10.0,50,5.0,Valid video stream.,TRAIN
accident_000724,000724.mp4,dataset/raw/accident/000724.mp4,accident,0.845,True,1280,720,10.0,50,5.0,Valid video stream.,TRAIN
accident_000725,000725.mp4,dataset/raw/accident/000725.mp4,accident,0.506,True,1280,720,10.0,50,5.0,Valid video stream.,VALIDATION
accident_000726,000726.mp4,dataset/raw/accident/000726.mp4,accident,0.574,True,1280,720,10.0,50,5.0,Valid video stream.,VALIDATION
accident_000727,000727.mp4,dataset/raw/accident/000727.mp4,accident,0.674,True,1280,720,10.0,50,5.0,Valid video stream.,TRAIN
accident_000728,000728.mp4,dataset/raw/accident/000728.mp4,accident,0.612,True,1280,720,10.0,50,5.0,Valid video stream.,TEST
accident_000729,000729.mp4,dataset/raw/accident/000729.mp4,accident,0.53,True,1280,720,10.0,50,5.0,Valid video stream.,TRAIN
accident_000730,000730.mp4,dataset/raw/accident/000730.mp4,accident,0.433,True,1280,720,10.0,50,5.0,Valid video stream.,TRAIN
accident_000731,000731.mp4,dataset/raw/accident/000731.mp4,accident,0.375,True,1280,720,10.0,50,5.0,Valid video stream.,TRAIN
accident_000732,000732.mp4,dataset/raw/accident/000732.mp4,accident,0.562,True,1280,720,10.0,50,5.0,Valid video stream.,TRAIN
accident_000733,000733.mp4,dataset/raw/accident/000733.mp4,accident,0.635,True,1280,720,10.0,50,5.0,Valid video stream.,VALIDATION
accident_000734,000734.mp4,dataset/raw/accident/000734.mp4,accident,1.081,True,1280,720,10.0,50,5.0,Valid video stream.,TRAIN
accident_000735,000735.mp4,dataset/raw/accident/000735.mp4,accident,0.521,True,1280,720,10.0,50,5.0,Valid video stream.,TRAIN
accident_000736,000736.mp4,dataset/raw/accident/000736.mp4,accident,0.743,True,1280,720,10.0,50,5.0,Valid video stream.,TEST
accident_000737,000737.mp4,dataset/raw/accident/000737.mp4,accident,0.64,True,1280,720,10.0,50,5.0,Valid video stream.,TRAIN
accident_000738,000738.mp4,dataset/raw/accident/000738.mp4,accident,0.503,True,1280,720,10.0,50,5.0,Valid video stream.,TRAIN
accident_000739,000739.mp4,dataset/raw/accident/000739.mp4,accident,0.729,True,1280,720,10.0,50,5.0,Valid video stream.,TRAIN
accident_000740,000740.mp4,dataset/raw/accident/000740.mp4,accident,0.345,True,1280,720,10.0,50,5.0,Valid video stream.,TRAIN
accident_000741,000741.mp4,dataset/raw/accident/000741.mp4,accident,0.461,True,1280,720,10.0,50,5.0,Valid video stream.,TEST
accident_000742,000742.mp4,dataset/raw/accident/000742.mp4,accident,0.599,True,1280,720,10.0,50,5.0,Valid video stream.,TEST
accident_000743,000743.mp4,dataset/raw/accident/000743.mp4,accident,0.863,True,1280,720,10.0,50,5.0,Valid video stream.,TRAIN
accident_000744,000744.mp4,dataset/raw/accident/000744.mp4,accident,0.725,True,1280,720,10.0,50,5.0,Valid video stream.,TEST
accident_000745,000745.mp4,dataset/raw/accident/000745.mp4,accident,0.468,True,1280,720,10.0,50,5.0,Valid video stream.,TRAIN
accident_000746,000746.mp4,dataset/raw/accident/000746.mp4,accident,1.028,True,1280,720,10.0,50,5.0,Valid video stream.,TRAIN
accident_000747,000747.mp4,dataset/raw/accident/000747.mp4,accident,0.351,True,1280,720,10.0,50,5.0,Valid video stream.,VALIDATION
accident_000748,000748.mp4,dataset/raw/accident/000748.mp4,accident,0.718,True,1280,720,10.0,50,5.0,Valid video stream.,TEST
accident_000749,000749.mp4,dataset/raw/accident/000749.mp4,accident,0.405,True,1280,720,10.0,50,5.0,Valid video stream.,TRAIN
accident_000750,000750.mp4,dataset/raw/accident/000750.mp4,accident,0.939,True,1280,720,10.0,50,5.0,Valid video stream.,TRAIN
accident_000751,000751.mp4,dataset/raw/accident/000751.mp4,accident,0.876,True,1280,720,10.0,50,5.0,Valid video stream.,TRAIN
accident_000752,000752.mp4,dataset/raw/accident/000752.mp4,accident,0.847,True,1280,720,10.0,50,5.0,Valid video stream.,TRAIN
accident_000753,000753.mp4,dataset/raw/accident/000753.mp4,accident,1.009,True,1280,720,10.0,50,5.0,Valid video stream.,TRAIN
accident_000754,000754.mp4,dataset/raw/accident/000754.mp4,accident,0.619,True,1280,720,10.0,50,5.0,Valid video stream.,TRAIN
accident_000755,000755.mp4,dataset/raw/accident/000755.mp4,accident,0.901,True,1280,720,10.0,50,5.0,Valid video stream.,TRAIN
accident_000756,000756.mp4,dataset/raw/accident/000756.mp4,accident,0.78,True,1280,720,10.0,50,5.0,Valid video stream.,TRAIN
accident_000757,000757.mp4,dataset/raw/accident/000757.mp4,accident,0.397,True,1280,720,10.0,50,5.0,Valid video stream.,VALIDATION
accident_000758,000758.mp4,dataset/raw/accident/000758.mp4,accident,0.451,True,1280,720,10.0,50,5.0,Valid video stream.,TRAIN
accident_000759,000759.mp4,dataset/raw/accident/000759.mp4,accident,0.464,True,1280,720,10.0,50,5.0,Valid video stream.,TEST
accident_000760,000760.mp4,dataset/raw/accident/000760.mp4,accident,0.552,True,1280,720,10.0,50,5.0,Valid video stream.,TRAIN
accident_000761,000761.mp4,dataset/raw/accident/000761.mp4,accident,0.715,True,1280,720,10.0,50,5.0,Valid video stream.,TRAIN
accident_000762,000762.mp4,dataset/raw/accident/000762.mp4,accident,0.562,True,1280,720,10.0,50,5.0,Valid video stream.,TRAIN
accident_000763,000763.mp4,dataset/raw/accident/000763.mp4,accident,0.761,True,1280,720,10.0,50,5.0,Valid video stream.,TRAIN
accident_000764,000764.mp4,dataset/raw/accident/000764.mp4,accident,0.406,True,1280,720,10.0,50,5.0,Valid video stream.,TRAIN
accident_000765,000765.mp4,dataset/raw/accident/000765.mp4,accident,0.453,True,1280,720,10.0,50,5.0,Valid video stream.,TEST
accident_000766,000766.mp4,dataset/raw/accident/000766.mp4,accident,0.369,True,1280,720,10.0,50,5.0,Valid video stream.,TEST
accident_000767,000767.mp4,dataset/raw/accident/000767.mp4,accident,0.654,True,1280,720,10.0,50,5.0,Valid video stream.,TRAIN
accident_000768,000768.mp4,dataset/raw/accident/000768.mp4,accident,0.865,True,1280,720,10.0,50,5.0,Valid video stream.,TRAIN
accident_000769,000769.mp4,dataset/raw/accident/000769.mp4,accident,0.428,True,1280,720,10.0,50,5.0,Valid video stream.,TRAIN
accident_000770,000770.mp4,dataset/raw/accident/000770.mp4,accident,0.79,True,1280,720,10.0,50,5.0,Valid video stream.,TRAIN
accident_000771,000771.mp4,dataset/raw/accident/000771.mp4,accident,0.631,True,1280,720,10.0,50,5.0,Valid video stream.,TRAIN
accident_000772,000772.mp4,dataset/raw/accident/000772.mp4,accident,0.774,True,1280,720,10.0,50,5.0,Valid video stream.,TRAIN
accident_000773,000773.mp4,dataset/raw/accident/000773.mp4,accident,0.47,True,1280,720,10.0,50,5.0,Valid video stream.,TRAIN
accident_000774,000774.mp4,dataset/raw/accident/000774.mp4,accident,1.092,True,1280,720,10.0,50,5.0,Valid video stream.,TRAIN
accident_000775,000775.mp4,dataset/raw/accident/000775.mp4,accident,0.74,True,1280,720,10.0,50,5.0,Valid video stream.,TRAIN
accident_000776,000776.mp4,dataset/raw/accident/000776.mp4,accident,0.617,True,1280,720,10.0,50,5.0,Valid video stream.,TEST
accident_000777,000777.mp4,dataset/raw/accident/000777.mp4,accident,0.479,True,1280,720,10.0,50,5.0,Valid video stream.,VALIDATION
accident_000778,000778.mp4,dataset/raw/accident/000778.mp4,accident,0.565,True,1280,720,10.0,50,5.0,Valid video stream.,TEST
accident_000779,000779.mp4,dataset/raw/accident/000779.mp4,accident,0.693,True,1280,720,10.0,50,5.0,Valid video stream.,TEST
accident_000780,000780.mp4,dataset/raw/accident/000780.mp4,accident,1.129,True,1280,720,10.0,50,5.0,Valid video stream.,TRAIN
accident_000781,000781.mp4,dataset/raw/accident/000781.mp4,accident,0.411,True,1280,720,10.0,50,5.0,Valid video stream.,TRAIN
accident_000782,000782.mp4,dataset/raw/accident/000782.mp4,accident,0.614,True,1280,720,10.0,50,5.0,Valid video stream.,TEST
accident_000783,000783.mp4,dataset/raw/accident/000783.mp4,accident,0.831,True,1280,720,10.0,50,5.0,Valid video stream.,TRAIN
accident_000784,000784.mp4,dataset/raw/accident/000784.mp4,accident,0.442,True,1280,720,10.0,50,5.0,Valid video stream.,VALIDATION
accident_000785,000785.mp4,dataset/raw/accident/000785.mp4,accident,0.541,True,1280,720,10.0,50,5.0,Valid video stream.,TRAIN
accident_000786,000786.mp4,dataset/raw/accident/000786.mp4,accident,0.747,True,1280,720,10.0,50,5.0,Valid video stream.,TRAIN
accident_000787,000787.mp4,dataset/raw/accident/000787.mp4,accident,0.457,True,1280,720,10.0,50,5.0,Valid video stream.,TRAIN
accident_000788,000788.mp4,dataset/raw/accident/000788.mp4,accident,1.154,True,1280,720,10.0,50,5.0,Valid video stream.,TRAIN
accident_000789,000789.mp4,dataset/raw/accident/000789.mp4,accident,0.846,True,1280,720,10.0,50,5.0,Valid video stream.,TEST
accident_000790,000790.mp4,dataset/raw/accident/000790.mp4,accident,0.73,True,1280,720,10.0,50,5.0,Valid video stream.,TRAIN
accident_000791,000791.mp4,dataset/raw/accident/000791.mp4,accident,0.75,True,1280,720,10.0,50,5.0,Valid video stream.,TRAIN
accident_000792,000792.mp4,dataset/raw/accident/000792.mp4,accident,0.948,True,1280,720,10.0,50,5.0,Valid video stream.,TRAIN
accident_000793,000793.mp4,dataset/raw/accident/000793.mp4,accident,0.729,True,1280,720,10.0,50,5.0,Valid video stream.,TRAIN
accident_000794,000794.mp4,dataset/raw/accident/000794.mp4,accident,0.486,True,1280,720,10.0,50,5.0,Valid video stream.,TRAIN
accident_000795,000795.mp4,dataset/raw/accident/000795.mp4,accident,0.532,True,1280,720,10.0,50,5.0,Valid video stream.,TRAIN
accident_000796,000796.mp4,dataset/raw/accident/000796.mp4,accident,0.597,True,1280,720,10.0,50,5.0,Valid video stream.,TRAIN
accident_000797,000797.mp4,dataset/raw/accident/000797.mp4,accident,0.529,True,1280,720,10.0,50,5.0,Valid video stream.,TRAIN
accident_000798,000798.mp4,dataset/raw/accident/000798.mp4,accident,0.602,True,1280,720,10.0,50,5.0,Valid video stream.,TRAIN
accident_000799,000799.mp4,dataset/raw/accident/000799.mp4,accident,0.536,True,1280,720,10.0,50,5.0,Valid video stream.,TRAIN
accident_000800,000800.mp4,dataset/raw/accident/000800.mp4,accident,1.062,True,1280,720,10.0,50,5.0,Valid video stream.,VALIDATION
accident_000801,000801.mp4,dataset/raw/accident/000801.mp4,accident,0.832,True,1280,720,10.0,50,5.0,Valid video stream.,TRAIN
accident_000802,000802.mp4,dataset/raw/accident/000802.mp4,accident,0.37,True,1280,720,10.0,50,5.0,Valid video stream.,TRAIN
accident_000803,000803.mp4,dataset/raw/accident/000803.mp4,accident,0.698,True,1280,720,10.0,50,5.0,Valid video stream.,TRAIN
accident_000804,000804.mp4,dataset/raw/accident/000804.mp4,accident,0.704,True,1280,720,10.0,50,5.0,Valid video stream.,TRAIN
accident_000805,000805.mp4,dataset/raw/accident/000805.mp4,accident,0.52,True,1280,720,10.0,50,5.0,Valid video stream.,TRAIN
accident_000806,000806.mp4,dataset/raw/accident/000806.mp4,accident,0.294,True,1280,720,10.0,50,5.0,Valid video stream.,TRAIN
accident_000807,000807.mp4,dataset/raw/accident/000807.mp4,accident,0.755,True,1280,720,10.0,50,5.0,Valid video stream.,TRAIN
accident_000808,000808.mp4,dataset/raw/accident/000808.mp4,accident,0.469,True,1280,720,10.0,50,5.0,Valid video stream.,TRAIN
accident_000809,000809.mp4,dataset/raw/accident/000809.mp4,accident,0.719,True,1280,720,10.0,50,5.0,Valid video stream.,TRAIN
accident_000810,000810.mp4,dataset/raw/accident/000810.mp4,accident,0.742,True,1280,720,10.0,50,5.0,Valid video stream.,TRAIN
accident_000811,000811.mp4,dataset/raw/accident/000811.mp4,accident,0.969,True,1280,720,10.0,50,5.0,Valid video stream.,TEST
accident_000812,000812.mp4,dataset/raw/accident/000812.mp4,accident,0.593,True,1280,720,10.0,50,5.0,Valid video stream.,TRAIN
accident_000813,000813.mp4,dataset/raw/accident/000813.mp4,accident,0.645,True,1280,720,10.0,50,5.0,Valid video stream.,TRAIN
accident_000814,000814.mp4,dataset/raw/accident/000814.mp4,accident,0.677,True,1280,720,10.0,50,5.0,Valid video stream.,TRAIN
accident_000815,000815.mp4,dataset/raw/accident/000815.mp4,accident,1.075,True,1280,720,10.0,50,5.0,Valid video stream.,TRAIN
accident_000816,000816.mp4,dataset/raw/accident/000816.mp4,accident,0.606,True,1280,720,10.0,50,5.0,Valid video stream.,TRAIN
accident_000817,000817.mp4,dataset/raw/accident/000817.mp4,accident,0.539,True,1280,720,10.0,50,5.0,Valid video stream.,VALIDATION
accident_000818,000818.mp4,dataset/raw/accident/000818.mp4,accident,1.262,True,1280,720,10.0,50,5.0,Valid video stream.,TEST
accident_000819,000819.mp4,dataset/raw/accident/000819.mp4,accident,0.39,True,1280,720,10.0,50,5.0,Valid video stream.,VALIDATION
accident_000820,000820.mp4,dataset/raw/accident/000820.mp4,accident,1.114,True,1280,720,10.0,50,5.0,Valid video stream.,TRAIN
accident_000821,000821.mp4,dataset/raw/accident/000821.mp4,accident,0.342,True,1280,720,10.0,50,5.0,Valid video stream.,TRAIN
accident_000822,000822.mp4,dataset/raw/accident/000822.mp4,accident,0.993,True,1280,720,10.0,50,5.0,Valid video stream.,TEST
accident_000823,000823.mp4,dataset/raw/accident/000823.mp4,accident,0.587,True,1280,720,10.0,50,5.0,Valid video stream.,TRAIN
accident_000824,000824.mp4,dataset/raw/accident/000824.mp4,accident,1.039,True,1280,720,10.0,50,5.0,Valid video stream.,TRAIN
accident_000825,000825.mp4,dataset/raw/accident/000825.mp4,accident,0.775,True,1280,720,10.0,50,5.0,Valid video stream.,VALIDATION
accident_000826,000826.mp4,dataset/raw/accident/000826.mp4,accident,0.841,True,1280,720,10.0,50,5.0,Valid video stream.,TRAIN
accident_000827,000827.mp4,dataset/raw/accident/000827.mp4,accident,1.036,True,1280,720,10.0,50,5.0,Valid video stream.,VALIDATION
accident_000828,000828.mp4,dataset/raw/accident/000828.mp4,accident,0.634,True,1280,720,10.0,50,5.0,Valid video stream.,TRAIN
accident_000829,000829.mp4,dataset/raw/accident/000829.mp4,accident,1.221,True,1280,720,10.0,50,5.0,Valid video stream.,TRAIN
accident_000830,000830.mp4,dataset/raw/accident/000830.mp4,accident,0.518,True,1280,720,10.0,50,5.0,Valid video stream.,TRAIN
accident_000831,000831.mp4,dataset/raw/accident/000831.mp4,accident,0.939,True,1280,720,10.0,50,5.0,Valid video stream.,TRAIN
accident_000832,000832.mp4,dataset/raw/accident/000832.mp4,accident,0.486,True,1280,720,10.0,50,5.0,Valid video stream.,TRAIN
accident_000833,000833.mp4,dataset/raw/accident/000833.mp4,accident,0.675,True,1280,720,10.0,50,5.0,Valid video stream.,VALIDATION
accident_000834,000834.mp4,dataset/raw/accident/000834.mp4,accident,0.827,True,1280,720,10.0,50,5.0,Valid video stream.,VALIDATION
accident_000835,000835.mp4,dataset/raw/accident/000835.mp4,accident,0.715,True,1280,720,10.0,50,5.0,Valid video stream.,TRAIN
accident_000836,000836.mp4,dataset/raw/accident/000836.mp4,accident,0.603,True,1280,720,10.0,50,5.0,Valid video stream.,TRAIN
accident_000837,000837.mp4,dataset/raw/accident/000837.mp4,accident,0.578,True,1280,720,10.0,50,5.0,Valid video stream.,TRAIN
accident_000838,000838.mp4,dataset/raw/accident/000838.mp4,accident,0.755,True,1280,720,10.0,50,5.0,Valid video stream.,TRAIN
accident_000839,000839.mp4,dataset/raw/accident/000839.mp4,accident,0.672,True,1280,720,10.0,50,5.0,Valid video stream.,TRAIN
accident_000840,000840.mp4,dataset/raw/accident/000840.mp4,accident,0.539,True,1280,720,10.0,50,5.0,Valid video stream.,TRAIN
accident_000841,000841.mp4,dataset/raw/accident/000841.mp4,accident,0.397,True,1280,720,10.0,50,5.0,Valid video stream.,TRAIN
accident_000842,000842.mp4,dataset/raw/accident/000842.mp4,accident,0.376,True,1280,720,10.0,50,5.0,Valid video stream.,VALIDATION
accident_000843,000843.mp4,dataset/raw/accident/000843.mp4,accident,0.566,True,1280,720,10.0,50,5.0,Valid video stream.,TRAIN
accident_000844,000844.mp4,dataset/raw/accident/000844.mp4,accident,0.753,True,1280,720,10.0,50,5.0,Valid video stream.,VALIDATION
accident_000845,000845.mp4,dataset/raw/accident/000845.mp4,accident,0.458,True,1280,720,10.0,50,5.0,Valid video stream.,VALIDATION
accident_000846,000846.mp4,dataset/raw/accident/000846.mp4,accident,1.069,True,1280,720,10.0,50,5.0,Valid video stream.,TRAIN
accident_000847,000847.mp4,dataset/raw/accident/000847.mp4,accident,0.764,True,1280,720,10.0,50,5.0,Valid video stream.,TRAIN
accident_000848,000848.mp4,dataset/raw/accident/000848.mp4,accident,0.822,True,1280,720,10.0,50,5.0,Valid video stream.,TRAIN
accident_000849,000849.mp4,dataset/raw/accident/000849.mp4,accident,0.559,True,1280,720,10.0,50,5.0,Valid video stream.,TRAIN
accident_000850,000850.mp4,dataset/raw/accident/000850.mp4,accident,0.522,True,1280,720,10.0,50,5.0,Valid video stream.,TRAIN
accident_000851,000851.mp4,dataset/raw/accident/000851.mp4,accident,1.042,True,1280,720,10.0,50,5.0,Valid video stream.,TRAIN
accident_000852,000852.mp4,dataset/raw/accident/000852.mp4,accident,0.503,True,1280,720,10.0,50,5.0,Valid video stream.,TRAIN
accident_000853,000853.mp4,dataset/raw/accident/000853.mp4,accident,0.92,True,1280,720,10.0,50,5.0,Valid video stream.,TRAIN
accident_000854,000854.mp4,dataset/raw/accident/000854.mp4,accident,0.767,True,1280,720,10.0,50,5.0,Valid video stream.,TRAIN
accident_000855,000855.mp4,dataset/raw/accident/000855.mp4,accident,0.725,True,1280,720,10.0,50,5.0,Valid video stream.,TRAIN
accident_000856,000856.mp4,dataset/raw/accident/000856.mp4,accident,0.648,True,1280,720,10.0,50,5.0,Valid video stream.,TRAIN
accident_000857,000857.mp4,dataset/raw/accident/000857.mp4,accident,0.571,True,1280,720,10.0,50,5.0,Valid video stream.,TRAIN
accident_000858,000858.mp4,dataset/raw/accident/000858.mp4,accident,0.956,True,1280,720,10.0,50,5.0,Valid video stream.,TRAIN
accident_000859,000859.mp4,dataset/raw/accident/000859.mp4,accident,1.091,True,1280,720,10.0,50,5.0,Valid video stream.,VALIDATION
accident_000860,000860.mp4,dataset/raw/accident/000860.mp4,accident,1.162,True,1280,720,10.0,50,5.0,Valid video stream.,TEST
accident_000861,000861.mp4,dataset/raw/accident/000861.mp4,accident,0.534,True,1280,720,10.0,50,5.0,Valid video stream.,TRAIN
accident_000862,000862.mp4,dataset/raw/accident/000862.mp4,accident,0.728,True,1280,720,10.0,50,5.0,Valid video stream.,TRAIN
accident_000863,000863.mp4,dataset/raw/accident/000863.mp4,accident,1.321,True,1280,720,10.0,50,5.0,Valid video stream.,TRAIN
accident_000864,000864.mp4,dataset/raw/accident/000864.mp4,accident,0.573,True,1280,720,10.0,50,5.0,Valid video stream.,TRAIN
accident_000865,000865.mp4,dataset/raw/accident/000865.mp4,accident,0.383,True,1280,720,10.0,50,5.0,Valid video stream.,TEST
accident_000866,000866.mp4,dataset/raw/accident/000866.mp4,accident,0.395,True,1280,720,10.0,50,5.0,Valid video stream.,TEST
accident_000867,000867.mp4,dataset/raw/accident/000867.mp4,accident,0.331,True,1280,720,10.0,50,5.0,Valid video stream.,TEST
accident_000868,000868.mp4,dataset/raw/accident/000868.mp4,accident,0.884,True,1280,720,10.0,50,5.0,Valid video stream.,VALIDATION
accident_000869,000869.mp4,dataset/raw/accident/000869.mp4,accident,0.659,True,1280,720,10.0,50,5.0,Valid video stream.,TRAIN
accident_000870,000870.mp4,dataset/raw/accident/000870.mp4,accident,0.708,True,1280,720,10.0,50,5.0,Valid video stream.,TRAIN
accident_000871,000871.mp4,dataset/raw/accident/000871.mp4,accident,1.012,True,1280,720,10.0,50,5.0,Valid video stream.,TRAIN
accident_000872,000872.mp4,dataset/raw/accident/000872.mp4,accident,0.496,True,1280,720,10.0,50,5.0,Valid video stream.,TRAIN
accident_000873,000873.mp4,dataset/raw/accident/000873.mp4,accident,1.24,True,1280,720,10.0,50,5.0,Valid video stream.,TRAIN
accident_000874,000874.mp4,dataset/raw/accident/000874.mp4,accident,0.344,True,1280,720,10.0,50,5.0,Valid video stream.,TRAIN
accident_000875,000875.mp4,dataset/raw/accident/000875.mp4,accident,0.33,True,1280,720,10.0,50,5.0,Valid video stream.,TRAIN
accident_000876,000876.mp4,dataset/raw/accident/000876.mp4,accident,0.582,True,1280,720,10.0,50,5.0,Valid video stream.,VALIDATION
accident_000877,000877.mp4,dataset/raw/accident/000877.mp4,accident,0.665,True,1280,720,10.0,50,5.0,Valid video stream.,TRAIN
accident_000878,000878.mp4,dataset/raw/accident/000878.mp4,accident,0.687,True,1280,720,10.0,50,5.0,Valid video stream.,TEST
accident_000879,000879.mp4,dataset/raw/accident/000879.mp4,accident,0.655,True,1280,720,10.0,50,5.0,Valid video stream.,TRAIN
accident_000880,000880.mp4,dataset/raw/accident/000880.mp4,accident,0.275,True,1280,720,10.0,50,5.0,Valid video stream.,TRAIN
accident_000881,000881.mp4,dataset/raw/accident/000881.mp4,accident,1.058,True,1280,720,10.0,50,5.0,Valid video stream.,VALIDATION
accident_000882,000882.mp4,dataset/raw/accident/000882.mp4,accident,1.335,True,1280,720,10.0,50,5.0,Valid video stream.,TRAIN
accident_000883,000883.mp4,dataset/raw/accident/000883.mp4,accident,0.807,True,1280,720,10.0,50,5.0,Valid video stream.,VALIDATION
accident_000884,000884.mp4,dataset/raw/accident/000884.mp4,accident,1.115,True,1280,720,10.0,50,5.0,Valid video stream.,TRAIN
accident_000885,000885.mp4,dataset/raw/accident/000885.mp4,accident,0.834,True,1280,720,10.0,50,5.0,Valid video stream.,TRAIN
accident_000886,000886.mp4,dataset/raw/accident/000886.mp4,accident,0.546,True,1280,720,10.0,50,5.0,Valid video stream.,TRAIN
accident_000887,000887.mp4,dataset/raw/accident/000887.mp4,accident,0.668,True,1280,720,10.0,50,5.0,Valid video stream.,TRAIN
accident_000888,000888.mp4,dataset/raw/accident/000888.mp4,accident,0.912,True,1280,720,10.0,50,5.0,Valid video stream.,TRAIN
accident_000889,000889.mp4,dataset/raw/accident/000889.mp4,accident,0.918,True,1280,720,10.0,50,5.0,Valid video stream.,TRAIN
accident_000890,000890.mp4,dataset/raw/accident/000890.mp4,accident,0.794,True,1280,720,10.0,50,5.0,Valid video stream.,VALIDATION
accident_000891,000891.mp4,dataset/raw/accident/000891.mp4,accident,0.685,True,1280,720,10.0,50,5.0,Valid video stream.,TEST
accident_000892,000892.mp4,dataset/raw/accident/000892.mp4,accident,0.712,True,1280,720,10.0,50,5.0,Valid video stream.,TRAIN
accident_000893,000893.mp4,dataset/raw/accident/000893.mp4,accident,0.741,True,1280,720,10.0,50,5.0,Valid video stream.,TRAIN
accident_000894,000894.mp4,dataset/raw/accident/000894.mp4,accident,1.235,True,1280,720,10.0,50,5.0,Valid video stream.,TRAIN
accident_000895,000895.mp4,dataset/raw/accident/000895.mp4,accident,0.564,True,1280,720,10.0,50,5.0,Valid video stream.,TRAIN
accident_000896,000896.mp4,dataset/raw/accident/000896.mp4,accident,0.469,True,1280,720,10.0,50,5.0,Valid video stream.,TRAIN
accident_000897,000897.mp4,dataset/raw/accident/000897.mp4,accident,0.76,True,1280,720,10.0,50,5.0,Valid video stream.,TRAIN
accident_000898,000898.mp4,dataset/raw/accident/000898.mp4,accident,0.819,True,1280,720,10.0,50,5.0,Valid video stream.,TEST
accident_000899,000899.mp4,dataset/raw/accident/000899.mp4,accident,0.68,True,1280,720,10.0,50,5.0,Valid video stream.,TRAIN
accident_000900,000900.mp4,dataset/raw/accident/000900.mp4,accident,0.571,True,1280,720,10.0,50,5.0,Valid video stream.,TRAIN
accident_000901,000901.mp4,dataset/raw/accident/000901.mp4,accident,1.134,True,1280,720,10.0,50,5.0,Valid video stream.,TRAIN
accident_000902,000902.mp4,dataset/raw/accident/000902.mp4,accident,0.667,True,1280,720,10.0,50,5.0,Valid video stream.,TRAIN
accident_000903,000903.mp4,dataset/raw/accident/000903.mp4,accident,0.837,True,1280,720,10.0,50,5.0,Valid video stream.,TRAIN
accident_000904,000904.mp4,dataset/raw/accident/000904.mp4,accident,1.203,True,1280,720,10.0,50,5.0,Valid video stream.,TRAIN
accident_000905,000905.mp4,dataset/raw/accident/000905.mp4,accident,0.644,True,1280,720,10.0,50,5.0,Valid video stream.,VALIDATION
accident_000906,000906.mp4,dataset/raw/accident/000906.mp4,accident,0.608,True,1280,720,10.0,50,5.0,Valid video stream.,TRAIN
accident_000907,000907.mp4,dataset/raw/accident/000907.mp4,accident,0.842,True,1280,720,10.0,50,5.0,Valid video stream.,TRAIN
accident_000908,000908.mp4,dataset/raw/accident/000908.mp4,accident,0.579,True,1280,720,10.0,50,5.0,Valid video stream.,VALIDATION
accident_000909,000909.mp4,dataset/raw/accident/000909.mp4,accident,0.566,True,1280,720,10.0,50,5.0,Valid video stream.,TRAIN
accident_000910,000910.mp4,dataset/raw/accident/000910.mp4,accident,0.774,True,1280,720,10.0,50,5.0,Valid video stream.,TRAIN
accident_000911,000911.mp4,dataset/raw/accident/000911.mp4,accident,1.135,True,1280,720,10.0,50,5.0,Valid video stream.,TRAIN
accident_000912,000912.mp4,dataset/raw/accident/000912.mp4,accident,0.661,True,1280,720,10.0,50,5.0,Valid video stream.,TRAIN
accident_000913,000913.mp4,dataset/raw/accident/000913.mp4,accident,0.55,True,1280,720,10.0,50,5.0,Valid video stream.,TRAIN
accident_000914,000914.mp4,dataset/raw/accident/000914.mp4,accident,0.706,True,1280,720,10.0,50,5.0,Valid video stream.,TRAIN
accident_000915,000915.mp4,dataset/raw/accident/000915.mp4,accident,0.495,True,1280,720,10.0,50,5.0,Valid video stream.,TRAIN
accident_000916,000916.mp4,dataset/raw/accident/000916.mp4,accident,1.492,True,1280,720,10.0,50,5.0,Valid video stream.,TRAIN
accident_000917,000917.mp4,dataset/raw/accident/000917.mp4,accident,0.687,True,1280,720,10.0,50,5.0,Valid video stream.,TRAIN
accident_000918,000918.mp4,dataset/raw/accident/000918.mp4,accident,0.829,True,1280,720,10.0,50,5.0,Valid video stream.,TRAIN
accident_000919,000919.mp4,dataset/raw/accident/000919.mp4,accident,0.784,True,1280,720,10.0,50,5.0,Valid video stream.,VALIDATION
accident_000920,000920.mp4,dataset/raw/accident/000920.mp4,accident,0.58,True,1280,720,10.0,50,5.0,Valid video stream.,TEST
accident_000921,000921.mp4,dataset/raw/accident/000921.mp4,accident,0.979,True,1280,720,10.0,50,5.0,Valid video stream.,TRAIN
accident_000922,000922.mp4,dataset/raw/accident/000922.mp4,accident,0.556,True,1280,720,10.0,50,5.0,Valid video stream.,TRAIN
accident_000923,000923.mp4,dataset/raw/accident/000923.mp4,accident,0.997,True,1280,720,10.0,50,5.0,Valid video stream.,TRAIN
accident_000924,000924.mp4,dataset/raw/accident/000924.mp4,accident,0.793,True,1280,720,10.0,50,5.0,Valid video stream.,TRAIN
accident_000925,000925.mp4,dataset/raw/accident/000925.mp4,accident,0.627,True,1280,720,10.0,50,5.0,Valid video stream.,TEST
accident_000926,000926.mp4,dataset/raw/accident/000926.mp4,accident,0.946,True,1280,720,10.0,50,5.0,Valid video stream.,TRAIN
accident_000927,000927.mp4,dataset/raw/accident/000927.mp4,accident,0.815,True,1280,720,10.0,50,5.0,Valid video stream.,TRAIN
accident_000928,000928.mp4,dataset/raw/accident/000928.mp4,accident,0.686,True,1280,720,10.0,50,5.0,Valid video stream.,TRAIN
accident_000929,000929.mp4,dataset/raw/accident/000929.mp4,accident,0.5,True,1280,720,10.0,50,5.0,Valid video stream.,TEST
accident_000930,000930.mp4,dataset/raw/accident/000930.mp4,accident,0.393,True,1280,720,10.0,50,5.0,Valid video stream.,TEST
accident_000931,000931.mp4,dataset/raw/accident/000931.mp4,accident,0.555,True,1280,720,10.0,50,5.0,Valid video stream.,TRAIN
accident_000932,000932.mp4,dataset/raw/accident/000932.mp4,accident,0.859,True,1280,720,10.0,50,5.0,Valid video stream.,VALIDATION
accident_000933,000933.mp4,dataset/raw/accident/000933.mp4,accident,1.18,True,1280,720,10.0,50,5.0,Valid video stream.,TRAIN
accident_000934,000934.mp4,dataset/raw/accident/000934.mp4,accident,0.797,True,1280,720,10.0,50,5.0,Valid video stream.,TRAIN
accident_000935,000935.mp4,dataset/raw/accident/000935.mp4,accident,0.645,True,1280,720,10.0,50,5.0,Valid video stream.,TRAIN
accident_000936,000936.mp4,dataset/raw/accident/000936.mp4,accident,0.721,True,1280,720,10.0,50,5.0,Valid video stream.,TRAIN
accident_000937,000937.mp4,dataset/raw/accident/000937.mp4,accident,0.704,True,1280,720,10.0,50,5.0,Valid video stream.,VALIDATION
accident_000938,000938.mp4,dataset/raw/accident/000938.mp4,accident,0.841,True,1280,720,10.0,50,5.0,Valid video stream.,TRAIN
accident_000939,000939.mp4,dataset/raw/accident/000939.mp4,accident,0.488,True,1280,720,10.0,50,5.0,Valid video stream.,VALIDATION
accident_000940,000940.mp4,dataset/raw/accident/000940.mp4,accident,0.853,True,1280,720,10.0,50,5.0,Valid video stream.,TEST
accident_000941,000941.mp4,dataset/raw/accident/000941.mp4,accident,0.661,True,1280,720,10.0,50,5.0,Valid video stream.,TEST
accident_000942,000942.mp4,dataset/raw/accident/000942.mp4,accident,0.905,True,1280,720,10.0,50,5.0,Valid video stream.,TRAIN
accident_000943,000943.mp4,dataset/raw/accident/000943.mp4,accident,0.844,True,1280,720,10.0,50,5.0,Valid video stream.,VALIDATION
accident_000944,000944.mp4,dataset/raw/accident/000944.mp4,accident,0.596,True,1280,720,10.0,50,5.0,Valid video stream.,TRAIN
accident_000945,000945.mp4,dataset/raw/accident/000945.mp4,accident,0.473,True,1280,720,10.0,50,5.0,Valid video stream.,TRAIN
accident_000946,000946.mp4,dataset/raw/accident/000946.mp4,accident,0.545,True,1280,720,10.0,50,5.0,Valid video stream.,TRAIN
accident_000947,000947.mp4,dataset/raw/accident/000947.mp4,accident,0.937,True,1280,720,10.0,50,5.0,Valid video stream.,TEST
accident_000948,000948.mp4,dataset/raw/accident/000948.mp4,accident,0.366,True,1280,720,10.0,50,5.0,Valid video stream.,VALIDATION
accident_000949,000949.mp4,dataset/raw/accident/000949.mp4,accident,0.606,True,1280,720,10.0,50,5.0,Valid video stream.,TRAIN
accident_000950,000950.mp4,dataset/raw/accident/000950.mp4,accident,0.511,True,1280,720,10.0,50,5.0,Valid video stream.,TRAIN
accident_000951,000951.mp4,dataset/raw/accident/000951.mp4,accident,0.541,True,1280,720,10.0,50,5.0,Valid video stream.,TRAIN
accident_000952,000952.mp4,dataset/raw/accident/000952.mp4,accident,1.203,True,1280,720,10.0,50,5.0,Valid video stream.,TRAIN
accident_000953,000953.mp4,dataset/raw/accident/000953.mp4,accident,1.784,True,1280,720,10.0,50,5.0,Valid video stream.,TRAIN
accident_000954,000954.mp4,dataset/raw/accident/000954.mp4,accident,0.313,True,1280,720,10.0,50,5.0,Valid video stream.,TRAIN
accident_000955,000955.mp4,dataset/raw/accident/000955.mp4,accident,0.788,True,1280,720,10.0,50,5.0,Valid video stream.,TRAIN
accident_000956,000956.mp4,dataset/raw/accident/000956.mp4,accident,0.422,True,1280,720,10.0,50,5.0,Valid video stream.,TRAIN
accident_000957,000957.mp4,dataset/raw/accident/000957.mp4,accident,0.554,True,1280,720,10.0,50,5.0,Valid video stream.,VALIDATION
accident_000958,000958.mp4,dataset/raw/accident/000958.mp4,accident,0.434,True,1280,720,10.0,50,5.0,Valid video stream.,TRAIN
accident_000959,000959.mp4,dataset/raw/accident/000959.mp4,accident,0.918,True,1280,720,10.0,50,5.0,Valid video stream.,TEST
accident_000960,000960.mp4,dataset/raw/accident/000960.mp4,accident,0.854,True,1280,720,10.0,50,5.0,Valid video stream.,TRAIN
accident_000961,000961.mp4,dataset/raw/accident/000961.mp4,accident,0.432,True,1280,720,10.0,50,5.0,Valid video stream.,TRAIN
accident_000962,000962.mp4,dataset/raw/accident/000962.mp4,accident,0.898,True,1280,720,10.0,50,5.0,Valid video stream.,TRAIN
accident_000963,000963.mp4,dataset/raw/accident/000963.mp4,accident,0.77,True,1280,720,10.0,50,5.0,Valid video stream.,TRAIN
accident_000964,000964.mp4,dataset/raw/accident/000964.mp4,accident,0.568,True,1280,720,10.0,50,5.0,Valid video stream.,VALIDATION
accident_000965,000965.mp4,dataset/raw/accident/000965.mp4,accident,0.658,True,1280,720,10.0,50,5.0,Valid video stream.,TRAIN
accident_000966,000966.mp4,dataset/raw/accident/000966.mp4,accident,0.502,True,1280,720,10.0,50,5.0,Valid video stream.,TRAIN
accident_000967,000967.mp4,dataset/raw/accident/000967.mp4,accident,0.878,True,1280,720,10.0,50,5.0,Valid video stream.,TRAIN
accident_000968,000968.mp4,dataset/raw/accident/000968.mp4,accident,0.695,True,1280,720,10.0,50,5.0,Valid video stream.,TRAIN
accident_000969,000969.mp4,dataset/raw/accident/000969.mp4,accident,0.721,True,1280,720,10.0,50,5.0,Valid video stream.,VALIDATION
accident_000970,000970.mp4,dataset/raw/accident/000970.mp4,accident,0.756,True,1280,720,10.0,50,5.0,Valid video stream.,TRAIN
accident_000971,000971.mp4,dataset/raw/accident/000971.mp4,accident,0.818,True,1280,720,10.0,50,5.0,Valid video stream.,TRAIN
accident_000972,000972.mp4,dataset/raw/accident/000972.mp4,accident,0.731,True,1280,720,10.0,50,5.0,Valid video stream.,TRAIN
accident_000973,000973.mp4,dataset/raw/accident/000973.mp4,accident,0.746,True,1280,720,10.0,50,5.0,Valid video stream.,TRAIN
accident_000974,000974.mp4,dataset/raw/accident/000974.mp4,accident,0.553,True,1280,720,10.0,50,5.0,Valid video stream.,TEST
accident_000975,000975.mp4,dataset/raw/accident/000975.mp4,accident,0.581,True,1280,720,10.0,50,5.0,Valid video stream.,TRAIN
accident_000976,000976.mp4,dataset/raw/accident/000976.mp4,accident,0.739,True,1280,720,10.0,50,5.0,Valid video stream.,TRAIN
accident_000977,000977.mp4,dataset/raw/accident/000977.mp4,accident,1.095,True,1280,720,10.0,50,5.0,Valid video stream.,VALIDATION
accident_000978,000978.mp4,dataset/raw/accident/000978.mp4,accident,0.453,True,1280,720,10.0,50,5.0,Valid video stream.,TRAIN
accident_000979,000979.mp4,dataset/raw/accident/000979.mp4,accident,1.024,True,1280,720,10.0,50,5.0,Valid video stream.,TRAIN
accident_000980,000980.mp4,dataset/raw/accident/000980.mp4,accident,0.667,True,1280,720,10.0,50,5.0,Valid video stream.,TRAIN
accident_000981,000981.mp4,dataset/raw/accident/000981.mp4,accident,0.54,True,1280,720,10.0,50,5.0,Valid video stream.,TRAIN
accident_000982,000982.mp4,dataset/raw/accident/000982.mp4,accident,0.612,True,1280,720,10.0,50,5.0,Valid video stream.,TRAIN
accident_000983,000983.mp4,dataset/raw/accident/000983.mp4,accident,0.396,True,1280,720,10.0,50,5.0,Valid video stream.,TRAIN
accident_000984,000984.mp4,dataset/raw/accident/000984.mp4,accident,0.877,True,1280,720,10.0,50,5.0,Valid video stream.,TRAIN
accident_000985,000985.mp4,dataset/raw/accident/000985.mp4,accident,0.454,True,1280,720,10.0,50,5.0,Valid video stream.,TRAIN
accident_000986,000986.mp4,dataset/raw/accident/000986.mp4,accident,0.496,True,1280,720,10.0,50,5.0,Valid video stream.,VALIDATION
accident_000987,000987.mp4,dataset/raw/accident/000987.mp4,accident,0.885,True,1280,720,10.0,50,5.0,Valid video stream.,TRAIN
accident_000988,000988.mp4,dataset/raw/accident/000988.mp4,accident,0.535,True,1280,720,10.0,50,5.0,Valid video stream.,TRAIN
accident_000989,000989.mp4,dataset/raw/accident/000989.mp4,accident,0.265,True,1280,720,10.0,50,5.0,Valid video stream.,TRAIN
accident_000990,000990.mp4,dataset/raw/accident/000990.mp4,accident,0.352,True,1280,720,10.0,50,5.0,Valid video stream.,TRAIN
accident_000991,000991.mp4,dataset/raw/accident/000991.mp4,accident,0.404,True,1280,720,10.0,50,5.0,Valid video stream.,TRAIN
accident_000992,000992.mp4,dataset/raw/accident/000992.mp4,accident,0.684,True,1280,720,10.0,50,5.0,Valid video stream.,TRAIN
accident_000993,000993.mp4,dataset/raw/accident/000993.mp4,accident,1.013,True,1280,720,10.0,50,5.0,Valid video stream.,TRAIN
accident_000994,000994.mp4,dataset/raw/accident/000994.mp4,accident,0.723,True,1280,720,10.0,50,5.0,Valid video stream.,TRAIN
accident_000995,000995.mp4,dataset/raw/accident/000995.mp4,accident,0.923,True,1280,720,10.0,50,5.0,Valid video stream.,VALIDATION
accident_000996,000996.mp4,dataset/raw/accident/000996.mp4,accident,0.589,True,1280,720,10.0,50,5.0,Valid video stream.,TEST
accident_000997,000997.mp4,dataset/raw/accident/000997.mp4,accident,0.409,True,1280,720,10.0,50,5.0,Valid video stream.,VALIDATION
accident_000998,000998.mp4,dataset/raw/accident/000998.mp4,accident,0.596,True,1280,720,10.0,50,5.0,Valid video stream.,TRAIN
accident_000999,000999.mp4,dataset/raw/accident/000999.mp4,accident,0.86,True,1280,720,10.0,50,5.0,Valid video stream.,TRAIN
accident_001000,001000.mp4,dataset/raw/accident/001000.mp4,accident,0.431,True,1280,720,10.0,50,5.0,Valid video stream.,TRAIN
accident_001001,001001.mp4,dataset/raw/accident/001001.mp4,accident,0.619,True,1280,720,10.0,50,5.0,Valid video stream.,TEST
accident_001002,001002.mp4,dataset/raw/accident/001002.mp4,accident,0.809,True,1280,720,10.0,50,5.0,Valid video stream.,TRAIN
accident_001003,001003.mp4,dataset/raw/accident/001003.mp4,accident,0.946,True,1280,720,10.0,50,5.0,Valid video stream.,TRAIN
accident_001004,001004.mp4,dataset/raw/accident/001004.mp4,accident,0.721,True,1280,720,10.0,50,5.0,Valid video stream.,TRAIN
accident_001005,001005.mp4,dataset/raw/accident/001005.mp4,accident,0.55,True,1280,720,10.0,50,5.0,Valid video stream.,TRAIN
accident_001006,001006.mp4,dataset/raw/accident/001006.mp4,accident,0.517,True,1280,720,10.0,50,5.0,Valid video stream.,TRAIN
accident_001007,001007.mp4,dataset/raw/accident/001007.mp4,accident,0.875,True,1280,720,10.0,50,5.0,Valid video stream.,TRAIN
accident_001008,001008.mp4,dataset/raw/accident/001008.mp4,accident,0.65,True,1280,720,10.0,50,5.0,Valid video stream.,TRAIN
accident_001009,001009.mp4,dataset/raw/accident/001009.mp4,accident,0.597,True,1280,720,10.0,50,5.0,Valid video stream.,TRAIN
accident_001010,001010.mp4,dataset/raw/accident/001010.mp4,accident,0.357,True,1280,720,10.0,50,5.0,Valid video stream.,TRAIN
accident_001011,001011.mp4,dataset/raw/accident/001011.mp4,accident,0.664,True,1280,720,10.0,50,5.0,Valid video stream.,TEST
accident_001012,001012.mp4,dataset/raw/accident/001012.mp4,accident,0.431,True,1280,720,10.0,50,5.0,Valid video stream.,TRAIN
accident_001013,001013.mp4,dataset/raw/accident/001013.mp4,accident,0.407,True,1280,720,10.0,50,5.0,Valid video stream.,TRAIN
accident_001014,001014.mp4,dataset/raw/accident/001014.mp4,accident,0.569,True,1280,720,10.0,50,5.0,Valid video stream.,TRAIN
accident_001015,001015.mp4,dataset/raw/accident/001015.mp4,accident,0.556,True,1280,720,10.0,50,5.0,Valid video stream.,TRAIN
accident_001016,001016.mp4,dataset/raw/accident/001016.mp4,accident,0.718,True,1280,720,10.0,50,5.0,Valid video stream.,TRAIN
accident_001017,001017.mp4,dataset/raw/accident/001017.mp4,accident,0.326,True,1280,720,10.0,50,5.0,Valid video stream.,TRAIN
accident_001018,001018.mp4,dataset/raw/accident/001018.mp4,accident,0.367,True,1280,720,10.0,50,5.0,Valid video stream.,TRAIN
accident_001019,001019.mp4,dataset/raw/accident/001019.mp4,accident,0.579,True,1280,720,10.0,50,5.0,Valid video stream.,TRAIN
accident_001020,001020.mp4,dataset/raw/accident/001020.mp4,accident,0.718,True,1280,720,10.0,50,5.0,Valid video stream.,TRAIN
accident_001021,001021.mp4,dataset/raw/accident/001021.mp4,accident,0.398,True,1280,720,10.0,50,5.0,Valid video stream.,TRAIN
accident_001022,001022.mp4,dataset/raw/accident/001022.mp4,accident,0.707,True,1280,720,10.0,50,5.0,Valid video stream.,TRAIN
accident_001023,001023.mp4,dataset/raw/accident/001023.mp4,accident,0.817,True,1280,720,10.0,50,5.0,Valid video stream.,TEST
accident_001024,001024.mp4,dataset/raw/accident/001024.mp4,accident,0.488,True,1280,720,10.0,50,5.0,Valid video stream.,TRAIN
accident_001025,001025.mp4,dataset/raw/accident/001025.mp4,accident,0.412,True,1280,720,10.0,50,5.0,Valid video stream.,TRAIN
accident_001026,001026.mp4,dataset/raw/accident/001026.mp4,accident,0.307,True,1280,720,10.0,50,5.0,Valid video stream.,TEST
accident_001027,001027.mp4,dataset/raw/accident/001027.mp4,accident,0.566,True,1280,720,10.0,50,5.0,Valid video stream.,TRAIN
accident_001028,001028.mp4,dataset/raw/accident/001028.mp4,accident,0.433,True,1280,720,10.0,50,5.0,Valid video stream.,TRAIN
accident_001029,001029.mp4,dataset/raw/accident/001029.mp4,accident,0.527,True,1280,720,10.0,50,5.0,Valid video stream.,TRAIN
accident_001030,001030.mp4,dataset/raw/accident/001030.mp4,accident,0.812,True,1280,720,10.0,50,5.0,Valid video stream.,VALIDATION
accident_001031,001031.mp4,dataset/raw/accident/001031.mp4,accident,0.323,True,1280,720,10.0,50,5.0,Valid video stream.,TRAIN
accident_001032,001032.mp4,dataset/raw/accident/001032.mp4,accident,1.099,True,1280,720,10.0,50,5.0,Valid video stream.,TRAIN
accident_001033,001033.mp4,dataset/raw/accident/001033.mp4,accident,0.409,True,1280,720,10.0,50,5.0,Valid video stream.,TRAIN
accident_001034,001034.mp4,dataset/raw/accident/001034.mp4,accident,0.623,True,1280,720,10.0,50,5.0,Valid video stream.,TRAIN
accident_001035,001035.mp4,dataset/raw/accident/001035.mp4,accident,0.643,True,1280,720,10.0,50,5.0,Valid video stream.,TEST
accident_001036,001036.mp4,dataset/raw/accident/001036.mp4,accident,0.808,True,1280,720,10.0,50,5.0,Valid video stream.,VALIDATION
accident_001037,001037.mp4,dataset/raw/accident/001037.mp4,accident,0.464,True,1280,720,10.0,50,5.0,Valid video stream.,VALIDATION
accident_001038,001038.mp4,dataset/raw/accident/001038.mp4,accident,0.599,True,1280,720,10.0,50,5.0,Valid video stream.,TRAIN
accident_001039,001039.mp4,dataset/raw/accident/001039.mp4,accident,0.497,True,1280,720,10.0,50,5.0,Valid video stream.,TRAIN
accident_001040,001040.mp4,dataset/raw/accident/001040.mp4,accident,0.697,True,1280,720,10.0,50,5.0,Valid video stream.,TEST
accident_001041,001041.mp4,dataset/raw/accident/001041.mp4,accident,0.93,True,1280,720,10.0,50,5.0,Valid video stream.,VALIDATION
accident_001042,001042.mp4,dataset/raw/accident/001042.mp4,accident,0.512,True,1280,720,10.0,50,5.0,Valid video stream.,TRAIN
accident_001043,001043.mp4,dataset/raw/accident/001043.mp4,accident,0.666,True,1280,720,10.0,50,5.0,Valid video stream.,TRAIN
accident_001044,001044.mp4,dataset/raw/accident/001044.mp4,accident,0.474,True,1280,720,10.0,50,5.0,Valid video stream.,TEST
accident_001045,001045.mp4,dataset/raw/accident/001045.mp4,accident,0.829,True,1280,720,10.0,50,5.0,Valid video stream.,TRAIN
accident_001046,001046.mp4,dataset/raw/accident/001046.mp4,accident,1.325,True,1280,720,10.0,50,5.0,Valid video stream.,TRAIN
accident_001047,001047.mp4,dataset/raw/accident/001047.mp4,accident,0.496,True,1280,720,10.0,50,5.0,Valid video stream.,TRAIN
accident_001048,001048.mp4,dataset/raw/accident/001048.mp4,accident,0.602,True,1280,720,10.0,50,5.0,Valid video stream.,TRAIN
accident_001049,001049.mp4,dataset/raw/accident/001049.mp4,accident,0.475,True,1280,720,10.0,50,5.0,Valid video stream.,TRAIN
accident_001050,001050.mp4,dataset/raw/accident/001050.mp4,accident,0.617,True,1280,720,10.0,50,5.0,Valid video stream.,TRAIN
accident_001051,001051.mp4,dataset/raw/accident/001051.mp4,accident,0.354,True,1280,720,10.0,50,5.0,Valid video stream.,TRAIN
accident_001052,001052.mp4,dataset/raw/accident/001052.mp4,accident,0.404,True,1280,720,10.0,50,5.0,Valid video stream.,TRAIN
accident_001053,001053.mp4,dataset/raw/accident/001053.mp4,accident,0.53,True,1280,720,10.0,50,5.0,Valid video stream.,VALIDATION
accident_001054,001054.mp4,dataset/raw/accident/001054.mp4,accident,0.499,True,1280,720,10.0,50,5.0,Valid video stream.,TRAIN
accident_001055,001055.mp4,dataset/raw/accident/001055.mp4,accident,0.513,True,1280,720,10.0,50,5.0,Valid video stream.,TRAIN
accident_001056,001056.mp4,dataset/raw/accident/001056.mp4,accident,0.512,True,1280,720,10.0,50,5.0,Valid video stream.,TRAIN
accident_001057,001057.mp4,dataset/raw/accident/001057.mp4,accident,0.762,True,1280,720,10.0,50,5.0,Valid video stream.,TRAIN
accident_001058,001058.mp4,dataset/raw/accident/001058.mp4,accident,0.628,True,1280,720,10.0,50,5.0,Valid video stream.,TRAIN
accident_001059,001059.mp4,dataset/raw/accident/001059.mp4,accident,0.809,True,1280,720,10.0,50,5.0,Valid video stream.,TRAIN
accident_001060,001060.mp4,dataset/raw/accident/001060.mp4,accident,0.367,True,1280,720,10.0,50,5.0,Valid video stream.,TEST
accident_001061,001061.mp4,dataset/raw/accident/001061.mp4,accident,0.931,True,1280,720,10.0,50,5.0,Valid video stream.,TRAIN
accident_001062,001062.mp4,dataset/raw/accident/001062.mp4,accident,0.672,True,1280,720,10.0,50,5.0,Valid video stream.,TRAIN
accident_001063,001063.mp4,dataset/raw/accident/001063.mp4,accident,0.556,True,1280,720,10.0,50,5.0,Valid video stream.,TRAIN
accident_001064,001064.mp4,dataset/raw/accident/001064.mp4,accident,0.472,True,1280,720,10.0,50,5.0,Valid video stream.,TRAIN
accident_001065,001065.mp4,dataset/raw/accident/001065.mp4,accident,0.692,True,1280,720,10.0,50,5.0,Valid video stream.,TRAIN
accident_001066,001066.mp4,dataset/raw/accident/001066.mp4,accident,0.47,True,1280,720,10.0,50,5.0,Valid video stream.,TRAIN
accident_001067,001067.mp4,dataset/raw/accident/001067.mp4,accident,1.033,True,1280,720,10.0,50,5.0,Valid video stream.,TRAIN
accident_001068,001068.mp4,dataset/raw/accident/001068.mp4,accident,0.47,True,1280,720,10.0,50,5.0,Valid video stream.,TRAIN
accident_001069,001069.mp4,dataset/raw/accident/001069.mp4,accident,0.622,True,1280,720,10.0,50,5.0,Valid video stream.,TRAIN
accident_001070,001070.mp4,dataset/raw/accident/001070.mp4,accident,0.485,True,1280,720,10.0,50,5.0,Valid video stream.,TRAIN
accident_001071,001071.mp4,dataset/raw/accident/001071.mp4,accident,0.889,True,1280,720,10.0,50,5.0,Valid video stream.,VALIDATION
accident_001072,001072.mp4,dataset/raw/accident/001072.mp4,accident,1.005,True,1280,720,10.0,50,5.0,Valid video stream.,TRAIN
accident_001073,001073.mp4,dataset/raw/accident/001073.mp4,accident,0.706,True,1280,720,10.0,50,5.0,Valid video stream.,TRAIN
accident_001074,001074.mp4,dataset/raw/accident/001074.mp4,accident,0.377,True,1280,720,10.0,50,5.0,Valid video stream.,TRAIN
accident_001075,001075.mp4,dataset/raw/accident/001075.mp4,accident,1.003,True,1280,720,10.0,50,5.0,Valid video stream.,TRAIN
accident_001076,001076.mp4,dataset/raw/accident/001076.mp4,accident,0.883,True,1280,720,10.0,50,5.0,Valid video stream.,TRAIN
accident_001077,001077.mp4,dataset/raw/accident/001077.mp4,accident,0.584,True,1280,720,10.0,50,5.0,Valid video stream.,TRAIN
accident_001078,001078.mp4,dataset/raw/accident/001078.mp4,accident,0.537,True,1280,720,10.0,50,5.0,Valid video stream.,TRAIN
accident_001079,001079.mp4,dataset/raw/accident/001079.mp4,accident,1.172,True,1280,720,10.0,50,5.0,Valid video stream.,TRAIN
accident_001080,001080.mp4,dataset/raw/accident/001080.mp4,accident,0.43,True,1280,720,10.0,50,5.0,Valid video stream.,TRAIN
accident_001081,001081.mp4,dataset/raw/accident/001081.mp4,accident,0.687,True,1280,720,10.0,50,5.0,Valid video stream.,TEST
accident_001082,001082.mp4,dataset/raw/accident/001082.mp4,accident,0.479,True,1280,720,10.0,50,5.0,Valid video stream.,TRAIN
accident_001083,001083.mp4,dataset/raw/accident/001083.mp4,accident,0.679,True,1280,720,10.0,50,5.0,Valid video stream.,TRAIN
accident_001084,001084.mp4,dataset/raw/accident/001084.mp4,accident,0.376,True,1280,720,10.0,50,5.0,Valid video stream.,TEST
accident_001085,001085.mp4,dataset/raw/accident/001085.mp4,accident,0.394,True,1280,720,10.0,50,5.0,Valid video stream.,TRAIN
accident_001086,001086.mp4,dataset/raw/accident/001086.mp4,accident,0.822,True,1280,720,10.0,50,5.0,Valid video stream.,TRAIN
accident_001087,001087.mp4,dataset/raw/accident/001087.mp4,accident,0.841,True,1280,720,10.0,50,5.0,Valid video stream.,TEST
accident_001088,001088.mp4,dataset/raw/accident/001088.mp4,accident,0.386,True,1280,720,10.0,50,5.0,Valid video stream.,VALIDATION
accident_001089,001089.mp4,dataset/raw/accident/001089.mp4,accident,0.501,True,1280,720,10.0,50,5.0,Valid video stream.,TRAIN
accident_001090,001090.mp4,dataset/raw/accident/001090.mp4,accident,0.586,True,1280,720,10.0,50,5.0,Valid video stream.,TRAIN
accident_001091,001091.mp4,dataset/raw/accident/001091.mp4,accident,0.543,True,1280,720,10.0,50,5.0,Valid video stream.,TEST
accident_001092,001092.mp4,dataset/raw/accident/001092.mp4,accident,1.003,True,1280,720,10.0,50,5.0,Valid video stream.,TRAIN
accident_001093,001093.mp4,dataset/raw/accident/001093.mp4,accident,0.742,True,1280,720,10.0,50,5.0,Valid video stream.,TRAIN
accident_001094,001094.mp4,dataset/raw/accident/001094.mp4,accident,0.449,True,1280,720,10.0,50,5.0,Valid video stream.,TEST
accident_001095,001095.mp4,dataset/raw/accident/001095.mp4,accident,0.441,True,1280,720,10.0,50,5.0,Valid video stream.,TRAIN
accident_001096,001096.mp4,dataset/raw/accident/001096.mp4,accident,0.644,True,1280,720,10.0,50,5.0,Valid video stream.,TRAIN
accident_001097,001097.mp4,dataset/raw/accident/001097.mp4,accident,0.562,True,1280,720,10.0,50,5.0,Valid video stream.,TRAIN
accident_001098,001098.mp4,dataset/raw/accident/001098.mp4,accident,0.812,True,1280,720,10.0,50,5.0,Valid video stream.,TRAIN
accident_001099,001099.mp4,dataset/raw/accident/001099.mp4,accident,0.673,True,1280,720,10.0,50,5.0,Valid video stream.,TEST
accident_001100,001100.mp4,dataset/raw/accident/001100.mp4,accident,0.318,True,1280,720,10.0,50,5.0,Valid video stream.,TEST
accident_001101,001101.mp4,dataset/raw/accident/001101.mp4,accident,0.402,True,1280,720,10.0,50,5.0,Valid video stream.,TRAIN
accident_001102,001102.mp4,dataset/raw/accident/001102.mp4,accident,0.332,True,1280,720,10.0,50,5.0,Valid video stream.,VALIDATION
accident_001103,001103.mp4,dataset/raw/accident/001103.mp4,accident,0.732,True,1280,720,10.0,50,5.0,Valid video stream.,TRAIN
accident_001104,001104.mp4,dataset/raw/accident/001104.mp4,accident,0.785,True,1280,720,10.0,50,5.0,Valid video stream.,TEST
accident_001105,001105.mp4,dataset/raw/accident/001105.mp4,accident,0.895,True,1280,720,10.0,50,5.0,Valid video stream.,TEST
accident_001106,001106.mp4,dataset/raw/accident/001106.mp4,accident,0.457,True,1280,720,10.0,50,5.0,Valid video stream.,TRAIN
accident_001107,001107.mp4,dataset/raw/accident/001107.mp4,accident,0.428,True,1280,720,10.0,50,5.0,Valid video stream.,TRAIN
accident_001108,001108.mp4,dataset/raw/accident/001108.mp4,accident,0.483,True,1280,720,10.0,50,5.0,Valid video stream.,VALIDATION
accident_001109,001109.mp4,dataset/raw/accident/001109.mp4,accident,0.503,True,1280,720,10.0,50,5.0,Valid video stream.,TRAIN
accident_001110,001110.mp4,dataset/raw/accident/001110.mp4,accident,0.4,True,1280,720,10.0,50,5.0,Valid video stream.,TRAIN
accident_001111,001111.mp4,dataset/raw/accident/001111.mp4,accident,0.644,True,1280,720,10.0,50,5.0,Valid video stream.,VALIDATION
accident_001112,001112.mp4,dataset/raw/accident/001112.mp4,accident,0.48,True,1280,720,10.0,50,5.0,Valid video stream.,TRAIN
accident_001113,001113.mp4,dataset/raw/accident/001113.mp4,accident,0.487,True,1280,720,10.0,50,5.0,Valid video stream.,VALIDATION
accident_001114,001114.mp4,dataset/raw/accident/001114.mp4,accident,0.421,True,1280,720,10.0,50,5.0,Valid video stream.,TRAIN
accident_001115,001115.mp4,dataset/raw/accident/001115.mp4,accident,0.615,True,1280,720,10.0,50,5.0,Valid video stream.,TRAIN
accident_001116,001116.mp4,dataset/raw/accident/001116.mp4,accident,0.421,True,1280,720,10.0,50,5.0,Valid video stream.,TRAIN
accident_001117,001117.mp4,dataset/raw/accident/001117.mp4,accident,0.314,True,1280,720,10.0,50,5.0,Valid video stream.,TEST
accident_001118,001118.mp4,dataset/raw/accident/001118.mp4,accident,0.603,True,1280,720,10.0,50,5.0,Valid video stream.,TRAIN
accident_001119,001119.mp4,dataset/raw/accident/001119.mp4,accident,0.516,True,1280,720,10.0,50,5.0,Valid video stream.,TRAIN
accident_001120,001120.mp4,dataset/raw/accident/001120.mp4,accident,0.788,True,1280,720,10.0,50,5.0,Valid video stream.,TRAIN
accident_001121,001121.mp4,dataset/raw/accident/001121.mp4,accident,0.52,True,1280,720,10.0,50,5.0,Valid video stream.,TRAIN
accident_001122,001122.mp4,dataset/raw/accident/001122.mp4,accident,0.34,True,1280,720,10.0,50,5.0,Valid video stream.,TRAIN
accident_001123,001123.mp4,dataset/raw/accident/001123.mp4,accident,0.449,True,1280,720,10.0,50,5.0,Valid video stream.,TRAIN
accident_001124,001124.mp4,dataset/raw/accident/001124.mp4,accident,0.499,True,1280,720,10.0,50,5.0,Valid video stream.,TRAIN
accident_001125,001125.mp4,dataset/raw/accident/001125.mp4,accident,0.451,True,1280,720,10.0,50,5.0,Valid video stream.,TRAIN
accident_001126,001126.mp4,dataset/raw/accident/001126.mp4,accident,0.616,True,1280,720,10.0,50,5.0,Valid video stream.,TEST
accident_001127,001127.mp4,dataset/raw/accident/001127.mp4,accident,0.405,True,1280,720,10.0,50,5.0,Valid video stream.,TRAIN
accident_001128,001128.mp4,dataset/raw/accident/001128.mp4,accident,0.517,True,1280,720,10.0,50,5.0,Valid video stream.,VALIDATION
accident_001129,001129.mp4,dataset/raw/accident/001129.mp4,accident,0.507,True,1280,720,10.0,50,5.0,Valid video stream.,TRAIN
accident_001130,001130.mp4,dataset/raw/accident/001130.mp4,accident,0.357,True,1280,720,10.0,50,5.0,Valid video stream.,TRAIN
accident_001131,001131.mp4,dataset/raw/accident/001131.mp4,accident,0.604,True,1280,720,10.0,50,5.0,Valid video stream.,TEST
accident_001132,001132.mp4,dataset/raw/accident/001132.mp4,accident,0.456,True,1280,720,10.0,50,5.0,Valid video stream.,TRAIN
accident_001133,001133.mp4,dataset/raw/accident/001133.mp4,accident,0.868,True,1280,720,10.0,50,5.0,Valid video stream.,TRAIN
accident_001134,001134.mp4,dataset/raw/accident/001134.mp4,accident,0.486,True,1280,720,10.0,50,5.0,Valid video stream.,TEST
accident_001135,001135.mp4,dataset/raw/accident/001135.mp4,accident,0.514,True,1280,720,10.0,50,5.0,Valid video stream.,TEST
accident_001136,001136.mp4,dataset/raw/accident/001136.mp4,accident,0.645,True,1280,720,10.0,50,5.0,Valid video stream.,VALIDATION
accident_001137,001137.mp4,dataset/raw/accident/001137.mp4,accident,0.43,True,1280,720,10.0,50,5.0,Valid video stream.,TRAIN
accident_001138,001138.mp4,dataset/raw/accident/001138.mp4,accident,0.371,True,1280,720,10.0,50,5.0,Valid video stream.,VALIDATION
accident_001139,001139.mp4,dataset/raw/accident/001139.mp4,accident,0.535,True,1280,720,10.0,50,5.0,Valid video stream.,VALIDATION
accident_001140,001140.mp4,dataset/raw/accident/001140.mp4,accident,0.471,True,1280,720,10.0,50,5.0,Valid video stream.,TRAIN
accident_001141,001141.mp4,dataset/raw/accident/001141.mp4,accident,0.365,True,1280,720,10.0,50,5.0,Valid video stream.,TEST
accident_001142,001142.mp4,dataset/raw/accident/001142.mp4,accident,0.37,True,1280,720,10.0,50,5.0,Valid video stream.,TRAIN
accident_001143,001143.mp4,dataset/raw/accident/001143.mp4,accident,1.129,True,1280,720,10.0,50,5.0,Valid video stream.,TRAIN
accident_001144,001144.mp4,dataset/raw/accident/001144.mp4,accident,0.384,True,1280,720,10.0,50,5.0,Valid video stream.,TRAIN
accident_001145,001145.mp4,dataset/raw/accident/001145.mp4,accident,0.333,True,1280,720,10.0,50,5.0,Valid video stream.,TRAIN
accident_001146,001146.mp4,dataset/raw/accident/001146.mp4,accident,0.858,True,1280,720,10.0,50,5.0,Valid video stream.,TRAIN
accident_001147,001147.mp4,dataset/raw/accident/001147.mp4,accident,0.49,True,1280,720,10.0,50,5.0,Valid video stream.,TRAIN
accident_001148,001148.mp4,dataset/raw/accident/001148.mp4,accident,0.665,True,1280,720,10.0,50,5.0,Valid video stream.,TRAIN
accident_001149,001149.mp4,dataset/raw/accident/001149.mp4,accident,0.511,True,1280,720,10.0,50,5.0,Valid video stream.,TRAIN
accident_001150,001150.mp4,dataset/raw/accident/001150.mp4,accident,0.464,True,1280,720,10.0,50,5.0,Valid video stream.,TEST
accident_001151,001151.mp4,dataset/raw/accident/001151.mp4,accident,0.614,True,1280,720,10.0,50,5.0,Valid video stream.,VALIDATION
accident_001152,001152.mp4,dataset/raw/accident/001152.mp4,accident,0.415,True,1280,720,10.0,50,5.0,Valid video stream.,TRAIN
accident_001153,001153.mp4,dataset/raw/accident/001153.mp4,accident,0.406,True,1280,720,10.0,50,5.0,Valid video stream.,TRAIN
accident_001154,001154.mp4,dataset/raw/accident/001154.mp4,accident,0.439,True,1280,720,10.0,50,5.0,Valid video stream.,VALIDATION
accident_001155,001155.mp4,dataset/raw/accident/001155.mp4,accident,0.611,True,1280,720,10.0,50,5.0,Valid video stream.,TRAIN
accident_001156,001156.mp4,dataset/raw/accident/001156.mp4,accident,0.785,True,1280,720,10.0,50,5.0,Valid video stream.,VALIDATION
accident_001157,001157.mp4,dataset/raw/accident/001157.mp4,accident,0.378,True,1280,720,10.0,50,5.0,Valid video stream.,TRAIN
accident_001158,001158.mp4,dataset/raw/accident/001158.mp4,accident,0.477,True,1280,720,10.0,50,5.0,Valid video stream.,VALIDATION
accident_001159,001159.mp4,dataset/raw/accident/001159.mp4,accident,0.524,True,1280,720,10.0,50,5.0,Valid video stream.,TRAIN
accident_001160,001160.mp4,dataset/raw/accident/001160.mp4,accident,0.379,True,1280,720,10.0,50,5.0,Valid video stream.,TRAIN
accident_001161,001161.mp4,dataset/raw/accident/001161.mp4,accident,0.442,True,1280,720,10.0,50,5.0,Valid video stream.,TRAIN
accident_001162,001162.mp4,dataset/raw/accident/001162.mp4,accident,0.414,True,1280,720,10.0,50,5.0,Valid video stream.,TEST
accident_001163,001163.mp4,dataset/raw/accident/001163.mp4,accident,0.481,True,1280,720,10.0,50,5.0,Valid video stream.,TRAIN
accident_001164,001164.mp4,dataset/raw/accident/001164.mp4,accident,0.502,True,1280,720,10.0,50,5.0,Valid video stream.,VALIDATION
accident_001165,001165.mp4,dataset/raw/accident/001165.mp4,accident,0.456,True,1280,720,10.0,50,5.0,Valid video stream.,TRAIN
accident_001166,001166.mp4,dataset/raw/accident/001166.mp4,accident,0.711,True,1280,720,10.0,50,5.0,Valid video stream.,TRAIN
accident_001167,001167.mp4,dataset/raw/accident/001167.mp4,accident,0.361,True,1280,720,10.0,50,5.0,Valid video stream.,VALIDATION
accident_001168,001168.mp4,dataset/raw/accident/001168.mp4,accident,0.48,True,1280,720,10.0,50,5.0,Valid video stream.,TRAIN
accident_001169,001169.mp4,dataset/raw/accident/001169.mp4,accident,0.833,True,1280,720,10.0,50,5.0,Valid video stream.,TRAIN
accident_001170,001170.mp4,dataset/raw/accident/001170.mp4,accident,0.429,True,1280,720,10.0,50,5.0,Valid video stream.,VALIDATION
accident_001171,001171.mp4,dataset/raw/accident/001171.mp4,accident,0.632,True,1280,720,10.0,50,5.0,Valid video stream.,VALIDATION
accident_001172,001172.mp4,dataset/raw/accident/001172.mp4,accident,0.314,True,1280,720,10.0,50,5.0,Valid video stream.,TRAIN
accident_001173,001173.mp4,dataset/raw/accident/001173.mp4,accident,0.789,True,1280,720,10.0,50,5.0,Valid video stream.,TRAIN
accident_001174,001174.mp4,dataset/raw/accident/001174.mp4,accident,0.52,True,1280,720,10.0,50,5.0,Valid video stream.,TRAIN
accident_001175,001175.mp4,dataset/raw/accident/001175.mp4,accident,0.507,True,1280,720,10.0,50,5.0,Valid video stream.,VALIDATION
accident_001176,001176.mp4,dataset/raw/accident/001176.mp4,accident,0.534,True,1280,720,10.0,50,5.0,Valid video stream.,VALIDATION
accident_001177,001177.mp4,dataset/raw/accident/001177.mp4,accident,0.303,True,1280,720,10.0,50,5.0,Valid video stream.,TRAIN
accident_001178,001178.mp4,dataset/raw/accident/001178.mp4,accident,0.469,True,1280,720,10.0,50,5.0,Valid video stream.,TRAIN
accident_001179,001179.mp4,dataset/raw/accident/001179.mp4,accident,0.442,True,1280,720,10.0,50,5.0,Valid video stream.,TRAIN
accident_001180,001180.mp4,dataset/raw/accident/001180.mp4,accident,0.406,True,1280,720,10.0,50,5.0,Valid video stream.,TRAIN
accident_001181,001181.mp4,dataset/raw/accident/001181.mp4,accident,0.63,True,1280,720,10.0,50,5.0,Valid video stream.,VALIDATION
accident_001182,001182.mp4,dataset/raw/accident/001182.mp4,accident,0.488,True,1280,720,10.0,50,5.0,Valid video stream.,TRAIN
accident_001183,001183.mp4,dataset/raw/accident/001183.mp4,accident,0.268,True,1280,720,10.0,50,5.0,Valid video stream.,TEST
accident_001184,001184.mp4,dataset/raw/accident/001184.mp4,accident,0.51,True,1280,720,10.0,50,5.0,Valid video stream.,TRAIN
accident_001185,001185.mp4,dataset/raw/accident/001185.mp4,accident,0.435,True,1280,720,10.0,50,5.0,Valid video stream.,TRAIN
accident_001186,001186.mp4,dataset/raw/accident/001186.mp4,accident,0.427,True,1280,720,10.0,50,5.0,Valid video stream.,TRAIN
accident_001187,001187.mp4,dataset/raw/accident/001187.mp4,accident,0.478,True,1280,720,10.0,50,5.0,Valid video stream.,VALIDATION
accident_001188,001188.mp4,dataset/raw/accident/001188.mp4,accident,0.455,True,1280,720,10.0,50,5.0,Valid video stream.,VALIDATION
accident_001189,001189.mp4,dataset/raw/accident/001189.mp4,accident,0.578,True,1280,720,10.0,50,5.0,Valid video stream.,TRAIN
accident_001190,001190.mp4,dataset/raw/accident/001190.mp4,accident,0.446,True,1280,720,10.0,50,5.0,Valid video stream.,TRAIN
accident_001191,001191.mp4,dataset/raw/accident/001191.mp4,accident,0.362,True,1280,720,10.0,50,5.0,Valid video stream.,TRAIN
accident_001192,001192.mp4,dataset/raw/accident/001192.mp4,accident,0.612,True,1280,720,10.0,50,5.0,Valid video stream.,TRAIN
accident_001193,001193.mp4,dataset/raw/accident/001193.mp4,accident,0.42,True,1280,720,10.0,50,5.0,Valid video stream.,TRAIN
accident_001194,001194.mp4,dataset/raw/accident/001194.mp4,accident,0.662,True,1280,720,10.0,50,5.0,Valid video stream.,TRAIN
accident_001195,001195.mp4,dataset/raw/accident/001195.mp4,accident,0.496,True,1280,720,10.0,50,5.0,Valid video stream.,TRAIN
accident_001196,001196.mp4,dataset/raw/accident/001196.mp4,accident,0.585,True,1280,720,10.0,50,5.0,Valid video stream.,TEST
accident_001197,001197.mp4,dataset/raw/accident/001197.mp4,accident,0.439,True,1280,720,10.0,50,5.0,Valid video stream.,VALIDATION
accident_001198,001198.mp4,dataset/raw/accident/001198.mp4,accident,0.693,True,1280,720,10.0,50,5.0,Valid video stream.,TEST
accident_001199,001199.mp4,dataset/raw/accident/001199.mp4,accident,0.345,True,1280,720,10.0,50,5.0,Valid video stream.,TRAIN
accident_001200,001200.mp4,dataset/raw/accident/001200.mp4,accident,0.466,True,1280,720,10.0,50,5.0,Valid video stream.,VALIDATION
accident_001201,001201.mp4,dataset/raw/accident/001201.mp4,accident,0.523,True,1280,720,10.0,50,5.0,Valid video stream.,TRAIN
accident_001202,001202.mp4,dataset/raw/accident/001202.mp4,accident,0.859,True,1280,720,10.0,50,5.0,Valid video stream.,TRAIN
accident_001203,001203.mp4,dataset/raw/accident/001203.mp4,accident,0.603,True,1280,720,10.0,50,5.0,Valid video stream.,TRAIN
accident_001204,001204.mp4,dataset/raw/accident/001204.mp4,accident,0.643,True,1280,720,10.0,50,5.0,Valid video stream.,TRAIN
accident_001205,001205.mp4,dataset/raw/accident/001205.mp4,accident,0.455,True,1280,720,10.0,50,5.0,Valid video stream.,TEST
accident_001206,001206.mp4,dataset/raw/accident/001206.mp4,accident,0.582,True,1280,720,10.0,50,5.0,Valid video stream.,TEST
accident_001207,001207.mp4,dataset/raw/accident/001207.mp4,accident,0.347,True,1280,720,10.0,50,5.0,Valid video stream.,TEST
accident_001208,001208.mp4,dataset/raw/accident/001208.mp4,accident,0.649,True,1280,720,10.0,50,5.0,Valid video stream.,TRAIN
accident_001209,001209.mp4,dataset/raw/accident/001209.mp4,accident,0.349,True,1280,720,10.0,50,5.0,Valid video stream.,TRAIN
accident_001210,001210.mp4,dataset/raw/accident/001210.mp4,accident,0.499,True,1280,720,10.0,50,5.0,Valid video stream.,TEST
accident_001211,001211.mp4,dataset/raw/accident/001211.mp4,accident,0.364,True,1280,720,10.0,50,5.0,Valid video stream.,TRAIN
accident_001212,001212.mp4,dataset/raw/accident/001212.mp4,accident,0.432,True,1280,720,10.0,50,5.0,Valid video stream.,TRAIN
accident_001213,001213.mp4,dataset/raw/accident/001213.mp4,accident,0.492,True,1280,720,10.0,50,5.0,Valid video stream.,TRAIN
accident_001214,001214.mp4,dataset/raw/accident/001214.mp4,accident,0.43,True,1280,720,10.0,50,5.0,Valid video stream.,VALIDATION
accident_001215,001215.mp4,dataset/raw/accident/001215.mp4,accident,0.444,True,1280,720,10.0,50,5.0,Valid video stream.,TRAIN
accident_001216,001216.mp4,dataset/raw/accident/001216.mp4,accident,0.879,True,1280,720,10.0,50,5.0,Valid video stream.,TRAIN
accident_001217,001217.mp4,dataset/raw/accident/001217.mp4,accident,0.358,True,1280,720,10.0,50,5.0,Valid video stream.,TRAIN
accident_001218,001218.mp4,dataset/raw/accident/001218.mp4,accident,0.615,True,1280,720,10.0,50,5.0,Valid video stream.,TRAIN
accident_001219,001219.mp4,dataset/raw/accident/001219.mp4,accident,0.493,True,1280,720,10.0,50,5.0,Valid video stream.,TRAIN
accident_001220,001220.mp4,dataset/raw/accident/001220.mp4,accident,0.401,True,1280,720,10.0,50,5.0,Valid video stream.,TRAIN
accident_001221,001221.mp4,dataset/raw/accident/001221.mp4,accident,0.343,True,1280,720,10.0,50,5.0,Valid video stream.,TEST
accident_001222,001222.mp4,dataset/raw/accident/001222.mp4,accident,0.312,True,1280,720,10.0,50,5.0,Valid video stream.,TEST
accident_001223,001223.mp4,dataset/raw/accident/001223.mp4,accident,0.391,True,1280,720,10.0,50,5.0,Valid video stream.,TRAIN
accident_001224,001224.mp4,dataset/raw/accident/001224.mp4,accident,0.366,True,1280,720,10.0,50,5.0,Valid video stream.,VALIDATION
accident_001225,001225.mp4,dataset/raw/accident/001225.mp4,accident,0.678,True,1280,720,10.0,50,5.0,Valid video stream.,TRAIN
accident_001226,001226.mp4,dataset/raw/accident/001226.mp4,accident,0.325,True,1280,720,10.0,50,5.0,Valid video stream.,VALIDATION
accident_001227,001227.mp4,dataset/raw/accident/001227.mp4,accident,0.424,True,1280,720,10.0,50,5.0,Valid video stream.,TEST
accident_001228,001228.mp4,dataset/raw/accident/001228.mp4,accident,0.706,True,1280,720,10.0,50,5.0,Valid video stream.,TRAIN
accident_001229,001229.mp4,dataset/raw/accident/001229.mp4,accident,0.587,True,1280,720,10.0,50,5.0,Valid video stream.,TRAIN
accident_001230,001230.mp4,dataset/raw/accident/001230.mp4,accident,0.4,True,1280,720,10.0,50,5.0,Valid video stream.,TRAIN
accident_001231,001231.mp4,dataset/raw/accident/001231.mp4,accident,0.502,True,1280,720,10.0,50,5.0,Valid video stream.,TRAIN
accident_001232,001232.mp4,dataset/raw/accident/001232.mp4,accident,0.43,True,1280,720,10.0,50,5.0,Valid video stream.,TRAIN
accident_001233,001233.mp4,dataset/raw/accident/001233.mp4,accident,0.456,True,1280,720,10.0,50,5.0,Valid video stream.,TEST
accident_001234,001234.mp4,dataset/raw/accident/001234.mp4,accident,0.448,True,1280,720,10.0,50,5.0,Valid video stream.,VALIDATION
accident_001235,001235.mp4,dataset/raw/accident/001235.mp4,accident,0.322,True,1280,720,10.0,50,5.0,Valid video stream.,VALIDATION
accident_001236,001236.mp4,dataset/raw/accident/001236.mp4,accident,0.456,True,1280,720,10.0,50,5.0,Valid video stream.,TRAIN
accident_001237,001237.mp4,dataset/raw/accident/001237.mp4,accident,0.681,True,1280,720,10.0,50,5.0,Valid video stream.,TEST
accident_001238,001238.mp4,dataset/raw/accident/001238.mp4,accident,0.383,True,1280,720,10.0,50,5.0,Valid video stream.,TRAIN
accident_001239,001239.mp4,dataset/raw/accident/001239.mp4,accident,0.353,True,1280,720,10.0,50,5.0,Valid video stream.,TRAIN
accident_001240,001240.mp4,dataset/raw/accident/001240.mp4,accident,0.489,True,1280,720,10.0,50,5.0,Valid video stream.,TRAIN
accident_001241,001241.mp4,dataset/raw/accident/001241.mp4,accident,0.413,True,1280,720,10.0,50,5.0,Valid video stream.,TRAIN
accident_001242,001242.mp4,dataset/raw/accident/001242.mp4,accident,0.531,True,1280,720,10.0,50,5.0,Valid video stream.,TRAIN
accident_001243,001243.mp4,dataset/raw/accident/001243.mp4,accident,0.46,True,1280,720,10.0,50,5.0,Valid video stream.,TEST
accident_001244,001244.mp4,dataset/raw/accident/001244.mp4,accident,0.816,True,1280,720,10.0,50,5.0,Valid video stream.,TRAIN
accident_001245,001245.mp4,dataset/raw/accident/001245.mp4,accident,0.551,True,1280,720,10.0,50,5.0,Valid video stream.,TRAIN
accident_001246,001246.mp4,dataset/raw/accident/001246.mp4,accident,0.742,True,1280,720,10.0,50,5.0,Valid video stream.,TRAIN
accident_001247,001247.mp4,dataset/raw/accident/001247.mp4,accident,0.433,True,1280,720,10.0,50,5.0,Valid video stream.,TRAIN
accident_001248,001248.mp4,dataset/raw/accident/001248.mp4,accident,0.605,True,1280,720,10.0,50,5.0,Valid video stream.,TEST
accident_001249,001249.mp4,dataset/raw/accident/001249.mp4,accident,0.35,True,1280,720,10.0,50,5.0,Valid video stream.,VALIDATION
accident_001250,001250.mp4,dataset/raw/accident/001250.mp4,accident,0.625,True,1280,720,10.0,50,5.0,Valid video stream.,TRAIN
accident_001251,001251.mp4,dataset/raw/accident/001251.mp4,accident,0.441,True,1280,720,10.0,50,5.0,Valid video stream.,TRAIN
accident_001252,001252.mp4,dataset/raw/accident/001252.mp4,accident,0.397,True,1280,720,10.0,50,5.0,Valid video stream.,TRAIN
accident_001253,001253.mp4,dataset/raw/accident/001253.mp4,accident,1.266,True,1280,720,10.0,50,5.0,Valid video stream.,TRAIN
accident_001254,001254.mp4,dataset/raw/accident/001254.mp4,accident,0.41,True,1280,720,10.0,50,5.0,Valid video stream.,VALIDATION
accident_001255,001255.mp4,dataset/raw/accident/001255.mp4,accident,0.665,True,1280,720,10.0,50,5.0,Valid video stream.,TRAIN
accident_001256,001256.mp4,dataset/raw/accident/001256.mp4,accident,0.473,True,1280,720,10.0,50,5.0,Valid video stream.,TRAIN
accident_001257,001257.mp4,dataset/raw/accident/001257.mp4,accident,0.524,True,1280,720,10.0,50,5.0,Valid video stream.,TRAIN
accident_001258,001258.mp4,dataset/raw/accident/001258.mp4,accident,0.525,True,1280,720,10.0,50,5.0,Valid video stream.,TRAIN
accident_001259,001259.mp4,dataset/raw/accident/001259.mp4,accident,0.5,True,1280,720,10.0,50,5.0,Valid video stream.,VALIDATION
accident_001260,001260.mp4,dataset/raw/accident/001260.mp4,accident,0.378,True,1280,720,10.0,50,5.0,Valid video stream.,TRAIN
accident_001261,001261.mp4,dataset/raw/accident/001261.mp4,accident,0.406,True,1280,720,10.0,50,5.0,Valid video stream.,TRAIN
accident_001262,001262.mp4,dataset/raw/accident/001262.mp4,accident,0.451,True,1280,720,10.0,50,5.0,Valid video stream.,TRAIN
accident_001263,001263.mp4,dataset/raw/accident/001263.mp4,accident,0.712,True,1280,720,10.0,50,5.0,Valid video stream.,VALIDATION
accident_001264,001264.mp4,dataset/raw/accident/001264.mp4,accident,0.519,True,1280,720,10.0,50,5.0,Valid video stream.,VALIDATION
accident_001265,001265.mp4,dataset/raw/accident/001265.mp4,accident,0.69,True,1280,720,10.0,50,5.0,Valid video stream.,TRAIN
accident_001266,001266.mp4,dataset/raw/accident/001266.mp4,accident,0.284,True,1280,720,10.0,50,5.0,Valid video stream.,TRAIN
accident_001267,001267.mp4,dataset/raw/accident/001267.mp4,accident,0.541,True,1280,720,10.0,50,5.0,Valid video stream.,TEST
accident_001268,001268.mp4,dataset/raw/accident/001268.mp4,accident,0.516,True,1280,720,10.0,50,5.0,Valid video stream.,TRAIN
accident_001269,001269.mp4,dataset/raw/accident/001269.mp4,accident,0.474,True,1280,720,10.0,50,5.0,Valid video stream.,VALIDATION
accident_001270,001270.mp4,dataset/raw/accident/001270.mp4,accident,0.574,True,1280,720,10.0,50,5.0,Valid video stream.,VALIDATION
accident_001271,001271.mp4,dataset/raw/accident/001271.mp4,accident,0.282,True,1280,720,10.0,50,5.0,Valid video stream.,TRAIN
accident_001272,001272.mp4,dataset/raw/accident/001272.mp4,accident,0.431,True,1280,720,10.0,50,5.0,Valid video stream.,TRAIN
accident_001273,001273.mp4,dataset/raw/accident/001273.mp4,accident,1.046,True,1280,720,10.0,50,5.0,Valid video stream.,TRAIN
accident_001274,001274.mp4,dataset/raw/accident/001274.mp4,accident,0.341,True,1280,720,10.0,50,5.0,Valid video stream.,TRAIN
accident_001275,001275.mp4,dataset/raw/accident/001275.mp4,accident,0.371,True,1280,720,10.0,50,5.0,Valid video stream.,TRAIN
accident_001276,001276.mp4,dataset/raw/accident/001276.mp4,accident,0.6,True,1280,720,10.0,50,5.0,Valid video stream.,TRAIN
accident_001277,001277.mp4,dataset/raw/accident/001277.mp4,accident,0.415,True,1280,720,10.0,50,5.0,Valid video stream.,TRAIN
accident_001278,001278.mp4,dataset/raw/accident/001278.mp4,accident,0.473,True,1280,720,10.0,50,5.0,Valid video stream.,VALIDATION
accident_001279,001279.mp4,dataset/raw/accident/001279.mp4,accident,0.362,True,1280,720,10.0,50,5.0,Valid video stream.,VALIDATION
accident_001280,001280.mp4,dataset/raw/accident/001280.mp4,accident,0.7,True,1280,720,10.0,50,5.0,Valid video stream.,TRAIN
accident_001281,001281.mp4,dataset/raw/accident/001281.mp4,accident,0.412,True,1280,720,10.0,50,5.0,Valid video stream.,TEST
accident_001282,001282.mp4,dataset/raw/accident/001282.mp4,accident,0.723,True,1280,720,10.0,50,5.0,Valid video stream.,TRAIN
accident_001283,001283.mp4,dataset/raw/accident/001283.mp4,accident,0.541,True,1280,720,10.0,50,5.0,Valid video stream.,TRAIN
accident_001284,001284.mp4,dataset/raw/accident/001284.mp4,accident,0.556,True,1280,720,10.0,50,5.0,Valid video stream.,TRAIN
accident_001285,001285.mp4,dataset/raw/accident/001285.mp4,accident,0.401,True,1280,720,10.0,50,5.0,Valid video stream.,TRAIN
accident_001286,001286.mp4,dataset/raw/accident/001286.mp4,accident,0.414,True,1280,720,10.0,50,5.0,Valid video stream.,TEST
accident_001287,001287.mp4,dataset/raw/accident/001287.mp4,accident,0.469,True,1280,720,10.0,50,5.0,Valid video stream.,TRAIN
accident_001288,001288.mp4,dataset/raw/accident/001288.mp4,accident,0.311,True,1280,720,10.0,50,5.0,Valid video stream.,TEST
accident_001289,001289.mp4,dataset/raw/accident/001289.mp4,accident,0.459,True,1280,720,10.0,50,5.0,Valid video stream.,TRAIN
accident_001290,001290.mp4,dataset/raw/accident/001290.mp4,accident,0.454,True,1280,720,10.0,50,5.0,Valid video stream.,TRAIN
accident_001291,001291.mp4,dataset/raw/accident/001291.mp4,accident,0.444,True,1280,720,10.0,50,5.0,Valid video stream.,TRAIN
accident_001292,001292.mp4,dataset/raw/accident/001292.mp4,accident,0.479,True,1280,720,10.0,50,5.0,Valid video stream.,TRAIN
accident_001293,001293.mp4,dataset/raw/accident/001293.mp4,accident,0.364,True,1280,720,10.0,50,5.0,Valid video stream.,TRAIN
accident_001294,001294.mp4,dataset/raw/accident/001294.mp4,accident,0.545,True,1280,720,10.0,50,5.0,Valid video stream.,VALIDATION
accident_001295,001295.mp4,dataset/raw/accident/001295.mp4,accident,0.787,True,1280,720,10.0,50,5.0,Valid video stream.,TRAIN
accident_001296,001296.mp4,dataset/raw/accident/001296.mp4,accident,0.463,True,1280,720,10.0,50,5.0,Valid video stream.,TRAIN
accident_001297,001297.mp4,dataset/raw/accident/001297.mp4,accident,0.618,True,1280,720,10.0,50,5.0,Valid video stream.,TRAIN
accident_001298,001298.mp4,dataset/raw/accident/001298.mp4,accident,0.736,True,1280,720,10.0,50,5.0,Valid video stream.,TRAIN
accident_001299,001299.mp4,dataset/raw/accident/001299.mp4,accident,0.481,True,1280,720,10.0,50,5.0,Valid video stream.,VALIDATION
accident_001300,001300.mp4,dataset/raw/accident/001300.mp4,accident,0.447,True,1280,720,10.0,50,5.0,Valid video stream.,TRAIN
accident_001301,001301.mp4,dataset/raw/accident/001301.mp4,accident,0.683,True,1280,720,10.0,50,5.0,Valid video stream.,TEST
accident_001302,001302.mp4,dataset/raw/accident/001302.mp4,accident,0.547,True,1280,720,10.0,50,5.0,Valid video stream.,TEST
accident_001303,001303.mp4,dataset/raw/accident/001303.mp4,accident,0.365,True,1280,720,10.0,50,5.0,Valid video stream.,TRAIN
accident_001304,001304.mp4,dataset/raw/accident/001304.mp4,accident,0.307,True,1280,720,10.0,50,5.0,Valid video stream.,TRAIN
accident_001305,001305.mp4,dataset/raw/accident/001305.mp4,accident,0.618,True,1280,720,10.0,50,5.0,Valid video stream.,TRAIN
accident_001306,001306.mp4,dataset/raw/accident/001306.mp4,accident,0.63,True,1280,720,10.0,50,5.0,Valid video stream.,TRAIN
accident_001307,001307.mp4,dataset/raw/accident/001307.mp4,accident,0.717,True,1280,720,10.0,50,5.0,Valid video stream.,TRAIN
accident_001308,001308.mp4,dataset/raw/accident/001308.mp4,accident,0.978,True,1280,720,10.0,50,5.0,Valid video stream.,TRAIN
accident_001309,001309.mp4,dataset/raw/accident/001309.mp4,accident,0.705,True,1280,720,10.0,50,5.0,Valid video stream.,TEST
accident_001310,001310.mp4,dataset/raw/accident/001310.mp4,accident,0.669,True,1280,720,10.0,50,5.0,Valid video stream.,TEST
accident_001311,001311.mp4,dataset/raw/accident/001311.mp4,accident,0.402,True,1280,720,10.0,50,5.0,Valid video stream.,TEST
accident_001312,001312.mp4,dataset/raw/accident/001312.mp4,accident,0.704,True,1280,720,10.0,50,5.0,Valid video stream.,TRAIN
accident_001313,001313.mp4,dataset/raw/accident/001313.mp4,accident,0.77,True,1280,720,10.0,50,5.0,Valid video stream.,TEST
accident_001314,001314.mp4,dataset/raw/accident/001314.mp4,accident,0.51,True,1280,720,10.0,50,5.0,Valid video stream.,TRAIN
accident_001315,001315.mp4,dataset/raw/accident/001315.mp4,accident,0.399,True,1280,720,10.0,50,5.0,Valid video stream.,TRAIN
accident_001316,001316.mp4,dataset/raw/accident/001316.mp4,accident,0.742,True,1280,720,10.0,50,5.0,Valid video stream.,TRAIN
accident_001317,001317.mp4,dataset/raw/accident/001317.mp4,accident,0.414,True,1280,720,10.0,50,5.0,Valid video stream.,TEST
accident_001318,001318.mp4,dataset/raw/accident/001318.mp4,accident,0.719,True,1280,720,10.0,50,5.0,Valid video stream.,TRAIN
accident_001319,001319.mp4,dataset/raw/accident/001319.mp4,accident,0.451,True,1280,720,10.0,50,5.0,Valid video stream.,TRAIN
accident_001320,001320.mp4,dataset/raw/accident/001320.mp4,accident,0.365,True,1280,720,10.0,50,5.0,Valid video stream.,TRAIN
accident_001321,001321.mp4,dataset/raw/accident/001321.mp4,accident,0.602,True,1280,720,10.0,50,5.0,Valid video stream.,VALIDATION
accident_001322,001322.mp4,dataset/raw/accident/001322.mp4,accident,0.495,True,1280,720,10.0,50,5.0,Valid video stream.,TRAIN
accident_001323,001323.mp4,dataset/raw/accident/001323.mp4,accident,0.343,True,1280,720,10.0,50,5.0,Valid video stream.,VALIDATION
accident_001324,001324.mp4,dataset/raw/accident/001324.mp4,accident,0.291,True,1280,720,10.0,50,5.0,Valid video stream.,TRAIN
accident_001325,001325.mp4,dataset/raw/accident/001325.mp4,accident,0.8,True,1280,720,10.0,50,5.0,Valid video stream.,TRAIN
accident_001326,001326.mp4,dataset/raw/accident/001326.mp4,accident,0.353,True,1280,720,10.0,50,5.0,Valid video stream.,TRAIN
accident_001327,001327.mp4,dataset/raw/accident/001327.mp4,accident,0.478,True,1280,720,10.0,50,5.0,Valid video stream.,TRAIN
accident_001328,001328.mp4,dataset/raw/accident/001328.mp4,accident,0.377,True,1280,720,10.0,50,5.0,Valid video stream.,TEST
accident_001329,001329.mp4,dataset/raw/accident/001329.mp4,accident,0.359,True,1280,720,10.0,50,5.0,Valid video stream.,VALIDATION
accident_001330,001330.mp4,dataset/raw/accident/001330.mp4,accident,0.571,True,1280,720,10.0,50,5.0,Valid video stream.,TRAIN
accident_001331,001331.mp4,dataset/raw/accident/001331.mp4,accident,0.362,True,1280,720,10.0,50,5.0,Valid video stream.,TEST
accident_001332,001332.mp4,dataset/raw/accident/001332.mp4,accident,0.649,True,1280,720,10.0,50,5.0,Valid video stream.,TRAIN
accident_001333,001333.mp4,dataset/raw/accident/001333.mp4,accident,0.562,True,1280,720,10.0,50,5.0,Valid video stream.,TRAIN
accident_001334,001334.mp4,dataset/raw/accident/001334.mp4,accident,0.298,True,1280,720,10.0,50,5.0,Valid video stream.,TRAIN
accident_001335,001335.mp4,dataset/raw/accident/001335.mp4,accident,0.678,True,1280,720,10.0,50,5.0,Valid video stream.,TRAIN
accident_001336,001336.mp4,dataset/raw/accident/001336.mp4,accident,0.391,True,1280,720,10.0,50,5.0,Valid video stream.,TRAIN
accident_001337,001337.mp4,dataset/raw/accident/001337.mp4,accident,0.476,True,1280,720,10.0,50,5.0,Valid video stream.,TRAIN
accident_001338,001338.mp4,dataset/raw/accident/001338.mp4,accident,0.614,True,1280,720,10.0,50,5.0,Valid video stream.,TRAIN
accident_001339,001339.mp4,dataset/raw/accident/001339.mp4,accident,0.44,True,1280,720,10.0,50,5.0,Valid video stream.,TEST
accident_001340,001340.mp4,dataset/raw/accident/001340.mp4,accident,0.372,True,1280,720,10.0,50,5.0,Valid video stream.,VALIDATION
accident_001341,001341.mp4,dataset/raw/accident/001341.mp4,accident,0.561,True,1280,720,10.0,50,5.0,Valid video stream.,TRAIN
accident_001342,001342.mp4,dataset/raw/accident/001342.mp4,accident,0.629,True,1280,720,10.0,50,5.0,Valid video stream.,TRAIN
accident_001343,001343.mp4,dataset/raw/accident/001343.mp4,accident,0.569,True,1280,720,10.0,50,5.0,Valid video stream.,TEST
accident_001344,001344.mp4,dataset/raw/accident/001344.mp4,accident,0.903,True,1280,720,10.0,50,5.0,Valid video stream.,TRAIN
accident_001345,001345.mp4,dataset/raw/accident/001345.mp4,accident,0.743,True,1280,720,10.0,50,5.0,Valid video stream.,VALIDATION
accident_001346,001346.mp4,dataset/raw/accident/001346.mp4,accident,0.629,True,1280,720,10.0,50,5.0,Valid video stream.,TRAIN
accident_001347,001347.mp4,dataset/raw/accident/001347.mp4,accident,0.679,True,1280,720,10.0,50,5.0,Valid video stream.,TRAIN
accident_001348,001348.mp4,dataset/raw/accident/001348.mp4,accident,0.474,True,1280,720,10.0,50,5.0,Valid video stream.,TRAIN
accident_001349,001349.mp4,dataset/raw/accident/001349.mp4,accident,0.699,True,1280,720,10.0,50,5.0,Valid video stream.,TRAIN
accident_001350,001350.mp4,dataset/raw/accident/001350.mp4,accident,0.619,True,1280,720,10.0,50,5.0,Valid video stream.,TRAIN
accident_001351,001351.mp4,dataset/raw/accident/001351.mp4,accident,0.888,True,1280,720,10.0,50,5.0,Valid video stream.,VALIDATION
accident_001352,001352.mp4,dataset/raw/accident/001352.mp4,accident,0.605,True,1280,720,10.0,50,5.0,Valid video stream.,TRAIN
accident_001353,001353.mp4,dataset/raw/accident/001353.mp4,accident,0.57,True,1280,720,10.0,50,5.0,Valid video stream.,TRAIN
accident_001354,001354.mp4,dataset/raw/accident/001354.mp4,accident,0.655,True,1280,720,10.0,50,5.0,Valid video stream.,TRAIN
accident_001355,001355.mp4,dataset/raw/accident/001355.mp4,accident,0.425,True,1280,720,10.0,50,5.0,Valid video stream.,TEST
accident_001356,001356.mp4,dataset/raw/accident/001356.mp4,accident,0.28,True,1280,720,10.0,50,5.0,Valid video stream.,VALIDATION
accident_001357,001357.mp4,dataset/raw/accident/001357.mp4,accident,0.935,True,1280,720,10.0,50,5.0,Valid video stream.,VALIDATION
accident_001358,001358.mp4,dataset/raw/accident/001358.mp4,accident,0.334,True,1280,720,10.0,50,5.0,Valid video stream.,TRAIN
accident_001359,001359.mp4,dataset/raw/accident/001359.mp4,accident,0.615,True,1280,720,10.0,50,5.0,Valid video stream.,TRAIN
accident_001360,001360.mp4,dataset/raw/accident/001360.mp4,accident,0.421,True,1280,720,10.0,50,5.0,Valid video stream.,TRAIN
accident_001361,001361.mp4,dataset/raw/accident/001361.mp4,accident,0.825,True,1280,720,10.0,50,5.0,Valid video stream.,TRAIN
accident_001362,001362.mp4,dataset/raw/accident/001362.mp4,accident,0.69,True,1280,720,10.0,50,5.0,Valid video stream.,TRAIN
accident_001363,001363.mp4,dataset/raw/accident/001363.mp4,accident,0.697,True,1280,720,10.0,50,5.0,Valid video stream.,TRAIN
accident_001364,001364.mp4,dataset/raw/accident/001364.mp4,accident,0.578,True,1280,720,10.0,50,5.0,Valid video stream.,VALIDATION
accident_001365,001365.mp4,dataset/raw/accident/001365.mp4,accident,0.39,True,1280,720,10.0,50,5.0,Valid video stream.,TRAIN
accident_001366,001366.mp4,dataset/raw/accident/001366.mp4,accident,0.44,True,1280,720,10.0,50,5.0,Valid video stream.,TRAIN
accident_001367,001367.mp4,dataset/raw/accident/001367.mp4,accident,0.501,True,1280,720,10.0,50,5.0,Valid video stream.,TEST
accident_001368,001368.mp4,dataset/raw/accident/001368.mp4,accident,0.466,True,1280,720,10.0,50,5.0,Valid video stream.,TRAIN
accident_001369,001369.mp4,dataset/raw/accident/001369.mp4,accident,0.352,True,1280,720,10.0,50,5.0,Valid video stream.,TRAIN
accident_001370,001370.mp4,dataset/raw/accident/001370.mp4,accident,0.528,True,1280,720,10.0,50,5.0,Valid video stream.,TRAIN
accident_001371,001371.mp4,dataset/raw/accident/001371.mp4,accident,0.409,True,1280,720,10.0,50,5.0,Valid video stream.,TRAIN
accident_001372,001372.mp4,dataset/raw/accident/001372.mp4,accident,0.593,True,1280,720,10.0,50,5.0,Valid video stream.,VALIDATION
accident_001373,001373.mp4,dataset/raw/accident/001373.mp4,accident,0.283,True,1280,720,10.0,50,5.0,Valid video stream.,TEST
accident_001374,001374.mp4,dataset/raw/accident/001374.mp4,accident,0.619,True,1280,720,10.0,50,5.0,Valid video stream.,TRAIN
accident_001375,001375.mp4,dataset/raw/accident/001375.mp4,accident,0.33,True,1280,720,10.0,50,5.0,Valid video stream.,TRAIN
accident_001376,001376.mp4,dataset/raw/accident/001376.mp4,accident,0.583,True,1280,720,10.0,50,5.0,Valid video stream.,TEST
accident_001377,001377.mp4,dataset/raw/accident/001377.mp4,accident,0.596,True,1280,720,10.0,50,5.0,Valid video stream.,TRAIN
accident_001378,001378.mp4,dataset/raw/accident/001378.mp4,accident,1.055,True,1280,720,10.0,50,5.0,Valid video stream.,TRAIN
accident_001379,001379.mp4,dataset/raw/accident/001379.mp4,accident,0.416,True,1280,720,10.0,50,5.0,Valid video stream.,TRAIN
accident_001380,001380.mp4,dataset/raw/accident/001380.mp4,accident,0.653,True,1280,720,10.0,50,5.0,Valid video stream.,TRAIN
accident_001381,001381.mp4,dataset/raw/accident/001381.mp4,accident,0.429,True,1280,720,10.0,50,5.0,Valid video stream.,TRAIN
accident_001382,001382.mp4,dataset/raw/accident/001382.mp4,accident,0.438,True,1280,720,10.0,50,5.0,Valid video stream.,TRAIN
accident_001383,001383.mp4,dataset/raw/accident/001383.mp4,accident,1.048,True,1280,720,10.0,50,5.0,Valid video stream.,TRAIN
accident_001384,001384.mp4,dataset/raw/accident/001384.mp4,accident,0.381,True,1280,720,10.0,50,5.0,Valid video stream.,TRAIN
accident_001385,001385.mp4,dataset/raw/accident/001385.mp4,accident,0.489,True,1280,720,10.0,50,5.0,Valid video stream.,TEST
accident_001386,001386.mp4,dataset/raw/accident/001386.mp4,accident,0.749,True,1280,720,10.0,50,5.0,Valid video stream.,TEST
accident_001387,001387.mp4,dataset/raw/accident/001387.mp4,accident,0.676,True,1280,720,10.0,50,5.0,Valid video stream.,TRAIN
accident_001388,001388.mp4,dataset/raw/accident/001388.mp4,accident,0.531,True,1280,720,10.0,50,5.0,Valid video stream.,TRAIN
accident_001389,001389.mp4,dataset/raw/accident/001389.mp4,accident,0.339,True,1280,720,10.0,50,5.0,Valid video stream.,VALIDATION
accident_001390,001390.mp4,dataset/raw/accident/001390.mp4,accident,0.798,True,1280,720,10.0,50,5.0,Valid video stream.,TRAIN
accident_001391,001391.mp4,dataset/raw/accident/001391.mp4,accident,0.956,True,1280,720,10.0,50,5.0,Valid video stream.,TRAIN
accident_001392,001392.mp4,dataset/raw/accident/001392.mp4,accident,0.393,True,1280,720,10.0,50,5.0,Valid video stream.,TRAIN
accident_001393,001393.mp4,dataset/raw/accident/001393.mp4,accident,0.623,True,1280,720,10.0,50,5.0,Valid video stream.,TRAIN
accident_001394,001394.mp4,dataset/raw/accident/001394.mp4,accident,0.391,True,1280,720,10.0,50,5.0,Valid video stream.,TEST
accident_001395,001395.mp4,dataset/raw/accident/001395.mp4,accident,0.385,True,1280,720,10.0,50,5.0,Valid video stream.,TRAIN
accident_001396,001396.mp4,dataset/raw/accident/001396.mp4,accident,0.458,True,1280,720,10.0,50,5.0,Valid video stream.,TRAIN
accident_001397,001397.mp4,dataset/raw/accident/001397.mp4,accident,0.426,True,1280,720,10.0,50,5.0,Valid video stream.,TRAIN
accident_001398,001398.mp4,dataset/raw/accident/001398.mp4,accident,0.324,True,1280,720,10.0,50,5.0,Valid video stream.,VALIDATION
accident_001399,001399.mp4,dataset/raw/accident/001399.mp4,accident,0.452,True,1280,720,10.0,50,5.0,Valid video stream.,TRAIN
accident_001400,001400.mp4,dataset/raw/accident/001400.mp4,accident,0.536,True,1280,720,10.0,50,5.0,Valid video stream.,TEST
accident_001401,001401.mp4,dataset/raw/accident/001401.mp4,accident,0.421,True,1280,720,10.0,50,5.0,Valid video stream.,TRAIN
accident_001402,001402.mp4,dataset/raw/accident/001402.mp4,accident,1.01,True,1280,720,10.0,50,5.0,Valid video stream.,TRAIN
accident_001403,001403.mp4,dataset/raw/accident/001403.mp4,accident,0.386,True,1280,720,10.0,50,5.0,Valid video stream.,TEST
accident_001404,001404.mp4,dataset/raw/accident/001404.mp4,accident,0.612,True,1280,720,10.0,50,5.0,Valid video stream.,TRAIN
accident_001405,001405.mp4,dataset/raw/accident/001405.mp4,accident,0.4,True,1280,720,10.0,50,5.0,Valid video stream.,TEST
accident_001406,001406.mp4,dataset/raw/accident/001406.mp4,accident,0.823,True,1280,720,10.0,50,5.0,Valid video stream.,TRAIN
accident_001407,001407.mp4,dataset/raw/accident/001407.mp4,accident,0.314,True,1280,720,10.0,50,5.0,Valid video stream.,TRAIN
accident_001408,001408.mp4,dataset/raw/accident/001408.mp4,accident,0.611,True,1280,720,10.0,50,5.0,Valid video stream.,TRAIN
accident_001409,001409.mp4,dataset/raw/accident/001409.mp4,accident,0.394,True,1280,720,10.0,50,5.0,Valid video stream.,TRAIN
accident_001410,001410.mp4,dataset/raw/accident/001410.mp4,accident,0.476,True,1280,720,10.0,50,5.0,Valid video stream.,TRAIN
accident_001411,001411.mp4,dataset/raw/accident/001411.mp4,accident,0.46,True,1280,720,10.0,50,5.0,Valid video stream.,TRAIN
accident_001412,001412.mp4,dataset/raw/accident/001412.mp4,accident,0.424,True,1280,720,10.0,50,5.0,Valid video stream.,TRAIN
accident_001413,001413.mp4,dataset/raw/accident/001413.mp4,accident,0.544,True,1280,720,10.0,50,5.0,Valid video stream.,TRAIN
accident_001414,001414.mp4,dataset/raw/accident/001414.mp4,accident,0.322,True,1280,720,10.0,50,5.0,Valid video stream.,TRAIN
accident_001415,001415.mp4,dataset/raw/accident/001415.mp4,accident,0.407,True,1280,720,10.0,50,5.0,Valid video stream.,VALIDATION
accident_001416,001416.mp4,dataset/raw/accident/001416.mp4,accident,0.419,True,1280,720,10.0,50,5.0,Valid video stream.,TEST
accident_001417,001417.mp4,dataset/raw/accident/001417.mp4,accident,0.94,True,1280,720,10.0,50,5.0,Valid video stream.,TRAIN
accident_001418,001418.mp4,dataset/raw/accident/001418.mp4,accident,0.342,True,1280,720,10.0,50,5.0,Valid video stream.,TEST
accident_001419,001419.mp4,dataset/raw/accident/001419.mp4,accident,0.606,True,1280,720,10.0,50,5.0,Valid video stream.,TRAIN
accident_001420,001420.mp4,dataset/raw/accident/001420.mp4,accident,0.57,True,1280,720,10.0,50,5.0,Valid video stream.,TEST
accident_001421,001421.mp4,dataset/raw/accident/001421.mp4,accident,0.501,True,1280,720,10.0,50,5.0,Valid video stream.,TRAIN
accident_001422,001422.mp4,dataset/raw/accident/001422.mp4,accident,0.476,True,1280,720,10.0,50,5.0,Valid video stream.,TRAIN
accident_001423,001423.mp4,dataset/raw/accident/001423.mp4,accident,0.319,True,1280,720,10.0,50,5.0,Valid video stream.,TRAIN
accident_001424,001424.mp4,dataset/raw/accident/001424.mp4,accident,0.651,True,1280,720,10.0,50,5.0,Valid video stream.,TRAIN
accident_001425,001425.mp4,dataset/raw/accident/001425.mp4,accident,0.383,True,1280,720,10.0,50,5.0,Valid video stream.,TRAIN
accident_001426,001426.mp4,dataset/raw/accident/001426.mp4,accident,0.576,True,1280,720,10.0,50,5.0,Valid video stream.,TRAIN
accident_001427,001427.mp4,dataset/raw/accident/001427.mp4,accident,0.457,True,1280,720,10.0,50,5.0,Valid video stream.,TRAIN
accident_001428,001428.mp4,dataset/raw/accident/001428.mp4,accident,0.634,True,1280,720,10.0,50,5.0,Valid video stream.,TRAIN
accident_001429,001429.mp4,dataset/raw/accident/001429.mp4,accident,0.324,True,1280,720,10.0,50,5.0,Valid video stream.,TRAIN
accident_001430,001430.mp4,dataset/raw/accident/001430.mp4,accident,0.605,True,1280,720,10.0,50,5.0,Valid video stream.,TEST
accident_001431,001431.mp4,dataset/raw/accident/001431.mp4,accident,0.587,True,1280,720,10.0,50,5.0,Valid video stream.,TRAIN
accident_001432,001432.mp4,dataset/raw/accident/001432.mp4,accident,0.506,True,1280,720,10.0,50,5.0,Valid video stream.,TRAIN
accident_001433,001433.mp4,dataset/raw/accident/001433.mp4,accident,0.308,True,1280,720,10.0,50,5.0,Valid video stream.,TRAIN
accident_001434,001434.mp4,dataset/raw/accident/001434.mp4,accident,0.431,True,1280,720,10.0,50,5.0,Valid video stream.,TRAIN
accident_001435,001435.mp4,dataset/raw/accident/001435.mp4,accident,0.309,True,1280,720,10.0,50,5.0,Valid video stream.,VALIDATION
accident_001436,001436.mp4,dataset/raw/accident/001436.mp4,accident,0.318,True,1280,720,10.0,50,5.0,Valid video stream.,VALIDATION
accident_001437,001437.mp4,dataset/raw/accident/001437.mp4,accident,0.487,True,1280,720,10.0,50,5.0,Valid video stream.,TEST
accident_001438,001438.mp4,dataset/raw/accident/001438.mp4,accident,0.388,True,1280,720,10.0,50,5.0,Valid video stream.,VALIDATION
accident_001439,001439.mp4,dataset/raw/accident/001439.mp4,accident,0.356,True,1280,720,10.0,50,5.0,Valid video stream.,TRAIN
accident_001440,001440.mp4,dataset/raw/accident/001440.mp4,accident,0.289,True,1280,720,10.0,50,5.0,Valid video stream.,TRAIN
accident_001441,001441.mp4,dataset/raw/accident/001441.mp4,accident,0.855,True,1280,720,10.0,50,5.0,Valid video stream.,TRAIN
accident_001442,001442.mp4,dataset/raw/accident/001442.mp4,accident,0.515,True,1280,720,10.0,50,5.0,Valid video stream.,TRAIN
accident_001443,001443.mp4,dataset/raw/accident/001443.mp4,accident,0.529,True,1280,720,10.0,50,5.0,Valid video stream.,TRAIN
accident_001444,001444.mp4,dataset/raw/accident/001444.mp4,accident,0.332,True,1280,720,10.0,50,5.0,Valid video stream.,TRAIN
accident_001445,001445.mp4,dataset/raw/accident/001445.mp4,accident,0.854,True,1280,720,10.0,50,5.0,Valid video stream.,TRAIN
accident_001446,001446.mp4,dataset/raw/accident/001446.mp4,accident,0.465,True,1280,720,10.0,50,5.0,Valid video stream.,TEST
accident_001447,001447.mp4,dataset/raw/accident/001447.mp4,accident,0.347,True,1280,720,10.0,50,5.0,Valid video stream.,TRAIN
accident_001448,001448.mp4,dataset/raw/accident/001448.mp4,accident,0.477,True,1280,720,10.0,50,5.0,Valid video stream.,TRAIN
accident_001449,001449.mp4,dataset/raw/accident/001449.mp4,accident,0.392,True,1280,720,10.0,50,5.0,Valid video stream.,VALIDATION
accident_001450,001450.mp4,dataset/raw/accident/001450.mp4,accident,0.589,True,1280,720,10.0,50,5.0,Valid video stream.,TRAIN
accident_001451,001451.mp4,dataset/raw/accident/001451.mp4,accident,0.264,True,1280,720,10.0,50,5.0,Valid video stream.,TRAIN
accident_001452,001452.mp4,dataset/raw/accident/001452.mp4,accident,1.037,True,1280,720,10.0,50,5.0,Valid video stream.,VALIDATION
accident_001453,001453.mp4,dataset/raw/accident/001453.mp4,accident,0.288,True,1280,720,10.0,50,5.0,Valid video stream.,VALIDATION
accident_001454,001454.mp4,dataset/raw/accident/001454.mp4,accident,0.408,True,1280,720,10.0,50,5.0,Valid video stream.,TRAIN
accident_001455,001455.mp4,dataset/raw/accident/001455.mp4,accident,0.41,True,1280,720,10.0,50,5.0,Valid video stream.,TRAIN
accident_001456,001456.mp4,dataset/raw/accident/001456.mp4,accident,0.588,True,1280,720,10.0,50,5.0,Valid video stream.,VALIDATION
accident_001457,001457.mp4,dataset/raw/accident/001457.mp4,accident,0.345,True,1280,720,10.0,50,5.0,Valid video stream.,TEST
accident_001458,001458.mp4,dataset/raw/accident/001458.mp4,accident,0.694,True,1280,720,10.0,50,5.0,Valid video stream.,VALIDATION
accident_001459,001459.mp4,dataset/raw/accident/001459.mp4,accident,0.384,True,1280,720,10.0,50,5.0,Valid video stream.,TRAIN
accident_001460,001460.mp4,dataset/raw/accident/001460.mp4,accident,0.342,True,1280,720,10.0,50,5.0,Valid video stream.,TRAIN
accident_001461,001461.mp4,dataset/raw/accident/001461.mp4,accident,0.417,True,1280,720,10.0,50,5.0,Valid video stream.,TRAIN
accident_001462,001462.mp4,dataset/raw/accident/001462.mp4,accident,0.671,True,1280,720,10.0,50,5.0,Valid video stream.,VALIDATION
accident_001463,001463.mp4,dataset/raw/accident/001463.mp4,accident,0.349,True,1280,720,10.0,50,5.0,Valid video stream.,TEST
accident_001464,001464.mp4,dataset/raw/accident/001464.mp4,accident,0.394,True,1280,720,10.0,50,5.0,Valid video stream.,TEST
accident_001465,001465.mp4,dataset/raw/accident/001465.mp4,accident,0.285,True,1280,720,10.0,50,5.0,Valid video stream.,TRAIN
accident_001466,001466.mp4,dataset/raw/accident/001466.mp4,accident,0.403,True,1280,720,10.0,50,5.0,Valid video stream.,TRAIN
accident_001467,001467.mp4,dataset/raw/accident/001467.mp4,accident,0.448,True,1280,720,10.0,50,5.0,Valid video stream.,TEST
accident_001468,001468.mp4,dataset/raw/accident/001468.mp4,accident,0.306,True,1280,720,10.0,50,5.0,Valid video stream.,TRAIN
accident_001469,001469.mp4,dataset/raw/accident/001469.mp4,accident,0.655,True,1280,720,10.0,50,5.0,Valid video stream.,TEST
accident_001470,001470.mp4,dataset/raw/accident/001470.mp4,accident,0.608,True,1280,720,10.0,50,5.0,Valid video stream.,TRAIN
accident_001471,001471.mp4,dataset/raw/accident/001471.mp4,accident,0.54,True,1280,720,10.0,50,5.0,Valid video stream.,TRAIN
accident_001472,001472.mp4,dataset/raw/accident/001472.mp4,accident,0.314,True,1280,720,10.0,50,5.0,Valid video stream.,TEST
accident_001473,001473.mp4,dataset/raw/accident/001473.mp4,accident,0.459,True,1280,720,10.0,50,5.0,Valid video stream.,TRAIN
accident_001474,001474.mp4,dataset/raw/accident/001474.mp4,accident,0.329,True,1280,720,10.0,50,5.0,Valid video stream.,TRAIN
accident_001475,001475.mp4,dataset/raw/accident/001475.mp4,accident,0.315,True,1280,720,10.0,50,5.0,Valid video stream.,TRAIN
accident_001476,001476.mp4,dataset/raw/accident/001476.mp4,accident,0.659,True,1280,720,10.0,50,5.0,Valid video stream.,TRAIN
accident_001477,001477.mp4,dataset/raw/accident/001477.mp4,accident,0.679,True,1280,720,10.0,50,5.0,Valid video stream.,VALIDATION
accident_001478,001478.mp4,dataset/raw/accident/001478.mp4,accident,0.345,True,1280,720,10.0,50,5.0,Valid video stream.,TEST
accident_001479,001479.mp4,dataset/raw/accident/001479.mp4,accident,0.5,True,1280,720,10.0,50,5.0,Valid video stream.,TEST
accident_001480,001480.mp4,dataset/raw/accident/001480.mp4,accident,0.419,True,1280,720,10.0,50,5.0,Valid video stream.,TRAIN
accident_001481,001481.mp4,dataset/raw/accident/001481.mp4,accident,0.446,True,1280,720,10.0,50,5.0,Valid video stream.,TRAIN
accident_001482,001482.mp4,dataset/raw/accident/001482.mp4,accident,0.932,True,1280,720,10.0,50,5.0,Valid video stream.,TRAIN
accident_001483,001483.mp4,dataset/raw/accident/001483.mp4,accident,0.424,True,1280,720,10.0,50,5.0,Valid video stream.,TEST
accident_001484,001484.mp4,dataset/raw/accident/001484.mp4,accident,0.648,True,1280,720,10.0,50,5.0,Valid video stream.,TRAIN
accident_001485,001485.mp4,dataset/raw/accident/001485.mp4,accident,0.487,True,1280,720,10.0,50,5.0,Valid video stream.,VALIDATION
accident_001486,001486.mp4,dataset/raw/accident/001486.mp4,accident,0.866,True,1280,720,10.0,50,5.0,Valid video stream.,TRAIN
accident_001487,001487.mp4,dataset/raw/accident/001487.mp4,accident,0.388,True,1280,720,10.0,50,5.0,Valid video stream.,TEST
accident_001488,001488.mp4,dataset/raw/accident/001488.mp4,accident,0.64,True,1280,720,10.0,50,5.0,Valid video stream.,TEST
accident_001489,001489.mp4,dataset/raw/accident/001489.mp4,accident,0.507,True,1280,720,10.0,50,5.0,Valid video stream.,TRAIN
accident_001490,001490.mp4,dataset/raw/accident/001490.mp4,accident,0.52,True,1280,720,10.0,50,5.0,Valid video stream.,TRAIN
accident_001491,001491.mp4,dataset/raw/accident/001491.mp4,accident,0.361,True,1280,720,10.0,50,5.0,Valid video stream.,TEST
accident_001492,001492.mp4,dataset/raw/accident/001492.mp4,accident,0.624,True,1280,720,10.0,50,5.0,Valid video stream.,TRAIN
accident_001493,001493.mp4,dataset/raw/accident/001493.mp4,accident,0.36,True,1280,720,10.0,50,5.0,Valid video stream.,TEST
accident_001494,001494.mp4,dataset/raw/accident/001494.mp4,accident,0.343,True,1280,720,10.0,50,5.0,Valid video stream.,TEST
accident_001495,001495.mp4,dataset/raw/accident/001495.mp4,accident,0.522,True,1280,720,10.0,50,5.0,Valid video stream.,TRAIN
accident_001496,001496.mp4,dataset/raw/accident/001496.mp4,accident,0.822,True,1280,720,10.0,50,5.0,Valid video stream.,TEST
accident_001497,001497.mp4,dataset/raw/accident/001497.mp4,accident,0.338,True,1280,720,10.0,50,5.0,Valid video stream.,TRAIN
accident_001498,001498.mp4,dataset/raw/accident/001498.mp4,accident,0.364,True,1280,720,10.0,50,5.0,Valid video stream.,TRAIN
accident_001499,001499.mp4,dataset/raw/accident/001499.mp4,accident,0.525,True,1280,720,10.0,50,5.0,Valid video stream.,TEST
accident_001500,001500.mp4,dataset/raw/accident/001500.mp4,accident,0.592,True,1280,720,10.0,50,5.0,Valid video stream.,TRAIN
normal_000001,000001.mp4,dataset/raw/normal/000001.mp4,normal,1.588,True,1280,720,10.0,50,5.0,Valid video stream.,TRAIN
normal_000002,000002.mp4,dataset/raw/normal/000002.mp4,normal,3.537,True,1280,720,10.0,50,5.0,Valid video stream.,TRAIN
normal_000003,000003.mp4,dataset/raw/normal/000003.mp4,normal,3.298,True,1280,720,10.0,50,5.0,Valid video stream.,TRAIN
normal_000004,000004.mp4,dataset/raw/normal/000004.mp4,normal,2.572,True,1280,720,10.0,50,5.0,Valid video stream.,TRAIN
normal_000005,000005.mp4,dataset/raw/normal/000005.mp4,normal,3.706,True,1280,720,10.0,50,5.0,Valid video stream.,TRAIN
normal_000006,000006.mp4,dataset/raw/normal/000006.mp4,normal,3.161,True,1280,720,10.0,50,5.0,Valid video stream.,TRAIN
normal_000007,000007.mp4,dataset/raw/normal/000007.mp4,normal,0.901,True,1280,720,10.0,50,5.0,Valid video stream.,TEST
normal_000008,000008.mp4,dataset/raw/normal/000008.mp4,normal,1.338,True,1280,720,10.0,50,5.0,Valid video stream.,TRAIN
normal_000009,000009.mp4,dataset/raw/normal/000009.mp4,normal,1.255,True,1280,720,10.0,50,5.0,Valid video stream.,TRAIN
normal_000010,000010.mp4,dataset/raw/normal/000010.mp4,normal,2.821,True,1280,720,10.0,50,5.0,Valid video stream.,TRAIN
normal_000011,000011.mp4,dataset/raw/normal/000011.mp4,normal,3.003,True,1280,720,10.0,50,5.0,Valid video stream.,TRAIN
normal_000012,000012.mp4,dataset/raw/normal/000012.mp4,normal,2.282,True,1280,720,10.0,50,5.0,Valid video stream.,TRAIN
normal_000013,000013.mp4,dataset/raw/normal/000013.mp4,normal,1.427,True,1280,720,10.0,50,5.0,Valid video stream.,TRAIN
normal_000014,000014.mp4,dataset/raw/normal/000014.mp4,normal,1.168,True,1280,720,10.0,50,5.0,Valid video stream.,TRAIN
normal_000015,000015.mp4,dataset/raw/normal/000015.mp4,normal,1.222,True,1280,720,10.0,50,5.0,Valid video stream.,TRAIN
normal_000016,000016.mp4,dataset/raw/normal/000016.mp4,normal,0.83,True,1280,720,10.0,50,5.0,Valid video stream.,TRAIN
normal_000017,000017.mp4,dataset/raw/normal/000017.mp4,normal,0.982,True,1280,720,10.0,50,5.0,Valid video stream.,TRAIN
normal_000018,000018.mp4,dataset/raw/normal/000018.mp4,normal,0.714,True,1280,720,10.0,50,5.0,Valid video stream.,TRAIN
normal_000019,000019.mp4,dataset/raw/normal/000019.mp4,normal,0.512,True,1280,720,10.0,50,5.0,Valid video stream.,TRAIN
normal_000020,000020.mp4,dataset/raw/normal/000020.mp4,normal,0.73,True,1280,720,10.0,50,5.0,Valid video stream.,TRAIN
normal_000021,000021.mp4,dataset/raw/normal/000021.mp4,normal,0.69,True,1280,720,10.0,50,5.0,Valid video stream.,TRAIN
normal_000022,000022.mp4,dataset/raw/normal/000022.mp4,normal,0.385,True,1280,720,10.0,50,5.0,Valid video stream.,TEST
normal_000023,000023.mp4,dataset/raw/normal/000023.mp4,normal,0.494,True,1280,720,10.0,50,5.0,Valid video stream.,TRAIN
normal_000024,000024.mp4,dataset/raw/normal/000024.mp4,normal,0.298,True,1280,720,10.0,50,5.0,Valid video stream.,TRAIN
normal_000025,000025.mp4,dataset/raw/normal/000025.mp4,normal,1.513,True,1280,720,10.0,50,5.0,Valid video stream.,TRAIN
normal_000026,000026.mp4,dataset/raw/normal/000026.mp4,normal,1.231,True,1280,720,10.0,50,5.0,Valid video stream.,TEST
normal_000027,000027.mp4,dataset/raw/normal/000027.mp4,normal,1.111,True,1280,720,10.0,50,5.0,Valid video stream.,TRAIN
normal_000028,000028.mp4,dataset/raw/normal/000028.mp4,normal,2.176,True,1280,720,10.0,50,5.0,Valid video stream.,TRAIN
normal_000029,000029.mp4,dataset/raw/normal/000029.mp4,normal,1.68,True,1280,720,10.0,50,5.0,Valid video stream.,TRAIN
normal_000030,000030.mp4,dataset/raw/normal/000030.mp4,normal,3.318,True,1280,720,10.0,50,5.0,Valid video stream.,TRAIN
normal_000031,000031.mp4,dataset/raw/normal/000031.mp4,normal,0.511,True,1280,720,10.0,50,5.0,Valid video stream.,TRAIN
normal_000032,000032.mp4,dataset/raw/normal/000032.mp4,normal,0.745,True,1280,720,10.0,50,5.0,Valid video stream.,TEST
normal_000033,000033.mp4,dataset/raw/normal/000033.mp4,normal,0.72,True,1280,720,10.0,50,5.0,Valid video stream.,TRAIN
normal_000034,000034.mp4,dataset/raw/normal/000034.mp4,normal,2.206,True,1280,720,10.0,50,5.0,Valid video stream.,VALIDATION
normal_000035,000035.mp4,dataset/raw/normal/000035.mp4,normal,2.437,True,1280,720,10.0,50,5.0,Valid video stream.,TRAIN
normal_000036,000036.mp4,dataset/raw/normal/000036.mp4,normal,1.934,True,1280,720,10.0,50,5.0,Valid video stream.,TRAIN
normal_000037,000037.mp4,dataset/raw/normal/000037.mp4,normal,2.174,True,1280,720,10.0,50,5.0,Valid video stream.,TRAIN
normal_000038,000038.mp4,dataset/raw/normal/000038.mp4,normal,2.691,True,1280,720,10.0,50,5.0,Valid video stream.,TRAIN
normal_000039,000039.mp4,dataset/raw/normal/000039.mp4,normal,1.232,True,1280,720,10.0,50,5.0,Valid video stream.,TRAIN
normal_000040,000040.mp4,dataset/raw/normal/000040.mp4,normal,1.812,True,1280,720,10.0,50,5.0,Valid video stream.,TRAIN
normal_000041,000041.mp4,dataset/raw/normal/000041.mp4,normal,2.167,True,1280,720,10.0,50,5.0,Valid video stream.,TRAIN
normal_000042,000042.mp4,dataset/raw/normal/000042.mp4,normal,1.926,True,1280,720,10.0,50,5.0,Valid video stream.,TRAIN
normal_000043,000043.mp4,dataset/raw/normal/000043.mp4,normal,0.919,True,1280,720,10.0,50,5.0,Valid video stream.,TRAIN
normal_000044,000044.mp4,dataset/raw/normal/000044.mp4,normal,0.742,True,1280,720,10.0,50,5.0,Valid video stream.,TRAIN
normal_000045,000045.mp4,dataset/raw/normal/000045.mp4,normal,1.523,True,1280,720,10.0,50,5.0,Valid video stream.,TRAIN
normal_000046,000046.mp4,dataset/raw/normal/000046.mp4,normal,2.54,True,1280,720,10.0,50,5.0,Valid video stream.,TRAIN
normal_000047,000047.mp4,dataset/raw/normal/000047.mp4,normal,2.786,True,1280,720,10.0,50,5.0,Valid video stream.,TRAIN
normal_000048,000048.mp4,dataset/raw/normal/000048.mp4,normal,2.538,True,1280,720,10.0,50,5.0,Valid video stream.,TRAIN
normal_000049,000049.mp4,dataset/raw/normal/000049.mp4,normal,2.082,True,1280,720,10.0,50,5.0,Valid video stream.,TRAIN
normal_000050,000050.mp4,dataset/raw/normal/000050.mp4,normal,1.363,True,1280,720,10.0,50,5.0,Valid video stream.,TRAIN
normal_000051,000051.mp4,dataset/raw/normal/000051.mp4,normal,1.274,True,1280,720,10.0,50,5.0,Valid video stream.,TRAIN
normal_000052,000052.mp4,dataset/raw/normal/000052.mp4,normal,1.289,True,1280,720,10.0,50,5.0,Valid video stream.,TRAIN
normal_000053,000053.mp4,dataset/raw/normal/000053.mp4,normal,1.26,True,1280,720,10.0,50,5.0,Valid video stream.,TRAIN
normal_000054,000054.mp4,dataset/raw/normal/000054.mp4,normal,0.973,True,1280,720,10.0,50,5.0,Valid video stream.,TRAIN
normal_000055,000055.mp4,dataset/raw/normal/000055.mp4,normal,1.957,True,1280,720,10.0,50,5.0,Valid video stream.,TRAIN
normal_000056,000056.mp4,dataset/raw/normal/000056.mp4,normal,2.336,True,1280,720,10.0,50,5.0,Valid video stream.,TRAIN
normal_000057,000057.mp4,dataset/raw/normal/000057.mp4,normal,1.12,True,1280,720,10.0,50,5.0,Valid video stream.,TRAIN
normal_000058,000058.mp4,dataset/raw/normal/000058.mp4,normal,3.172,True,1280,720,10.0,50,5.0,Valid video stream.,TRAIN
normal_000059,000059.mp4,dataset/raw/normal/000059.mp4,normal,2.695,True,1280,720,10.0,50,5.0,Valid video stream.,TRAIN
normal_000060,000060.mp4,dataset/raw/normal/000060.mp4,normal,2.811,True,1280,720,10.0,50,5.0,Valid video stream.,TRAIN
normal_000061,000061.mp4,dataset/raw/normal/000061.mp4,normal,2.387,True,1280,720,10.0,50,5.0,Valid video stream.,TRAIN
normal_000062,000062.mp4,dataset/raw/normal/000062.mp4,normal,3.188,True,1280,720,10.0,50,5.0,Valid video stream.,TRAIN
normal_000063,000063.mp4,dataset/raw/normal/000063.mp4,normal,3.613,True,1280,720,10.0,50,5.0,Valid video stream.,TRAIN
normal_000064,000064.mp4,dataset/raw/normal/000064.mp4,normal,0.686,True,1280,720,10.0,50,5.0,Valid video stream.,TRAIN
normal_000065,000065.mp4,dataset/raw/normal/000065.mp4,normal,1.812,True,1280,720,10.0,50,5.0,Valid video stream.,TRAIN
normal_000066,000066.mp4,dataset/raw/normal/000066.mp4,normal,0.79,True,1280,720,10.0,50,5.0,Valid video stream.,TRAIN
normal_000067,000067.mp4,dataset/raw/normal/000067.mp4,normal,1.078,True,1280,720,10.0,50,5.0,Valid video stream.,VALIDATION
normal_000068,000068.mp4,dataset/raw/normal/000068.mp4,normal,1.324,True,1280,720,10.0,50,5.0,Valid video stream.,TEST
normal_000069,000069.mp4,dataset/raw/normal/000069.mp4,normal,1.036,True,1280,720,10.0,50,5.0,Valid video stream.,VALIDATION
normal_000070,000070.mp4,dataset/raw/normal/000070.mp4,normal,1.045,True,1280,720,10.0,50,5.0,Valid video stream.,TRAIN
normal_000071,000071.mp4,dataset/raw/normal/000071.mp4,normal,0.757,True,1280,720,10.0,50,5.0,Valid video stream.,TRAIN
normal_000072,000072.mp4,dataset/raw/normal/000072.mp4,normal,1.029,True,1280,720,10.0,50,5.0,Valid video stream.,TRAIN
normal_000073,000073.mp4,dataset/raw/normal/000073.mp4,normal,2.405,True,1280,720,10.0,50,5.0,Valid video stream.,TRAIN
normal_000074,000074.mp4,dataset/raw/normal/000074.mp4,normal,2.847,True,1280,720,10.0,50,5.0,Valid video stream.,TRAIN
normal_000075,000075.mp4,dataset/raw/normal/000075.mp4,normal,3.131,True,1280,720,10.0,50,5.0,Valid video stream.,TEST
normal_000076,000076.mp4,dataset/raw/normal/000076.mp4,normal,3.024,True,1280,720,10.0,50,5.0,Valid video stream.,TRAIN
normal_000077,000077.mp4,dataset/raw/normal/000077.mp4,normal,3.157,True,1280,720,10.0,50,5.0,Valid video stream.,TEST
normal_000078,000078.mp4,dataset/raw/normal/000078.mp4,normal,2.788,True,1280,720,10.0,50,5.0,Valid video stream.,TEST
normal_000079,000079.mp4,dataset/raw/normal/000079.mp4,normal,0.93,True,1280,720,10.0,50,5.0,Valid video stream.,TRAIN
normal_000080,000080.mp4,dataset/raw/normal/000080.mp4,normal,2.418,True,1280,720,10.0,50,5.0,Valid video stream.,TRAIN
normal_000081,000081.mp4,dataset/raw/normal/000081.mp4,normal,2.418,True,1280,720,10.0,50,5.0,Valid video stream.,TRAIN
normal_000082,000082.mp4,dataset/raw/normal/000082.mp4,normal,5.467,True,1280,720,10.0,50,5.0,Valid video stream.,TRAIN
normal_000083,000083.mp4,dataset/raw/normal/000083.mp4,normal,5.025,True,1280,720,10.0,50,5.0,Valid video stream.,TRAIN
normal_000084,000084.mp4,dataset/raw/normal/000084.mp4,normal,4.432,True,1280,720,10.0,50,5.0,Valid video stream.,TEST
normal_000085,000085.mp4,dataset/raw/normal/000085.mp4,normal,2.492,True,1280,720,10.0,50,5.0,Valid video stream.,TRAIN
normal_000086,000086.mp4,dataset/raw/normal/000086.mp4,normal,2.215,True,1280,720,10.0,50,5.0,Valid video stream.,TEST
normal_000087,000087.mp4,dataset/raw/normal/000087.mp4,normal,1.191,True,1280,720,10.0,50,5.0,Valid video stream.,TRAIN
normal_000088,000088.mp4,dataset/raw/normal/000088.mp4,normal,0.596,True,1280,720,10.0,50,5.0,Valid video stream.,TRAIN
normal_000089,000089.mp4,dataset/raw/normal/000089.mp4,normal,0.634,True,1280,720,10.0,50,5.0,Valid video stream.,TRAIN
normal_000090,000090.mp4,dataset/raw/normal/000090.mp4,normal,0.607,True,1280,720,10.0,50,5.0,Valid video stream.,TRAIN
normal_000091,000091.mp4,dataset/raw/normal/000091.mp4,normal,1.253,True,1280,720,10.0,50,5.0,Valid video stream.,TRAIN
normal_000092,000092.mp4,dataset/raw/normal/000092.mp4,normal,1.137,True,1280,720,10.0,50,5.0,Valid video stream.,TRAIN
normal_000093,000093.mp4,dataset/raw/normal/000093.mp4,normal,1.016,True,1280,720,10.0,50,5.0,Valid video stream.,TRAIN
normal_000094,000094.mp4,dataset/raw/normal/000094.mp4,normal,3.926,True,1280,720,10.0,50,5.0,Valid video stream.,TRAIN
normal_000095,000095.mp4,dataset/raw/normal/000095.mp4,normal,4.491,True,1280,720,10.0,50,5.0,Valid video stream.,VALIDATION
normal_000096,000096.mp4,dataset/raw/normal/000096.mp4,normal,4.158,True,1280,720,10.0,50,5.0,Valid video stream.,TRAIN
normal_000097,000097.mp4,dataset/raw/normal/000097.mp4,normal,0.792,True,1280,720,10.0,50,5.0,Valid video stream.,TRAIN
normal_000098,000098.mp4,dataset/raw/normal/000098.mp4,normal,1.132,True,1280,720,10.0,50,5.0,Valid video stream.,TRAIN
normal_000099,000099.mp4,dataset/raw/normal/000099.mp4,normal,1.462,True,1280,720,10.0,50,5.0,Valid video stream.,TRAIN
normal_000100,000100.mp4,dataset/raw/normal/000100.mp4,normal,4.951,True,1280,720,10.0,50,5.0,Valid video stream.,TRAIN
normal_000101,000101.mp4,dataset/raw/normal/000101.mp4,normal,3.974,True,1280,720,10.0,50,5.0,Valid video stream.,TRAIN
normal_000102,000102.mp4,dataset/raw/normal/000102.mp4,normal,3.542,True,1280,720,10.0,50,5.0,Valid video stream.,TRAIN
normal_000103,000103.mp4,dataset/raw/normal/000103.mp4,normal,2.176,True,1280,720,10.0,50,5.0,Valid video stream.,TRAIN
normal_000104,000104.mp4,dataset/raw/normal/000104.mp4,normal,2.222,True,1280,720,10.0,50,5.0,Valid video stream.,TRAIN
normal_000105,000105.mp4,dataset/raw/normal/000105.mp4,normal,2.213,True,1280,720,10.0,50,5.0,Valid video stream.,TRAIN
normal_000106,000106.mp4,dataset/raw/normal/000106.mp4,normal,1.678,True,1280,720,10.0,50,5.0,Valid video stream.,TRAIN
normal_000107,000107.mp4,dataset/raw/normal/000107.mp4,normal,1.696,True,1280,720,10.0,50,5.0,Valid video stream.,VALIDATION
normal_000108,000108.mp4,dataset/raw/normal/000108.mp4,normal,1.639,True,1280,720,10.0,50,5.0,Valid video stream.,TEST
normal_000109,000109.mp4,dataset/raw/normal/000109.mp4,normal,1.916,True,1280,720,10.0,50,5.0,Valid video stream.,TRAIN
normal_000110,000110.mp4,dataset/raw/normal/000110.mp4,normal,2.206,True,1280,720,10.0,50,5.0,Valid video stream.,TEST
normal_000111,000111.mp4,dataset/raw/normal/000111.mp4,normal,2.431,True,1280,720,10.0,50,5.0,Valid video stream.,TRAIN
normal_000112,000112.mp4,dataset/raw/normal/000112.mp4,normal,3.476,True,1280,720,10.0,50,5.0,Valid video stream.,TRAIN
normal_000113,000113.mp4,dataset/raw/normal/000113.mp4,normal,4.024,True,1280,720,10.0,50,5.0,Valid video stream.,TRAIN
normal_000114,000114.mp4,dataset/raw/normal/000114.mp4,normal,1.927,True,1280,720,10.0,50,5.0,Valid video stream.,TRAIN
normal_000115,000115.mp4,dataset/raw/normal/000115.mp4,normal,3.944,True,1280,720,10.0,50,5.0,Valid video stream.,TRAIN
normal_000116,000116.mp4,dataset/raw/normal/000116.mp4,normal,3.301,True,1280,720,10.0,50,5.0,Valid video stream.,TEST
normal_000117,000117.mp4,dataset/raw/normal/000117.mp4,normal,1.849,True,1280,720,10.0,50,5.0,Valid video stream.,VALIDATION
normal_000118,000118.mp4,dataset/raw/normal/000118.mp4,normal,0.779,True,1280,720,10.0,50,5.0,Valid video stream.,TRAIN
normal_000119,000119.mp4,dataset/raw/normal/000119.mp4,normal,0.764,True,1280,720,10.0,50,5.0,Valid video stream.,TEST
normal_000120,000120.mp4,dataset/raw/normal/000120.mp4,normal,0.452,True,1280,720,10.0,50,5.0,Valid video stream.,TRAIN
normal_000121,000121.mp4,dataset/raw/normal/000121.mp4,normal,5.098,True,1280,720,10.0,50,5.0,Valid video stream.,TRAIN
normal_000122,000122.mp4,dataset/raw/normal/000122.mp4,normal,2.184,True,1280,720,10.0,50,5.0,Valid video stream.,TRAIN
normal_000123,000123.mp4,dataset/raw/normal/000123.mp4,normal,1.451,True,1280,720,10.0,50,5.0,Valid video stream.,TRAIN
normal_000124,000124.mp4,dataset/raw/normal/000124.mp4,normal,5.625,True,1280,720,10.0,50,5.0,Valid video stream.,TRAIN
normal_000125,000125.mp4,dataset/raw/normal/000125.mp4,normal,3.377,True,1280,720,10.0,50,5.0,Valid video stream.,VALIDATION
normal_000126,000126.mp4,dataset/raw/normal/000126.mp4,normal,5.481,True,1280,720,10.0,50,5.0,Valid video stream.,TEST
normal_000127,000127.mp4,dataset/raw/normal/000127.mp4,normal,0.458,True,1280,720,10.0,50,5.0,Valid video stream.,TRAIN
normal_000128,000128.mp4,dataset/raw/normal/000128.mp4,normal,0.93,True,1280,720,10.0,50,5.0,Valid video stream.,VALIDATION
normal_000129,000129.mp4,dataset/raw/normal/000129.mp4,normal,1.198,True,1280,720,10.0,50,5.0,Valid video stream.,TRAIN
normal_000130,000130.mp4,dataset/raw/normal/000130.mp4,normal,0.813,True,1280,720,10.0,50,5.0,Valid video stream.,VALIDATION
normal_000131,000131.mp4,dataset/raw/normal/000131.mp4,normal,1.451,True,1280,720,10.0,50,5.0,Valid video stream.,TRAIN
normal_000132,000132.mp4,dataset/raw/normal/000132.mp4,normal,1.243,True,1280,720,10.0,50,5.0,Valid video stream.,TRAIN
normal_000133,000133.mp4,dataset/raw/normal/000133.mp4,normal,2.666,True,1280,720,10.0,50,5.0,Valid video stream.,VALIDATION
normal_000134,000134.mp4,dataset/raw/normal/000134.mp4,normal,2.432,True,1280,720,10.0,50,5.0,Valid video stream.,TRAIN
normal_000135,000135.mp4,dataset/raw/normal/000135.mp4,normal,2.862,True,1280,720,10.0,50,5.0,Valid video stream.,TRAIN
normal_000136,000136.mp4,dataset/raw/normal/000136.mp4,normal,1.183,True,1280,720,10.0,50,5.0,Valid video stream.,TRAIN
normal_000137,000137.mp4,dataset/raw/normal/000137.mp4,normal,1.141,True,1280,720,10.0,50,5.0,Valid video stream.,TRAIN
normal_000138,000138.mp4,dataset/raw/normal/000138.mp4,normal,1.282,True,1280,720,10.0,50,5.0,Valid video stream.,TRAIN
normal_000139,000139.mp4,dataset/raw/normal/000139.mp4,normal,1.732,True,1280,720,10.0,50,5.0,Valid video stream.,TRAIN
normal_000140,000140.mp4,dataset/raw/normal/000140.mp4,normal,1.905,True,1280,720,10.0,50,5.0,Valid video stream.,TRAIN
normal_000141,000141.mp4,dataset/raw/normal/000141.mp4,normal,1.818,True,1280,720,10.0,50,5.0,Valid video stream.,TRAIN
normal_000142,000142.mp4,dataset/raw/normal/000142.mp4,normal,2.654,True,1280,720,10.0,50,5.0,Valid video stream.,TRAIN
normal_000143,000143.mp4,dataset/raw/normal/000143.mp4,normal,2.916,True,1280,720,10.0,50,5.0,Valid video stream.,VALIDATION
normal_000144,000144.mp4,dataset/raw/normal/000144.mp4,normal,2.849,True,1280,720,10.0,50,5.0,Valid video stream.,TRAIN
normal_000145,000145.mp4,dataset/raw/normal/000145.mp4,normal,1.249,True,1280,720,10.0,50,5.0,Valid video stream.,TRAIN
normal_000146,000146.mp4,dataset/raw/normal/000146.mp4,normal,1.25,True,1280,720,10.0,50,5.0,Valid video stream.,TRAIN
normal_000147,000147.mp4,dataset/raw/normal/000147.mp4,normal,1.195,True,1280,720,10.0,50,5.0,Valid video stream.,TRAIN
normal_000148,000148.mp4,dataset/raw/normal/000148.mp4,normal,1.738,True,1280,720,10.0,50,5.0,Valid video stream.,TRAIN
normal_000149,000149.mp4,dataset/raw/normal/000149.mp4,normal,1.294,True,1280,720,10.0,50,5.0,Valid video stream.,VALIDATION
normal_000150,000150.mp4,dataset/raw/normal/000150.mp4,normal,0.872,True,1280,720,10.0,50,5.0,Valid video stream.,VALIDATION
normal_000151,000151.mp4,dataset/raw/normal/000151.mp4,normal,2.248,True,1280,720,10.0,50,5.0,Valid video stream.,TRAIN
normal_000152,000152.mp4,dataset/raw/normal/000152.mp4,normal,2.036,True,1280,720,10.0,50,5.0,Valid video stream.,VALIDATION
normal_000153,000153.mp4,dataset/raw/normal/000153.mp4,normal,1.207,True,1280,720,10.0,50,5.0,Valid video stream.,VALIDATION
normal_000154,000154.mp4,dataset/raw/normal/000154.mp4,normal,4.519,True,1280,720,10.0,50,5.0,Valid video stream.,TRAIN
normal_000155,000155.mp4,dataset/raw/normal/000155.mp4,normal,4.58,True,1280,720,10.0,50,5.0,Valid video stream.,TEST
normal_000156,000156.mp4,dataset/raw/normal/000156.mp4,normal,4.794,True,1280,720,10.0,50,5.0,Valid video stream.,TRAIN
normal_000157,000157.mp4,dataset/raw/normal/000157.mp4,normal,1.9,True,1280,720,10.0,50,5.0,Valid video stream.,TEST
normal_000158,000158.mp4,dataset/raw/normal/000158.mp4,normal,1.786,True,1280,720,10.0,50,5.0,Valid video stream.,TRAIN
normal_000159,000159.mp4,dataset/raw/normal/000159.mp4,normal,1.583,True,1280,720,10.0,50,5.0,Valid video stream.,TRAIN
normal_000160,000160.mp4,dataset/raw/normal/000160.mp4,normal,1.108,True,1280,720,10.0,50,5.0,Valid video stream.,VALIDATION
normal_000161,000161.mp4,dataset/raw/normal/000161.mp4,normal,1.274,True,1280,720,10.0,50,5.0,Valid video stream.,TEST
normal_000162,000162.mp4,dataset/raw/normal/000162.mp4,normal,1.273,True,1280,720,10.0,50,5.0,Valid video stream.,TRAIN
normal_000163,000163.mp4,dataset/raw/normal/000163.mp4,normal,2.436,True,1280,720,10.0,50,5.0,Valid video stream.,TRAIN
normal_000164,000164.mp4,dataset/raw/normal/000164.mp4,normal,2.182,True,1280,720,10.0,50,5.0,Valid video stream.,TRAIN
normal_000165,000165.mp4,dataset/raw/normal/000165.mp4,normal,2.157,True,1280,720,10.0,50,5.0,Valid video stream.,VALIDATION
normal_000166,000166.mp4,dataset/raw/normal/000166.mp4,normal,1.392,True,1280,720,10.0,50,5.0,Valid video stream.,TRAIN
normal_000167,000167.mp4,dataset/raw/normal/000167.mp4,normal,1.301,True,1280,720,10.0,50,5.0,Valid video stream.,TRAIN
normal_000168,000168.mp4,dataset/raw/normal/000168.mp4,normal,1.296,True,1280,720,10.0,50,5.0,Valid video stream.,TRAIN
normal_000169,000169.mp4,dataset/raw/normal/000169.mp4,normal,2.954,True,1280,720,10.0,50,5.0,Valid video stream.,TEST
normal_000170,000170.mp4,dataset/raw/normal/000170.mp4,normal,2.839,True,1280,720,10.0,50,5.0,Valid video stream.,TRAIN
normal_000171,000171.mp4,dataset/raw/normal/000171.mp4,normal,2.77,True,1280,720,10.0,50,5.0,Valid video stream.,TRAIN
normal_000172,000172.mp4,dataset/raw/normal/000172.mp4,normal,3.126,True,1280,720,10.0,50,5.0,Valid video stream.,VALIDATION
normal_000173,000173.mp4,dataset/raw/normal/000173.mp4,normal,4.67,True,1280,720,10.0,50,5.0,Valid video stream.,VALIDATION
normal_000174,000174.mp4,dataset/raw/normal/000174.mp4,normal,4.223,True,1280,720,10.0,50,5.0,Valid video stream.,TEST
normal_000175,000175.mp4,dataset/raw/normal/000175.mp4,normal,1.583,True,1280,720,10.0,50,5.0,Valid video stream.,TRAIN
normal_000176,000176.mp4,dataset/raw/normal/000176.mp4,normal,2.005,True,1280,720,10.0,50,5.0,Valid video stream.,TRAIN
normal_000177,000177.mp4,dataset/raw/normal/000177.mp4,normal,1.849,True,1280,720,10.0,50,5.0,Valid video stream.,TRAIN
normal_000178,000178.mp4,dataset/raw/normal/000178.mp4,normal,1.465,True,1280,720,10.0,50,5.0,Valid video stream.,TRAIN
normal_000179,000179.mp4,dataset/raw/normal/000179.mp4,normal,1.36,True,1280,720,10.0,50,5.0,Valid video stream.,TEST
normal_000180,000180.mp4,dataset/raw/normal/000180.mp4,normal,1.447,True,1280,720,10.0,50,5.0,Valid video stream.,VALIDATION
normal_000181,000181.mp4,dataset/raw/normal/000181.mp4,normal,3.52,True,1280,720,10.0,50,5.0,Valid video stream.,TRAIN
normal_000182,000182.mp4,dataset/raw/normal/000182.mp4,normal,4.657,True,1280,720,10.0,50,5.0,Valid video stream.,VALIDATION
normal_000183,000183.mp4,dataset/raw/normal/000183.mp4,normal,5.155,True,1280,720,10.0,50,5.0,Valid video stream.,TRAIN
normal_000184,000184.mp4,dataset/raw/normal/000184.mp4,normal,1.668,True,1280,720,10.0,50,5.0,Valid video stream.,TRAIN
normal_000185,000185.mp4,dataset/raw/normal/000185.mp4,normal,1.798,True,1280,720,10.0,50,5.0,Valid video stream.,TRAIN
normal_000186,000186.mp4,dataset/raw/normal/000186.mp4,normal,1.065,True,1280,720,10.0,50,5.0,Valid video stream.,VALIDATION
normal_000187,000187.mp4,dataset/raw/normal/000187.mp4,normal,1.792,True,1280,720,10.0,50,5.0,Valid video stream.,TEST
normal_000188,000188.mp4,dataset/raw/normal/000188.mp4,normal,2.061,True,1280,720,10.0,50,5.0,Valid video stream.,TRAIN
normal_000189,000189.mp4,dataset/raw/normal/000189.mp4,normal,1.397,True,1280,720,10.0,50,5.0,Valid video stream.,TRAIN
normal_000190,000190.mp4,dataset/raw/normal/000190.mp4,normal,3.088,True,1280,720,10.0,50,5.0,Valid video stream.,TRAIN
normal_000191,000191.mp4,dataset/raw/normal/000191.mp4,normal,3.911,True,1280,720,10.0,50,5.0,Valid video stream.,TRAIN
normal_000192,000192.mp4,dataset/raw/normal/000192.mp4,normal,3.143,True,1280,720,10.0,50,5.0,Valid video stream.,TRAIN
normal_000193,000193.mp4,dataset/raw/normal/000193.mp4,normal,1.174,True,1280,720,10.0,50,5.0,Valid video stream.,TRAIN
normal_000194,000194.mp4,dataset/raw/normal/000194.mp4,normal,1.123,True,1280,720,10.0,50,5.0,Valid video stream.,TRAIN
normal_000195,000195.mp4,dataset/raw/normal/000195.mp4,normal,1.103,True,1280,720,10.0,50,5.0,Valid video stream.,TRAIN
normal_000196,000196.mp4,dataset/raw/normal/000196.mp4,normal,3.907,True,1280,720,10.0,50,5.0,Valid video stream.,TEST
normal_000197,000197.mp4,dataset/raw/normal/000197.mp4,normal,2.993,True,1280,720,10.0,50,5.0,Valid video stream.,TRAIN
normal_000198,000198.mp4,dataset/raw/normal/000198.mp4,normal,2.096,True,1280,720,10.0,50,5.0,Valid video stream.,TRAIN
normal_000199,000199.mp4,dataset/raw/normal/000199.mp4,normal,1.538,True,1280,720,10.0,50,5.0,Valid video stream.,TRAIN
normal_000200,000200.mp4,dataset/raw/normal/000200.mp4,normal,1.364,True,1280,720,10.0,50,5.0,Valid video stream.,VALIDATION
normal_000201,000201.mp4,dataset/raw/normal/000201.mp4,normal,1.982,True,1280,720,10.0,50,5.0,Valid video stream.,TRAIN
normal_000202,000202.mp4,dataset/raw/normal/000202.mp4,normal,4.268,True,1280,720,10.0,50,5.0,Valid video stream.,TRAIN
normal_000203,000203.mp4,dataset/raw/normal/000203.mp4,normal,3.525,True,1280,720,10.0,50,5.0,Valid video stream.,TRAIN
normal_000204,000204.mp4,dataset/raw/normal/000204.mp4,normal,3.025,True,1280,720,10.0,50,5.0,Valid video stream.,TEST
normal_000205,000205.mp4,dataset/raw/normal/000205.mp4,normal,3.419,True,1280,720,10.0,50,5.0,Valid video stream.,TRAIN
normal_000206,000206.mp4,dataset/raw/normal/000206.mp4,normal,2.45,True,1280,720,10.0,50,5.0,Valid video stream.,TRAIN
normal_000207,000207.mp4,dataset/raw/normal/000207.mp4,normal,2.939,True,1280,720,10.0,50,5.0,Valid video stream.,TRAIN
normal_000208,000208.mp4,dataset/raw/normal/000208.mp4,normal,1.182,True,1280,720,10.0,50,5.0,Valid video stream.,VALIDATION
normal_000209,000209.mp4,dataset/raw/normal/000209.mp4,normal,1.372,True,1280,720,10.0,50,5.0,Valid video stream.,TRAIN
normal_000210,000210.mp4,dataset/raw/normal/000210.mp4,normal,0.888,True,1280,720,10.0,50,5.0,Valid video stream.,VALIDATION
normal_000211,000211.mp4,dataset/raw/normal/000211.mp4,normal,3.855,True,1280,720,10.0,50,5.0,Valid video stream.,TEST
normal_000212,000212.mp4,dataset/raw/normal/000212.mp4,normal,2.183,True,1280,720,10.0,50,5.0,Valid video stream.,TRAIN
normal_000213,000213.mp4,dataset/raw/normal/000213.mp4,normal,1.751,True,1280,720,10.0,50,5.0,Valid video stream.,TRAIN
normal_000214,000214.mp4,dataset/raw/normal/000214.mp4,normal,1.457,True,1280,720,10.0,50,5.0,Valid video stream.,TEST
normal_000215,000215.mp4,dataset/raw/normal/000215.mp4,normal,1.249,True,1280,720,10.0,50,5.0,Valid video stream.,TEST
normal_000216,000216.mp4,dataset/raw/normal/000216.mp4,normal,1.321,True,1280,720,10.0,50,5.0,Valid video stream.,TEST
normal_000217,000217.mp4,dataset/raw/normal/000217.mp4,normal,2.113,True,1280,720,10.0,50,5.0,Valid video stream.,TRAIN
normal_000218,000218.mp4,dataset/raw/normal/000218.mp4,normal,1.335,True,1280,720,10.0,50,5.0,Valid video stream.,TRAIN
normal_000219,000219.mp4,dataset/raw/normal/000219.mp4,normal,0.324,True,1280,720,10.0,50,5.0,Valid video stream.,TEST
normal_000220,000220.mp4,dataset/raw/normal/000220.mp4,normal,1.273,True,1280,720,10.0,50,5.0,Valid video stream.,TRAIN
normal_000221,000221.mp4,dataset/raw/normal/000221.mp4,normal,1.037,True,1280,720,10.0,50,5.0,Valid video stream.,TRAIN
normal_000222,000222.mp4,dataset/raw/normal/000222.mp4,normal,0.563,True,1280,720,10.0,50,5.0,Valid video stream.,TRAIN
normal_000223,000223.mp4,dataset/raw/normal/000223.mp4,normal,1.386,True,1280,720,10.0,50,5.0,Valid video stream.,TRAIN
normal_000224,000224.mp4,dataset/raw/normal/000224.mp4,normal,2.02,True,1280,720,10.0,50,5.0,Valid video stream.,TRAIN
normal_000225,000225.mp4,dataset/raw/normal/000225.mp4,normal,1.376,True,1280,720,10.0,50,5.0,Valid video stream.,TEST
normal_000226,000226.mp4,dataset/raw/normal/000226.mp4,normal,3.642,True,1280,720,10.0,50,5.0,Valid video stream.,TRAIN
normal_000227,000227.mp4,dataset/raw/normal/000227.mp4,normal,2.561,True,1280,720,10.0,50,5.0,Valid video stream.,VALIDATION
normal_000228,000228.mp4,dataset/raw/normal/000228.mp4,normal,1.329,True,1280,720,10.0,50,5.0,Valid video stream.,TRAIN
normal_000229,000229.mp4,dataset/raw/normal/000229.mp4,normal,1.285,True,1280,720,10.0,50,5.0,Valid video stream.,TRAIN
normal_000230,000230.mp4,dataset/raw/normal/000230.mp4,normal,2.118,True,1280,720,10.0,50,5.0,Valid video stream.,TRAIN
normal_000231,000231.mp4,dataset/raw/normal/000231.mp4,normal,1.416,True,1280,720,10.0,50,5.0,Valid video stream.,TEST
normal_000232,000232.mp4,dataset/raw/normal/000232.mp4,normal,2.087,True,1280,720,10.0,50,5.0,Valid video stream.,TRAIN
normal_000233,000233.mp4,dataset/raw/normal/000233.mp4,normal,1.421,True,1280,720,10.0,50,5.0,Valid video stream.,TRAIN
normal_000234,000234.mp4,dataset/raw/normal/000234.mp4,normal,0.994,True,1280,720,10.0,50,5.0,Valid video stream.,TEST
normal_000235,000235.mp4,dataset/raw/normal/000235.mp4,normal,0.999,True,1280,720,10.0,50,5.0,Valid video stream.,VALIDATION
normal_000236,000236.mp4,dataset/raw/normal/000236.mp4,normal,1.178,True,1280,720,10.0,50,5.0,Valid video stream.,TRAIN
normal_000237,000237.mp4,dataset/raw/normal/000237.mp4,normal,0.735,True,1280,720,10.0,50,5.0,Valid video stream.,TRAIN
normal_000238,000238.mp4,dataset/raw/normal/000238.mp4,normal,4.196,True,1280,720,10.0,50,5.0,Valid video stream.,TRAIN
normal_000239,000239.mp4,dataset/raw/normal/000239.mp4,normal,3.79,True,1280,720,10.0,50,5.0,Valid video stream.,TRAIN
normal_000240,000240.mp4,dataset/raw/normal/000240.mp4,normal,3.121,True,1280,720,10.0,50,5.0,Valid video stream.,TRAIN
normal_000241,000241.mp4,dataset/raw/normal/000241.mp4,normal,2.707,True,1280,720,10.0,50,5.0,Valid video stream.,TRAIN
normal_000242,000242.mp4,dataset/raw/normal/000242.mp4,normal,2.113,True,1280,720,10.0,50,5.0,Valid video stream.,TRAIN
normal_000243,000243.mp4,dataset/raw/normal/000243.mp4,normal,2.109,True,1280,720,10.0,50,5.0,Valid video stream.,VALIDATION
normal_000244,000244.mp4,dataset/raw/normal/000244.mp4,normal,0.798,True,1280,720,10.0,50,5.0,Valid video stream.,TRAIN
normal_000245,000245.mp4,dataset/raw/normal/000245.mp4,normal,0.666,True,1280,720,10.0,50,5.0,Valid video stream.,TRAIN
normal_000246,000246.mp4,dataset/raw/normal/000246.mp4,normal,0.504,True,1280,720,10.0,50,5.0,Valid video stream.,VALIDATION
normal_000247,000247.mp4,dataset/raw/normal/000247.mp4,normal,0.478,True,1280,720,10.0,50,5.0,Valid video stream.,TRAIN
normal_000248,000248.mp4,dataset/raw/normal/000248.mp4,normal,0.478,True,1280,720,10.0,50,5.0,Valid video stream.,TRAIN
normal_000249,000249.mp4,dataset/raw/normal/000249.mp4,normal,1.794,True,1280,720,10.0,50,5.0,Valid video stream.,TRAIN
normal_000250,000250.mp4,dataset/raw/normal/000250.mp4,normal,0.531,True,1280,720,10.0,50,5.0,Valid video stream.,TRAIN
normal_000251,000251.mp4,dataset/raw/normal/000251.mp4,normal,0.438,True,1280,720,10.0,50,5.0,Valid video stream.,TRAIN
normal_000252,000252.mp4,dataset/raw/normal/000252.mp4,normal,0.442,True,1280,720,10.0,50,5.0,Valid video stream.,TRAIN
normal_000253,000253.mp4,dataset/raw/normal/000253.mp4,normal,1.042,True,1280,720,10.0,50,5.0,Valid video stream.,TRAIN
normal_000254,000254.mp4,dataset/raw/normal/000254.mp4,normal,1.146,True,1280,720,10.0,50,5.0,Valid video stream.,TEST
normal_000255,000255.mp4,dataset/raw/normal/000255.mp4,normal,1.372,True,1280,720,10.0,50,5.0,Valid video stream.,TRAIN
normal_000256,000256.mp4,dataset/raw/normal/000256.mp4,normal,2.904,True,1280,720,10.0,50,5.0,Valid video stream.,VALIDATION
normal_000257,000257.mp4,dataset/raw/normal/000257.mp4,normal,3.38,True,1280,720,10.0,50,5.0,Valid video stream.,TRAIN
normal_000258,000258.mp4,dataset/raw/normal/000258.mp4,normal,3.356,True,1280,720,10.0,50,5.0,Valid video stream.,TEST
normal_000259,000259.mp4,dataset/raw/normal/000259.mp4,normal,2.659,True,1280,720,10.0,50,5.0,Valid video stream.,VALIDATION
normal_000260,000260.mp4,dataset/raw/normal/000260.mp4,normal,2.703,True,1280,720,10.0,50,5.0,Valid video stream.,TRAIN
normal_000261,000261.mp4,dataset/raw/normal/000261.mp4,normal,2.732,True,1280,720,10.0,50,5.0,Valid video stream.,TRAIN
normal_000262,000262.mp4,dataset/raw/normal/000262.mp4,normal,2.262,True,1280,720,10.0,50,5.0,Valid video stream.,TRAIN
normal_000263,000263.mp4,dataset/raw/normal/000263.mp4,normal,2.059,True,1280,720,10.0,50,5.0,Valid video stream.,TRAIN
normal_000264,000264.mp4,dataset/raw/normal/000264.mp4,normal,2.142,True,1280,720,10.0,50,5.0,Valid video stream.,TRAIN
normal_000265,000265.mp4,dataset/raw/normal/000265.mp4,normal,2.674,True,1280,720,10.0,50,5.0,Valid video stream.,TRAIN
normal_000266,000266.mp4,dataset/raw/normal/000266.mp4,normal,2.964,True,1280,720,10.0,50,5.0,Valid video stream.,VALIDATION
normal_000267,000267.mp4,dataset/raw/normal/000267.mp4,normal,2.347,True,1280,720,10.0,50,5.0,Valid video stream.,TRAIN
normal_000268,000268.mp4,dataset/raw/normal/000268.mp4,normal,2.292,True,1280,720,10.0,50,5.0,Valid video stream.,TRAIN
normal_000269,000269.mp4,dataset/raw/normal/000269.mp4,normal,2.521,True,1280,720,10.0,50,5.0,Valid video stream.,TRAIN
normal_000270,000270.mp4,dataset/raw/normal/000270.mp4,normal,2.558,True,1280,720,10.0,50,5.0,Valid video stream.,TEST
normal_000271,000271.mp4,dataset/raw/normal/000271.mp4,normal,0.538,True,1280,720,10.0,50,5.0,Valid video stream.,TRAIN
normal_000272,000272.mp4,dataset/raw/normal/000272.mp4,normal,0.767,True,1280,720,10.0,50,5.0,Valid video stream.,TRAIN
normal_000273,000273.mp4,dataset/raw/normal/000273.mp4,normal,0.513,True,1280,720,10.0,50,5.0,Valid video stream.,TRAIN
normal_000274,000274.mp4,dataset/raw/normal/000274.mp4,normal,2.714,True,1280,720,10.0,50,5.0,Valid video stream.,TRAIN
normal_000275,000275.mp4,dataset/raw/normal/000275.mp4,normal,2.874,True,1280,720,10.0,50,5.0,Valid video stream.,TRAIN
normal_000276,000276.mp4,dataset/raw/normal/000276.mp4,normal,1.104,True,1280,720,10.0,50,5.0,Valid video stream.,VALIDATION
normal_000277,000277.mp4,dataset/raw/normal/000277.mp4,normal,2.339,True,1280,720,10.0,50,5.0,Valid video stream.,VALIDATION
normal_000278,000278.mp4,dataset/raw/normal/000278.mp4,normal,2.453,True,1280,720,10.0,50,5.0,Valid video stream.,TEST
normal_000279,000279.mp4,dataset/raw/normal/000279.mp4,normal,1.673,True,1280,720,10.0,50,5.0,Valid video stream.,TRAIN
normal_000280,000280.mp4,dataset/raw/normal/000280.mp4,normal,1.053,True,1280,720,10.0,50,5.0,Valid video stream.,TEST
normal_000281,000281.mp4,dataset/raw/normal/000281.mp4,normal,1.499,True,1280,720,10.0,50,5.0,Valid video stream.,TRAIN
normal_000282,000282.mp4,dataset/raw/normal/000282.mp4,normal,1.147,True,1280,720,10.0,50,5.0,Valid video stream.,TRAIN
normal_000283,000283.mp4,dataset/raw/normal/000283.mp4,normal,1.603,True,1280,720,10.0,50,5.0,Valid video stream.,TRAIN
normal_000284,000284.mp4,dataset/raw/normal/000284.mp4,normal,1.869,True,1280,720,10.0,50,5.0,Valid video stream.,TRAIN
normal_000285,000285.mp4,dataset/raw/normal/000285.mp4,normal,0.943,True,1280,720,10.0,50,5.0,Valid video stream.,TRAIN
normal_000286,000286.mp4,dataset/raw/normal/000286.mp4,normal,1.626,True,1280,720,10.0,50,5.0,Valid video stream.,TEST
normal_000287,000287.mp4,dataset/raw/normal/000287.mp4,normal,1.869,True,1280,720,10.0,50,5.0,Valid video stream.,TRAIN
normal_000288,000288.mp4,dataset/raw/normal/000288.mp4,normal,1.411,True,1280,720,10.0,50,5.0,Valid video stream.,TRAIN
normal_000289,000289.mp4,dataset/raw/normal/000289.mp4,normal,0.859,True,1280,720,10.0,50,5.0,Valid video stream.,TRAIN
normal_000290,000290.mp4,dataset/raw/normal/000290.mp4,normal,1.22,True,1280,720,10.0,50,5.0,Valid video stream.,TRAIN
normal_000291,000291.mp4,dataset/raw/normal/000291.mp4,normal,0.969,True,1280,720,10.0,50,5.0,Valid video stream.,TRAIN
normal_000292,000292.mp4,dataset/raw/normal/000292.mp4,normal,3.359,True,1280,720,10.0,50,5.0,Valid video stream.,TRAIN
normal_000293,000293.mp4,dataset/raw/normal/000293.mp4,normal,2.833,True,1280,720,10.0,50,5.0,Valid video stream.,TRAIN
normal_000294,000294.mp4,dataset/raw/normal/000294.mp4,normal,2.031,True,1280,720,10.0,50,5.0,Valid video stream.,TRAIN
normal_000295,000295.mp4,dataset/raw/normal/000295.mp4,normal,2.712,True,1280,720,10.0,50,5.0,Valid video stream.,TRAIN
normal_000296,000296.mp4,dataset/raw/normal/000296.mp4,normal,3.166,True,1280,720,10.0,50,5.0,Valid video stream.,TEST
normal_000297,000297.mp4,dataset/raw/normal/000297.mp4,normal,2.381,True,1280,720,10.0,50,5.0,Valid video stream.,TRAIN
normal_000298,000298.mp4,dataset/raw/normal/000298.mp4,normal,1.856,True,1280,720,10.0,50,5.0,Valid video stream.,TRAIN
normal_000299,000299.mp4,dataset/raw/normal/000299.mp4,normal,2.023,True,1280,720,10.0,50,5.0,Valid video stream.,VALIDATION
normal_000300,000300.mp4,dataset/raw/normal/000300.mp4,normal,1.971,True,1280,720,10.0,50,5.0,Valid video stream.,TRAIN
normal_000301,000301.mp4,dataset/raw/normal/000301.mp4,normal,1.405,True,1280,720,10.0,50,5.0,Valid video stream.,TRAIN
normal_000302,000302.mp4,dataset/raw/normal/000302.mp4,normal,1.292,True,1280,720,10.0,50,5.0,Valid video stream.,VALIDATION
normal_000303,000303.mp4,dataset/raw/normal/000303.mp4,normal,0.981,True,1280,720,10.0,50,5.0,Valid video stream.,VALIDATION
normal_000304,000304.mp4,dataset/raw/normal/000304.mp4,normal,2.697,True,1280,720,10.0,50,5.0,Valid video stream.,TEST
normal_000305,000305.mp4,dataset/raw/normal/000305.mp4,normal,2.256,True,1280,720,10.0,50,5.0,Valid video stream.,TRAIN
normal_000306,000306.mp4,dataset/raw/normal/000306.mp4,normal,1.135,True,1280,720,10.0,50,5.0,Valid video stream.,TRAIN
normal_000307,000307.mp4,dataset/raw/normal/000307.mp4,normal,1.426,True,1280,720,10.0,50,5.0,Valid video stream.,TRAIN
normal_000308,000308.mp4,dataset/raw/normal/000308.mp4,normal,1.359,True,1280,720,10.0,50,5.0,Valid video stream.,VALIDATION
normal_000309,000309.mp4,dataset/raw/normal/000309.mp4,normal,1.266,True,1280,720,10.0,50,5.0,Valid video stream.,TEST
normal_000310,000310.mp4,dataset/raw/normal/000310.mp4,normal,0.956,True,1280,720,10.0,50,5.0,Valid video stream.,TRAIN
normal_000311,000311.mp4,dataset/raw/normal/000311.mp4,normal,0.905,True,1280,720,10.0,50,5.0,Valid video stream.,TRAIN
normal_000312,000312.mp4,dataset/raw/normal/000312.mp4,normal,0.944,True,1280,720,10.0,50,5.0,Valid video stream.,TRAIN
normal_000313,000313.mp4,dataset/raw/normal/000313.mp4,normal,2.415,True,1280,720,10.0,50,5.0,Valid video stream.,TEST
normal_000314,000314.mp4,dataset/raw/normal/000314.mp4,normal,3.338,True,1280,720,10.0,50,5.0,Valid video stream.,TRAIN
normal_000315,000315.mp4,dataset/raw/normal/000315.mp4,normal,3.588,True,1280,720,10.0,50,5.0,Valid video stream.,TEST
normal_000316,000316.mp4,dataset/raw/normal/000316.mp4,normal,4.613,True,1280,720,10.0,50,5.0,Valid video stream.,TRAIN
normal_000317,000317.mp4,dataset/raw/normal/000317.mp4,normal,3.483,True,1280,720,10.0,50,5.0,Valid video stream.,TEST
normal_000318,000318.mp4,dataset/raw/normal/000318.mp4,normal,2.922,True,1280,720,10.0,50,5.0,Valid video stream.,TRAIN
normal_000319,000319.mp4,dataset/raw/normal/000319.mp4,normal,2.649,True,1280,720,10.0,50,5.0,Valid video stream.,TEST
normal_000320,000320.mp4,dataset/raw/normal/000320.mp4,normal,2.468,True,1280,720,10.0,50,5.0,Valid video stream.,TRAIN
normal_000321,000321.mp4,dataset/raw/normal/000321.mp4,normal,2.785,True,1280,720,10.0,50,5.0,Valid video stream.,TRAIN
normal_000322,000322.mp4,dataset/raw/normal/000322.mp4,normal,2.73,True,1280,720,10.0,50,5.0,Valid video stream.,TRAIN
normal_000323,000323.mp4,dataset/raw/normal/000323.mp4,normal,3.442,True,1280,720,10.0,50,5.0,Valid video stream.,TEST
normal_000324,000324.mp4,dataset/raw/normal/000324.mp4,normal,3.916,True,1280,720,10.0,50,5.0,Valid video stream.,VALIDATION
normal_000325,000325.mp4,dataset/raw/normal/000325.mp4,normal,4.163,True,1280,720,10.0,50,5.0,Valid video stream.,TEST
normal_000326,000326.mp4,dataset/raw/normal/000326.mp4,normal,6.402,True,1280,720,10.0,50,5.0,Valid video stream.,TRAIN
normal_000327,000327.mp4,dataset/raw/normal/000327.mp4,normal,6.59,True,1280,720,10.0,50,5.0,Valid video stream.,TRAIN
normal_000328,000328.mp4,dataset/raw/normal/000328.mp4,normal,1.338,True,1280,720,10.0,50,5.0,Valid video stream.,VALIDATION
normal_000329,000329.mp4,dataset/raw/normal/000329.mp4,normal,1.514,True,1280,720,10.0,50,5.0,Valid video stream.,TRAIN
normal_000330,000330.mp4,dataset/raw/normal/000330.mp4,normal,1.391,True,1280,720,10.0,50,5.0,Valid video stream.,TRAIN
normal_000331,000331.mp4,dataset/raw/normal/000331.mp4,normal,0.878,True,1280,720,10.0,50,5.0,Valid video stream.,TRAIN
normal_000332,000332.mp4,dataset/raw/normal/000332.mp4,normal,1.063,True,1280,720,10.0,50,5.0,Valid video stream.,TRAIN
normal_000333,000333.mp4,dataset/raw/normal/000333.mp4,normal,1.268,True,1280,720,10.0,50,5.0,Valid video stream.,VALIDATION
normal_000334,000334.mp4,dataset/raw/normal/000334.mp4,normal,2.041,True,1280,720,10.0,50,5.0,Valid video stream.,TEST
normal_000335,000335.mp4,dataset/raw/normal/000335.mp4,normal,2.954,True,1280,720,10.0,50,5.0,Valid video stream.,TEST
normal_000336,000336.mp4,dataset/raw/normal/000336.mp4,normal,2.142,True,1280,720,10.0,50,5.0,Valid video stream.,TRAIN
normal_000337,000337.mp4,dataset/raw/normal/000337.mp4,normal,2.776,True,1280,720,10.0,50,5.0,Valid video stream.,TRAIN
normal_000338,000338.mp4,dataset/raw/normal/000338.mp4,normal,3.193,True,1280,720,10.0,50,5.0,Valid video stream.,TRAIN
normal_000339,000339.mp4,dataset/raw/normal/000339.mp4,normal,1.573,True,1280,720,10.0,50,5.0,Valid video stream.,VALIDATION
normal_000340,000340.mp4,dataset/raw/normal/000340.mp4,normal,1.338,True,1280,720,10.0,50,5.0,Valid video stream.,TRAIN
normal_000341,000341.mp4,dataset/raw/normal/000341.mp4,normal,1.143,True,1280,720,10.0,50,5.0,Valid video stream.,TRAIN
normal_000342,000342.mp4,dataset/raw/normal/000342.mp4,normal,1.118,True,1280,720,10.0,50,5.0,Valid video stream.,TRAIN
normal_000343,000343.mp4,dataset/raw/normal/000343.mp4,normal,2.547,True,1280,720,10.0,50,5.0,Valid video stream.,TRAIN
normal_000344,000344.mp4,dataset/raw/normal/000344.mp4,normal,3.394,True,1280,720,10.0,50,5.0,Valid video stream.,TEST
normal_000345,000345.mp4,dataset/raw/normal/000345.mp4,normal,2.698,True,1280,720,10.0,50,5.0,Valid video stream.,TRAIN
normal_000346,000346.mp4,dataset/raw/normal/000346.mp4,normal,3.687,True,1280,720,10.0,50,5.0,Valid video stream.,TEST
normal_000347,000347.mp4,dataset/raw/normal/000347.mp4,normal,2.887,True,1280,720,10.0,50,5.0,Valid video stream.,TRAIN
normal_000348,000348.mp4,dataset/raw/normal/000348.mp4,normal,1.102,True,1280,720,10.0,50,5.0,Valid video stream.,TEST
normal_000349,000349.mp4,dataset/raw/normal/000349.mp4,normal,0.795,True,1280,720,10.0,50,5.0,Valid video stream.,TRAIN
normal_000350,000350.mp4,dataset/raw/normal/000350.mp4,normal,0.894,True,1280,720,10.0,50,5.0,Valid video stream.,TRAIN
normal_000351,000351.mp4,dataset/raw/normal/000351.mp4,normal,1.013,True,1280,720,10.0,50,5.0,Valid video stream.,TEST
normal_000352,000352.mp4,dataset/raw/normal/000352.mp4,normal,4.225,True,1280,720,10.0,50,5.0,Valid video stream.,TRAIN
normal_000353,000353.mp4,dataset/raw/normal/000353.mp4,normal,0.587,True,1280,720,10.0,50,5.0,Valid video stream.,TRAIN
normal_000354,000354.mp4,dataset/raw/normal/000354.mp4,normal,0.628,True,1280,720,10.0,50,5.0,Valid video stream.,VALIDATION
normal_000355,000355.mp4,dataset/raw/normal/000355.mp4,normal,1.524,True,1280,720,10.0,50,5.0,Valid video stream.,TRAIN
normal_000356,000356.mp4,dataset/raw/normal/000356.mp4,normal,1.309,True,1280,720,10.0,50,5.0,Valid video stream.,TRAIN
normal_000357,000357.mp4,dataset/raw/normal/000357.mp4,normal,1.199,True,1280,720,10.0,50,5.0,Valid video stream.,TRAIN
normal_000358,000358.mp4,dataset/raw/normal/000358.mp4,normal,0.974,True,1280,720,10.0,50,5.0,Valid video stream.,TRAIN
normal_000359,000359.mp4,dataset/raw/normal/000359.mp4,normal,1.343,True,1280,720,10.0,50,5.0,Valid video stream.,TRAIN
normal_000360,000360.mp4,dataset/raw/normal/000360.mp4,normal,2.396,True,1280,720,10.0,50,5.0,Valid video stream.,VALIDATION
normal_000361,000361.mp4,dataset/raw/normal/000361.mp4,normal,3.007,True,1280,720,10.0,50,5.0,Valid video stream.,TEST
normal_000362,000362.mp4,dataset/raw/normal/000362.mp4,normal,3.03,True,1280,720,10.0,50,5.0,Valid video stream.,TRAIN
normal_000363,000363.mp4,dataset/raw/normal/000363.mp4,normal,2.014,True,1280,720,10.0,50,5.0,Valid video stream.,TRAIN
normal_000364,000364.mp4,dataset/raw/normal/000364.mp4,normal,0.834,True,1280,720,10.0,50,5.0,Valid video stream.,TRAIN
normal_000365,000365.mp4,dataset/raw/normal/000365.mp4,normal,0.914,True,1280,720,10.0,50,5.0,Valid video stream.,TRAIN
normal_000366,000366.mp4,dataset/raw/normal/000366.mp4,normal,1.044,True,1280,720,10.0,50,5.0,Valid video stream.,TRAIN
normal_000367,000367.mp4,dataset/raw/normal/000367.mp4,normal,1.527,True,1280,720,10.0,50,5.0,Valid video stream.,VALIDATION
normal_000368,000368.mp4,dataset/raw/normal/000368.mp4,normal,1.565,True,1280,720,10.0,50,5.0,Valid video stream.,TRAIN
normal_000369,000369.mp4,dataset/raw/normal/000369.mp4,normal,1.545,True,1280,720,10.0,50,5.0,Valid video stream.,VALIDATION
normal_000370,000370.mp4,dataset/raw/normal/000370.mp4,normal,0.857,True,1280,720,10.0,50,5.0,Valid video stream.,TEST
normal_000371,000371.mp4,dataset/raw/normal/000371.mp4,normal,0.744,True,1280,720,10.0,50,5.0,Valid video stream.,TRAIN
normal_000372,000372.mp4,dataset/raw/normal/000372.mp4,normal,0.836,True,1280,720,10.0,50,5.0,Valid video stream.,TRAIN
normal_000373,000373.mp4,dataset/raw/normal/000373.mp4,normal,1.362,True,1280,720,10.0,50,5.0,Valid video stream.,TRAIN
normal_000374,000374.mp4,dataset/raw/normal/000374.mp4,normal,0.913,True,1280,720,10.0,50,5.0,Valid video stream.,TRAIN
normal_000375,000375.mp4,dataset/raw/normal/000375.mp4,normal,1.35,True,1280,720,10.0,50,5.0,Valid video stream.,TRAIN
normal_000376,000376.mp4,dataset/raw/normal/000376.mp4,normal,3.254,True,1280,720,10.0,50,5.0,Valid video stream.,TEST
normal_000377,000377.mp4,dataset/raw/normal/000377.mp4,normal,2.312,True,1280,720,10.0,50,5.0,Valid video stream.,TRAIN
normal_000378,000378.mp4,dataset/raw/normal/000378.mp4,normal,2.911,True,1280,720,10.0,50,5.0,Valid video stream.,TRAIN
normal_000379,000379.mp4,dataset/raw/normal/000379.mp4,normal,2.044,True,1280,720,10.0,50,5.0,Valid video stream.,TRAIN
normal_000380,000380.mp4,dataset/raw/normal/000380.mp4,normal,2.189,True,1280,720,10.0,50,5.0,Valid video stream.,TRAIN
normal_000381,000381.mp4,dataset/raw/normal/000381.mp4,normal,1.388,True,1280,720,10.0,50,5.0,Valid video stream.,TRAIN
normal_000382,000382.mp4,dataset/raw/normal/000382.mp4,normal,2.735,True,1280,720,10.0,50,5.0,Valid video stream.,TRAIN
normal_000383,000383.mp4,dataset/raw/normal/000383.mp4,normal,3.519,True,1280,720,10.0,50,5.0,Valid video stream.,TEST
normal_000384,000384.mp4,dataset/raw/normal/000384.mp4,normal,1.851,True,1280,720,10.0,50,5.0,Valid video stream.,TRAIN
normal_000385,000385.mp4,dataset/raw/normal/000385.mp4,normal,1.93,True,1280,720,10.0,50,5.0,Valid video stream.,TRAIN
normal_000386,000386.mp4,dataset/raw/normal/000386.mp4,normal,2.244,True,1280,720,10.0,50,5.0,Valid video stream.,TRAIN
normal_000387,000387.mp4,dataset/raw/normal/000387.mp4,normal,2.237,True,1280,720,10.0,50,5.0,Valid video stream.,TRAIN
normal_000388,000388.mp4,dataset/raw/normal/000388.mp4,normal,1.047,True,1280,720,10.0,50,5.0,Valid video stream.,TEST
normal_000389,000389.mp4,dataset/raw/normal/000389.mp4,normal,1.262,True,1280,720,10.0,50,5.0,Valid video stream.,TRAIN
normal_000390,000390.mp4,dataset/raw/normal/000390.mp4,normal,0.802,True,1280,720,10.0,50,5.0,Valid video stream.,TRAIN
normal_000391,000391.mp4,dataset/raw/normal/000391.mp4,normal,2.295,True,1280,720,10.0,50,5.0,Valid video stream.,TRAIN
normal_000392,000392.mp4,dataset/raw/normal/000392.mp4,normal,2.539,True,1280,720,10.0,50,5.0,Valid video stream.,TRAIN
normal_000393,000393.mp4,dataset/raw/normal/000393.mp4,normal,2.833,True,1280,720,10.0,50,5.0,Valid video stream.,TRAIN
normal_000394,000394.mp4,dataset/raw/normal/000394.mp4,normal,0.959,True,1280,720,10.0,50,5.0,Valid video stream.,TRAIN
normal_000395,000395.mp4,dataset/raw/normal/000395.mp4,normal,1.377,True,1280,720,10.0,50,5.0,Valid video stream.,TRAIN
normal_000396,000396.mp4,dataset/raw/normal/000396.mp4,normal,0.791,True,1280,720,10.0,50,5.0,Valid video stream.,TRAIN
normal_000397,000397.mp4,dataset/raw/normal/000397.mp4,normal,3.108,True,1280,720,10.0,50,5.0,Valid video stream.,VALIDATION
normal_000398,000398.mp4,dataset/raw/normal/000398.mp4,normal,7.154,True,1280,720,10.0,50,5.0,Valid video stream.,TRAIN
normal_000399,000399.mp4,dataset/raw/normal/000399.mp4,normal,7.597,True,1280,720,10.0,50,5.0,Valid video stream.,TRAIN
normal_000400,000400.mp4,dataset/raw/normal/000400.mp4,normal,1.633,True,1280,720,10.0,50,5.0,Valid video stream.,TRAIN
normal_000401,000401.mp4,dataset/raw/normal/000401.mp4,normal,1.626,True,1280,720,10.0,50,5.0,Valid video stream.,TRAIN
normal_000402,000402.mp4,dataset/raw/normal/000402.mp4,normal,1.621,True,1280,720,10.0,50,5.0,Valid video stream.,TRAIN
normal_000403,000403.mp4,dataset/raw/normal/000403.mp4,normal,2.863,True,1280,720,10.0,50,5.0,Valid video stream.,TRAIN
normal_000404,000404.mp4,dataset/raw/normal/000404.mp4,normal,2.247,True,1280,720,10.0,50,5.0,Valid video stream.,TRAIN
normal_000405,000405.mp4,dataset/raw/normal/000405.mp4,normal,2.225,True,1280,720,10.0,50,5.0,Valid video stream.,TRAIN
normal_000406,000406.mp4,dataset/raw/normal/000406.mp4,normal,1.269,True,1280,720,10.0,50,5.0,Valid video stream.,TEST
normal_000407,000407.mp4,dataset/raw/normal/000407.mp4,normal,1.105,True,1280,720,10.0,50,5.0,Valid video stream.,TRAIN
normal_000408,000408.mp4,dataset/raw/normal/000408.mp4,normal,1.408,True,1280,720,10.0,50,5.0,Valid video stream.,TRAIN
normal_000409,000409.mp4,dataset/raw/normal/000409.mp4,normal,1.421,True,1280,720,10.0,50,5.0,Valid video stream.,TRAIN
normal_000410,000410.mp4,dataset/raw/normal/000410.mp4,normal,1.28,True,1280,720,10.0,50,5.0,Valid video stream.,TRAIN
normal_000411,000411.mp4,dataset/raw/normal/000411.mp4,normal,1.315,True,1280,720,10.0,50,5.0,Valid video stream.,VALIDATION
normal_000412,000412.mp4,dataset/raw/normal/000412.mp4,normal,2.296,True,1280,720,10.0,50,5.0,Valid video stream.,VALIDATION
normal_000413,000413.mp4,dataset/raw/normal/000413.mp4,normal,3.948,True,1280,720,10.0,50,5.0,Valid video stream.,TRAIN
normal_000414,000414.mp4,dataset/raw/normal/000414.mp4,normal,2.469,True,1280,720,10.0,50,5.0,Valid video stream.,TRAIN
normal_000415,000415.mp4,dataset/raw/normal/000415.mp4,normal,4.101,True,1280,720,10.0,50,5.0,Valid video stream.,TEST
normal_000416,000416.mp4,dataset/raw/normal/000416.mp4,normal,3.717,True,1280,720,10.0,50,5.0,Valid video stream.,TRAIN
normal_000417,000417.mp4,dataset/raw/normal/000417.mp4,normal,3.523,True,1280,720,10.0,50,5.0,Valid video stream.,TRAIN
normal_000418,000418.mp4,dataset/raw/normal/000418.mp4,normal,4.533,True,1280,720,10.0,50,5.0,Valid video stream.,TRAIN
normal_000419,000419.mp4,dataset/raw/normal/000419.mp4,normal,4.31,True,1280,720,10.0,50,5.0,Valid video stream.,TRAIN
normal_000420,000420.mp4,dataset/raw/normal/000420.mp4,normal,3.61,True,1280,720,10.0,50,5.0,Valid video stream.,TRAIN
normal_000421,000421.mp4,dataset/raw/normal/000421.mp4,normal,1.184,True,1280,720,10.0,50,5.0,Valid video stream.,TEST
normal_000422,000422.mp4,dataset/raw/normal/000422.mp4,normal,2.19,True,1280,720,10.0,50,5.0,Valid video stream.,TEST
normal_000423,000423.mp4,dataset/raw/normal/000423.mp4,normal,1.408,True,1280,720,10.0,50,5.0,Valid video stream.,TRAIN
normal_000424,000424.mp4,dataset/raw/normal/000424.mp4,normal,1.77,True,1280,720,10.0,50,5.0,Valid video stream.,TEST
normal_000425,000425.mp4,dataset/raw/normal/000425.mp4,normal,0.877,True,1280,720,10.0,50,5.0,Valid video stream.,TEST
normal_000426,000426.mp4,dataset/raw/normal/000426.mp4,normal,0.864,True,1280,720,10.0,50,5.0,Valid video stream.,TRAIN
normal_000427,000427.mp4,dataset/raw/normal/000427.mp4,normal,3.075,True,1280,720,10.0,50,5.0,Valid video stream.,TRAIN
normal_000428,000428.mp4,dataset/raw/normal/000428.mp4,normal,3.83,True,1280,720,10.0,50,5.0,Valid video stream.,TRAIN
normal_000429,000429.mp4,dataset/raw/normal/000429.mp4,normal,3.706,True,1280,720,10.0,50,5.0,Valid video stream.,TRAIN
normal_000430,000430.mp4,dataset/raw/normal/000430.mp4,normal,2.153,True,1280,720,10.0,50,5.0,Valid video stream.,TRAIN
normal_000431,000431.mp4,dataset/raw/normal/000431.mp4,normal,2.508,True,1280,720,10.0,50,5.0,Valid video stream.,TRAIN
normal_000432,000432.mp4,dataset/raw/normal/000432.mp4,normal,2.321,True,1280,720,10.0,50,5.0,Valid video stream.,TRAIN
normal_000433,000433.mp4,dataset/raw/normal/000433.mp4,normal,1.619,True,1280,720,10.0,50,5.0,Valid video stream.,TRAIN
normal_000434,000434.mp4,dataset/raw/normal/000434.mp4,normal,1.497,True,1280,720,10.0,50,5.0,Valid video stream.,TEST
normal_000435,000435.mp4,dataset/raw/normal/000435.mp4,normal,1.129,True,1280,720,10.0,50,5.0,Valid video stream.,VALIDATION
normal_000436,000436.mp4,dataset/raw/normal/000436.mp4,normal,2.426,True,1280,720,10.0,50,5.0,Valid video stream.,TRAIN
normal_000437,000437.mp4,dataset/raw/normal/000437.mp4,normal,1.792,True,1280,720,10.0,50,5.0,Valid video stream.,TRAIN
normal_000438,000438.mp4,dataset/raw/normal/000438.mp4,normal,1.943,True,1280,720,10.0,50,5.0,Valid video stream.,TRAIN
normal_000439,000439.mp4,dataset/raw/normal/000439.mp4,normal,1.294,True,1280,720,10.0,50,5.0,Valid video stream.,TRAIN
normal_000440,000440.mp4,dataset/raw/normal/000440.mp4,normal,1.315,True,1280,720,10.0,50,5.0,Valid video stream.,TRAIN
normal_000441,000441.mp4,dataset/raw/normal/000441.mp4,normal,1.73,True,1280,720,10.0,50,5.0,Valid video stream.,VALIDATION
normal_000442,000442.mp4,dataset/raw/normal/000442.mp4,normal,3.704,True,1280,720,10.0,50,5.0,Valid video stream.,TRAIN
normal_000443,000443.mp4,dataset/raw/normal/000443.mp4,normal,2.493,True,1280,720,10.0,50,5.0,Valid video stream.,TRAIN
normal_000444,000444.mp4,dataset/raw/normal/000444.mp4,normal,4.757,True,1280,720,10.0,50,5.0,Valid video stream.,TEST
normal_000445,000445.mp4,dataset/raw/normal/000445.mp4,normal,2.901,True,1280,720,10.0,50,5.0,Valid video stream.,TRAIN
normal_000446,000446.mp4,dataset/raw/normal/000446.mp4,normal,2.893,True,1280,720,10.0,50,5.0,Valid video stream.,TRAIN
normal_000447,000447.mp4,dataset/raw/normal/000447.mp4,normal,2.97,True,1280,720,10.0,50,5.0,Valid video stream.,TRAIN
normal_000448,000448.mp4,dataset/raw/normal/000448.mp4,normal,0.989,True,1280,720,10.0,50,5.0,Valid video stream.,VALIDATION
normal_000449,000449.mp4,dataset/raw/normal/000449.mp4,normal,0.987,True,1280,720,10.0,50,5.0,Valid video stream.,VALIDATION
normal_000450,000450.mp4,dataset/raw/normal/000450.mp4,normal,1.03,True,1280,720,10.0,50,5.0,Valid video stream.,TRAIN
normal_000451,000451.mp4,dataset/raw/normal/000451.mp4,normal,1.472,True,1280,720,10.0,50,5.0,Valid video stream.,VALIDATION
normal_000452,000452.mp4,dataset/raw/normal/000452.mp4,normal,1.376,True,1280,720,10.0,50,5.0,Valid video stream.,TRAIN
normal_000453,000453.mp4,dataset/raw/normal/000453.mp4,normal,1.427,True,1280,720,10.0,50,5.0,Valid video stream.,TRAIN
normal_000454,000454.mp4,dataset/raw/normal/000454.mp4,normal,2.061,True,1280,720,10.0,50,5.0,Valid video stream.,TRAIN
normal_000455,000455.mp4,dataset/raw/normal/000455.mp4,normal,1.275,True,1280,720,10.0,50,5.0,Valid video stream.,TEST
normal_000456,000456.mp4,dataset/raw/normal/000456.mp4,normal,1.97,True,1280,720,10.0,50,5.0,Valid video stream.,TEST
normal_000457,000457.mp4,dataset/raw/normal/000457.mp4,normal,1.396,True,1280,720,10.0,50,5.0,Valid video stream.,TRAIN
normal_000458,000458.mp4,dataset/raw/normal/000458.mp4,normal,1.46,True,1280,720,10.0,50,5.0,Valid video stream.,TRAIN
normal_000459,000459.mp4,dataset/raw/normal/000459.mp4,normal,1.634,True,1280,720,10.0,50,5.0,Valid video stream.,TRAIN
normal_000460,000460.mp4,dataset/raw/normal/000460.mp4,normal,1.125,True,1280,720,10.0,50,5.0,Valid video stream.,TRAIN
normal_000461,000461.mp4,dataset/raw/normal/000461.mp4,normal,1.449,True,1280,720,10.0,50,5.0,Valid video stream.,TRAIN
normal_000462,000462.mp4,dataset/raw/normal/000462.mp4,normal,1.86,True,1280,720,10.0,50,5.0,Valid video stream.,TRAIN
normal_000463,000463.mp4,dataset/raw/normal/000463.mp4,normal,1.697,True,1280,720,10.0,50,5.0,Valid video stream.,TRAIN
normal_000464,000464.mp4,dataset/raw/normal/000464.mp4,normal,2.593,True,1280,720,10.0,50,5.0,Valid video stream.,TRAIN
normal_000465,000465.mp4,dataset/raw/normal/000465.mp4,normal,1.956,True,1280,720,10.0,50,5.0,Valid video stream.,VALIDATION
normal_000466,000466.mp4,dataset/raw/normal/000466.mp4,normal,1.649,True,1280,720,10.0,50,5.0,Valid video stream.,TRAIN
normal_000467,000467.mp4,dataset/raw/normal/000467.mp4,normal,1.311,True,1280,720,10.0,50,5.0,Valid video stream.,TEST
normal_000468,000468.mp4,dataset/raw/normal/000468.mp4,normal,1.923,True,1280,720,10.0,50,5.0,Valid video stream.,TEST
normal_000469,000469.mp4,dataset/raw/normal/000469.mp4,normal,3.163,True,1280,720,10.0,50,5.0,Valid video stream.,TRAIN
normal_000470,000470.mp4,dataset/raw/normal/000470.mp4,normal,4.368,True,1280,720,10.0,50,5.0,Valid video stream.,TRAIN
normal_000471,000471.mp4,dataset/raw/normal/000471.mp4,normal,3.87,True,1280,720,10.0,50,5.0,Valid video stream.,TEST
normal_000472,000472.mp4,dataset/raw/normal/000472.mp4,normal,2.377,True,1280,720,10.0,50,5.0,Valid video stream.,TEST
normal_000473,000473.mp4,dataset/raw/normal/000473.mp4,normal,2.029,True,1280,720,10.0,50,5.0,Valid video stream.,TRAIN
normal_000474,000474.mp4,dataset/raw/normal/000474.mp4,normal,2.339,True,1280,720,10.0,50,5.0,Valid video stream.,TRAIN
normal_000475,000475.mp4,dataset/raw/normal/000475.mp4,normal,1.438,True,1280,720,10.0,50,5.0,Valid video stream.,TRAIN
normal_000476,000476.mp4,dataset/raw/normal/000476.mp4,normal,2.533,True,1280,720,10.0,50,5.0,Valid video stream.,TRAIN
normal_000477,000477.mp4,dataset/raw/normal/000477.mp4,normal,2.474,True,1280,720,10.0,50,5.0,Valid video stream.,TRAIN
normal_000478,000478.mp4,dataset/raw/normal/000478.mp4,normal,1.477,True,1280,720,10.0,50,5.0,Valid video stream.,TRAIN
normal_000479,000479.mp4,dataset/raw/normal/000479.mp4,normal,1.533,True,1280,720,10.0,50,5.0,Valid video stream.,TRAIN
normal_000480,000480.mp4,dataset/raw/normal/000480.mp4,normal,1.644,True,1280,720,10.0,50,5.0,Valid video stream.,TRAIN
normal_000481,000481.mp4,dataset/raw/normal/000481.mp4,normal,3.629,True,1280,720,10.0,50,5.0,Valid video stream.,TRAIN
normal_000482,000482.mp4,dataset/raw/normal/000482.mp4,normal,5.075,True,1280,720,10.0,50,5.0,Valid video stream.,TRAIN
normal_000483,000483.mp4,dataset/raw/normal/000483.mp4,normal,3.206,True,1280,720,10.0,50,5.0,Valid video stream.,VALIDATION
normal_000484,000484.mp4,dataset/raw/normal/000484.mp4,normal,1.09,True,1280,720,10.0,50,5.0,Valid video stream.,TRAIN
normal_000485,000485.mp4,dataset/raw/normal/000485.mp4,normal,1.281,True,1280,720,10.0,50,5.0,Valid video stream.,TRAIN
normal_000486,000486.mp4,dataset/raw/normal/000486.mp4,normal,1.585,True,1280,720,10.0,50,5.0,Valid video stream.,TRAIN
normal_000487,000487.mp4,dataset/raw/normal/000487.mp4,normal,2.981,True,1280,720,10.0,50,5.0,Valid video stream.,VALIDATION
normal_000488,000488.mp4,dataset/raw/normal/000488.mp4,normal,2.216,True,1280,720,10.0,50,5.0,Valid video stream.,TRAIN
normal_000489,000489.mp4,dataset/raw/normal/000489.mp4,normal,1.877,True,1280,720,10.0,50,5.0,Valid video stream.,TRAIN
normal_000490,000490.mp4,dataset/raw/normal/000490.mp4,normal,2.398,True,1280,720,10.0,50,5.0,Valid video stream.,TRAIN
normal_000491,000491.mp4,dataset/raw/normal/000491.mp4,normal,2.703,True,1280,720,10.0,50,5.0,Valid video stream.,TRAIN
normal_000492,000492.mp4,dataset/raw/normal/000492.mp4,normal,2.648,True,1280,720,10.0,50,5.0,Valid video stream.,TEST
normal_000493,000493.mp4,dataset/raw/normal/000493.mp4,normal,2.553,True,1280,720,10.0,50,5.0,Valid video stream.,TRAIN
normal_000494,000494.mp4,dataset/raw/normal/000494.mp4,normal,1.536,True,1280,720,10.0,50,5.0,Valid video stream.,TRAIN
normal_000495,000495.mp4,dataset/raw/normal/000495.mp4,normal,2.958,True,1280,720,10.0,50,5.0,Valid video stream.,TRAIN
normal_000496,000496.mp4,dataset/raw/normal/000496.mp4,normal,1.488,True,1280,720,10.0,50,5.0,Valid video stream.,TRAIN
normal_000497,000497.mp4,dataset/raw/normal/000497.mp4,normal,1.348,True,1280,720,10.0,50,5.0,Valid video stream.,TRAIN
normal_000498,000498.mp4,dataset/raw/normal/000498.mp4,normal,1.121,True,1280,720,10.0,50,5.0,Valid video stream.,VALIDATION
normal_000499,000499.mp4,dataset/raw/normal/000499.mp4,normal,1.522,True,1280,720,10.0,50,5.0,Valid video stream.,TRAIN
normal_000500,000500.mp4,dataset/raw/normal/000500.mp4,normal,1.572,True,1280,720,10.0,50,5.0,Valid video stream.,TEST
normal_000501,000501.mp4,dataset/raw/normal/000501.mp4,normal,1.011,True,1280,720,10.0,50,5.0,Valid video stream.,TRAIN
normal_000502,000502.mp4,dataset/raw/normal/000502.mp4,normal,0.816,True,1280,720,10.0,50,5.0,Valid video stream.,VALIDATION
normal_000503,000503.mp4,dataset/raw/normal/000503.mp4,normal,0.885,True,1280,720,10.0,50,5.0,Valid video stream.,VALIDATION
normal_000504,000504.mp4,dataset/raw/normal/000504.mp4,normal,0.936,True,1280,720,10.0,50,5.0,Valid video stream.,TRAIN
normal_000505,000505.mp4,dataset/raw/normal/000505.mp4,normal,0.791,True,1280,720,10.0,50,5.0,Valid video stream.,TRAIN
normal_000506,000506.mp4,dataset/raw/normal/000506.mp4,normal,0.957,True,1280,720,10.0,50,5.0,Valid video stream.,TRAIN
normal_000507,000507.mp4,dataset/raw/normal/000507.mp4,normal,0.472,True,1280,720,10.0,50,5.0,Valid video stream.,TRAIN
normal_000508,000508.mp4,dataset/raw/normal/000508.mp4,normal,2.753,True,1280,720,10.0,50,5.0,Valid video stream.,TRAIN
normal_000509,000509.mp4,dataset/raw/normal/000509.mp4,normal,2.735,True,1280,720,10.0,50,5.0,Valid video stream.,VALIDATION
normal_000510,000510.mp4,dataset/raw/normal/000510.mp4,normal,2.918,True,1280,720,10.0,50,5.0,Valid video stream.,VALIDATION
normal_000511,000511.mp4,dataset/raw/normal/000511.mp4,normal,2.332,True,1280,720,10.0,50,5.0,Valid video stream.,TEST
normal_000512,000512.mp4,dataset/raw/normal/000512.mp4,normal,2.903,True,1280,720,10.0,50,5.0,Valid video stream.,TRAIN
normal_000513,000513.mp4,dataset/raw/normal/000513.mp4,normal,3.164,True,1280,720,10.0,50,5.0,Valid video stream.,VALIDATION
normal_000514,000514.mp4,dataset/raw/normal/000514.mp4,normal,3.096,True,1280,720,10.0,50,5.0,Valid video stream.,VALIDATION
normal_000515,000515.mp4,dataset/raw/normal/000515.mp4,normal,3.751,True,1280,720,10.0,50,5.0,Valid video stream.,TRAIN
normal_000516,000516.mp4,dataset/raw/normal/000516.mp4,normal,3.696,True,1280,720,10.0,50,5.0,Valid video stream.,TRAIN
normal_000517,000517.mp4,dataset/raw/normal/000517.mp4,normal,0.984,True,1280,720,10.0,50,5.0,Valid video stream.,TRAIN
normal_000518,000518.mp4,dataset/raw/normal/000518.mp4,normal,0.78,True,1280,720,10.0,50,5.0,Valid video stream.,VALIDATION
normal_000519,000519.mp4,dataset/raw/normal/000519.mp4,normal,1.718,True,1280,720,10.0,50,5.0,Valid video stream.,TRAIN
normal_000520,000520.mp4,dataset/raw/normal/000520.mp4,normal,1.043,True,1280,720,10.0,50,5.0,Valid video stream.,TRAIN
normal_000521,000521.mp4,dataset/raw/normal/000521.mp4,normal,1.303,True,1280,720,10.0,50,5.0,Valid video stream.,TRAIN
normal_000522,000522.mp4,dataset/raw/normal/000522.mp4,normal,1.229,True,1280,720,10.0,50,5.0,Valid video stream.,TRAIN
normal_000523,000523.mp4,dataset/raw/normal/000523.mp4,normal,4.196,True,1280,720,10.0,50,5.0,Valid video stream.,TRAIN
normal_000524,000524.mp4,dataset/raw/normal/000524.mp4,normal,3.595,True,1280,720,10.0,50,5.0,Valid video stream.,TEST
normal_000525,000525.mp4,dataset/raw/normal/000525.mp4,normal,5.456,True,1280,720,10.0,50,5.0,Valid video stream.,TRAIN
normal_000526,000526.mp4,dataset/raw/normal/000526.mp4,normal,2.677,True,1280,720,10.0,50,5.0,Valid video stream.,VALIDATION
normal_000527,000527.mp4,dataset/raw/normal/000527.mp4,normal,2.647,True,1280,720,10.0,50,5.0,Valid video stream.,TRAIN
normal_000528,000528.mp4,dataset/raw/normal/000528.mp4,normal,3.326,True,1280,720,10.0,50,5.0,Valid video stream.,VALIDATION
normal_000529,000529.mp4,dataset/raw/normal/000529.mp4,normal,1.904,True,1280,720,10.0,50,5.0,Valid video stream.,TEST
normal_000530,000530.mp4,dataset/raw/normal/000530.mp4,normal,2.236,True,1280,720,10.0,50,5.0,Valid video stream.,TEST
normal_000531,000531.mp4,dataset/raw/normal/000531.mp4,normal,2.397,True,1280,720,10.0,50,5.0,Valid video stream.,TRAIN
normal_000532,000532.mp4,dataset/raw/normal/000532.mp4,normal,3.802,True,1280,720,10.0,50,5.0,Valid video stream.,VALIDATION
normal_000533,000533.mp4,dataset/raw/normal/000533.mp4,normal,3.267,True,1280,720,10.0,50,5.0,Valid video stream.,TRAIN
normal_000534,000534.mp4,dataset/raw/normal/000534.mp4,normal,2.422,True,1280,720,10.0,50,5.0,Valid video stream.,TRAIN
normal_000535,000535.mp4,dataset/raw/normal/000535.mp4,normal,2.311,True,1280,720,10.0,50,5.0,Valid video stream.,TRAIN
normal_000536,000536.mp4,dataset/raw/normal/000536.mp4,normal,2.33,True,1280,720,10.0,50,5.0,Valid video stream.,VALIDATION
normal_000537,000537.mp4,dataset/raw/normal/000537.mp4,normal,2.054,True,1280,720,10.0,50,5.0,Valid video stream.,TEST
normal_000538,000538.mp4,dataset/raw/normal/000538.mp4,normal,1.696,True,1280,720,10.0,50,5.0,Valid video stream.,TRAIN
normal_000539,000539.mp4,dataset/raw/normal/000539.mp4,normal,1.905,True,1280,720,10.0,50,5.0,Valid video stream.,TRAIN
normal_000540,000540.mp4,dataset/raw/normal/000540.mp4,normal,1.751,True,1280,720,10.0,50,5.0,Valid video stream.,TRAIN
normal_000541,000541.mp4,dataset/raw/normal/000541.mp4,normal,1.913,True,1280,720,10.0,50,5.0,Valid video stream.,TRAIN
normal_000542,000542.mp4,dataset/raw/normal/000542.mp4,normal,3.493,True,1280,720,10.0,50,5.0,Valid video stream.,TRAIN
normal_000543,000543.mp4,dataset/raw/normal/000543.mp4,normal,1.459,True,1280,720,10.0,50,5.0,Valid video stream.,TRAIN
normal_000544,000544.mp4,dataset/raw/normal/000544.mp4,normal,2.287,True,1280,720,10.0,50,5.0,Valid video stream.,TRAIN
normal_000545,000545.mp4,dataset/raw/normal/000545.mp4,normal,2.209,True,1280,720,10.0,50,5.0,Valid video stream.,TRAIN
normal_000546,000546.mp4,dataset/raw/normal/000546.mp4,normal,2.162,True,1280,720,10.0,50,5.0,Valid video stream.,TRAIN
normal_000547,000547.mp4,dataset/raw/normal/000547.mp4,normal,1.296,True,1280,720,10.0,50,5.0,Valid video stream.,VALIDATION
normal_000548,000548.mp4,dataset/raw/normal/000548.mp4,normal,0.837,True,1280,720,10.0,50,5.0,Valid video stream.,TRAIN
normal_000549,000549.mp4,dataset/raw/normal/000549.mp4,normal,0.827,True,1280,720,10.0,50,5.0,Valid video stream.,VALIDATION
normal_000550,000550.mp4,dataset/raw/normal/000550.mp4,normal,1.005,True,1280,720,10.0,50,5.0,Valid video stream.,TRAIN
normal_000551,000551.mp4,dataset/raw/normal/000551.mp4,normal,0.929,True,1280,720,10.0,50,5.0,Valid video stream.,TRAIN
normal_000552,000552.mp4,dataset/raw/normal/000552.mp4,normal,0.495,True,1280,720,10.0,50,5.0,Valid video stream.,TRAIN
normal_000553,000553.mp4,dataset/raw/normal/000553.mp4,normal,1.196,True,1280,720,10.0,50,5.0,Valid video stream.,VALIDATION
normal_000554,000554.mp4,dataset/raw/normal/000554.mp4,normal,1.711,True,1280,720,10.0,50,5.0,Valid video stream.,TRAIN
normal_000555,000555.mp4,dataset/raw/normal/000555.mp4,normal,0.885,True,1280,720,10.0,50,5.0,Valid video stream.,TRAIN
normal_000556,000556.mp4,dataset/raw/normal/000556.mp4,normal,0.893,True,1280,720,10.0,50,5.0,Valid video stream.,VALIDATION
normal_000557,000557.mp4,dataset/raw/normal/000557.mp4,normal,0.971,True,1280,720,10.0,50,5.0,Valid video stream.,TRAIN
normal_000558,000558.mp4,dataset/raw/normal/000558.mp4,normal,1.291,True,1280,720,10.0,50,5.0,Valid video stream.,TRAIN
normal_000559,000559.mp4,dataset/raw/normal/000559.mp4,normal,2.704,True,1280,720,10.0,50,5.0,Valid video stream.,TRAIN
normal_000560,000560.mp4,dataset/raw/normal/000560.mp4,normal,2.38,True,1280,720,10.0,50,5.0,Valid video stream.,TRAIN
normal_000561,000561.mp4,dataset/raw/normal/000561.mp4,normal,1.362,True,1280,720,10.0,50,5.0,Valid video stream.,TRAIN
normal_000562,000562.mp4,dataset/raw/normal/000562.mp4,normal,1.23,True,1280,720,10.0,50,5.0,Valid video stream.,VALIDATION
normal_000563,000563.mp4,dataset/raw/normal/000563.mp4,normal,1.084,True,1280,720,10.0,50,5.0,Valid video stream.,TEST
normal_000564,000564.mp4,dataset/raw/normal/000564.mp4,normal,1.25,True,1280,720,10.0,50,5.0,Valid video stream.,TEST
normal_000565,000565.mp4,dataset/raw/normal/000565.mp4,normal,2.531,True,1280,720,10.0,50,5.0,Valid video stream.,TRAIN
normal_000566,000566.mp4,dataset/raw/normal/000566.mp4,normal,1.549,True,1280,720,10.0,50,5.0,Valid video stream.,VALIDATION
normal_000567,000567.mp4,dataset/raw/normal/000567.mp4,normal,1.282,True,1280,720,10.0,50,5.0,Valid video stream.,TEST
normal_000568,000568.mp4,dataset/raw/normal/000568.mp4,normal,2.133,True,1280,720,10.0,50,5.0,Valid video stream.,TRAIN
normal_000569,000569.mp4,dataset/raw/normal/000569.mp4,normal,2.066,True,1280,720,10.0,50,5.0,Valid video stream.,TEST
normal_000570,000570.mp4,dataset/raw/normal/000570.mp4,normal,5.587,True,1280,720,10.0,50,5.0,Valid video stream.,TRAIN
normal_000571,000571.mp4,dataset/raw/normal/000571.mp4,normal,4.734,True,1280,720,10.0,50,5.0,Valid video stream.,TRAIN
normal_000572,000572.mp4,dataset/raw/normal/000572.mp4,normal,3.81,True,1280,720,10.0,50,5.0,Valid video stream.,TRAIN
normal_000573,000573.mp4,dataset/raw/normal/000573.mp4,normal,3.054,True,1280,720,10.0,50,5.0,Valid video stream.,VALIDATION
normal_000574,000574.mp4,dataset/raw/normal/000574.mp4,normal,0.669,True,1280,720,10.0,50,5.0,Valid video stream.,TRAIN
normal_000575,000575.mp4,dataset/raw/normal/000575.mp4,normal,0.547,True,1280,720,10.0,50,5.0,Valid video stream.,TRAIN
normal_000576,000576.mp4,dataset/raw/normal/000576.mp4,normal,0.549,True,1280,720,10.0,50,5.0,Valid video stream.,TRAIN
normal_000577,000577.mp4,dataset/raw/normal/000577.mp4,normal,3.326,True,1280,720,10.0,50,5.0,Valid video stream.,TRAIN
normal_000578,000578.mp4,dataset/raw/normal/000578.mp4,normal,3.045,True,1280,720,10.0,50,5.0,Valid video stream.,VALIDATION
normal_000579,000579.mp4,dataset/raw/normal/000579.mp4,normal,5.434,True,1280,720,10.0,50,5.0,Valid video stream.,TRAIN
normal_000580,000580.mp4,dataset/raw/normal/000580.mp4,normal,2.482,True,1280,720,10.0,50,5.0,Valid video stream.,TEST
normal_000581,000581.mp4,dataset/raw/normal/000581.mp4,normal,2.892,True,1280,720,10.0,50,5.0,Valid video stream.,TRAIN
normal_000582,000582.mp4,dataset/raw/normal/000582.mp4,normal,1.881,True,1280,720,10.0,50,5.0,Valid video stream.,TEST
normal_000583,000583.mp4,dataset/raw/normal/000583.mp4,normal,1.453,True,1280,720,10.0,50,5.0,Valid video stream.,TRAIN
normal_000584,000584.mp4,dataset/raw/normal/000584.mp4,normal,1.75,True,1280,720,10.0,50,5.0,Valid video stream.,TRAIN
normal_000585,000585.mp4,dataset/raw/normal/000585.mp4,normal,1.123,True,1280,720,10.0,50,5.0,Valid video stream.,VALIDATION
normal_000586,000586.mp4,dataset/raw/normal/000586.mp4,normal,1.969,True,1280,720,10.0,50,5.0,Valid video stream.,TRAIN
normal_000587,000587.mp4,dataset/raw/normal/000587.mp4,normal,1.871,True,1280,720,10.0,50,5.0,Valid video stream.,TEST
normal_000588,000588.mp4,dataset/raw/normal/000588.mp4,normal,1.86,True,1280,720,10.0,50,5.0,Valid video stream.,TRAIN
normal_000589,000589.mp4,dataset/raw/normal/000589.mp4,normal,2.24,True,1280,720,10.0,50,5.0,Valid video stream.,TEST
normal_000590,000590.mp4,dataset/raw/normal/000590.mp4,normal,2.25,True,1280,720,10.0,50,5.0,Valid video stream.,TRAIN
normal_000591,000591.mp4,dataset/raw/normal/000591.mp4,normal,0.841,True,1280,720,10.0,50,5.0,Valid video stream.,VALIDATION
normal_000592,000592.mp4,dataset/raw/normal/000592.mp4,normal,3.769,True,1280,720,10.0,50,5.0,Valid video stream.,TRAIN
normal_000593,000593.mp4,dataset/raw/normal/000593.mp4,normal,2.428,True,1280,720,10.0,50,5.0,Valid video stream.,TRAIN
normal_000594,000594.mp4,dataset/raw/normal/000594.mp4,normal,1.785,True,1280,720,10.0,50,5.0,Valid video stream.,TRAIN
normal_000595,000595.mp4,dataset/raw/normal/000595.mp4,normal,2.25,True,1280,720,10.0,50,5.0,Valid video stream.,TRAIN
normal_000596,000596.mp4,dataset/raw/normal/000596.mp4,normal,2.411,True,1280,720,10.0,50,5.0,Valid video stream.,TRAIN
normal_000597,000597.mp4,dataset/raw/normal/000597.mp4,normal,1.726,True,1280,720,10.0,50,5.0,Valid video stream.,TRAIN
normal_000598,000598.mp4,dataset/raw/normal/000598.mp4,normal,2.861,True,1280,720,10.0,50,5.0,Valid video stream.,TRAIN
normal_000599,000599.mp4,dataset/raw/normal/000599.mp4,normal,2.974,True,1280,720,10.0,50,5.0,Valid video stream.,TEST
normal_000600,000600.mp4,dataset/raw/normal/000600.mp4,normal,2.579,True,1280,720,10.0,50,5.0,Valid video stream.,TEST
normal_000601,000601.mp4,dataset/raw/normal/000601.mp4,normal,2.684,True,1280,720,10.0,50,5.0,Valid video stream.,TRAIN
normal_000602,000602.mp4,dataset/raw/normal/000602.mp4,normal,2.301,True,1280,720,10.0,50,5.0,Valid video stream.,TRAIN
normal_000603,000603.mp4,dataset/raw/normal/000603.mp4,normal,2.675,True,1280,720,10.0,50,5.0,Valid video stream.,TRAIN
normal_000604,000604.mp4,dataset/raw/normal/000604.mp4,normal,1.247,True,1280,720,10.0,50,5.0,Valid video stream.,TEST
normal_000605,000605.mp4,dataset/raw/normal/000605.mp4,normal,1.747,True,1280,720,10.0,50,5.0,Valid video stream.,TEST
normal_000606,000606.mp4,dataset/raw/normal/000606.mp4,normal,1.247,True,1280,720,10.0,50,5.0,Valid video stream.,VALIDATION
normal_000607,000607.mp4,dataset/raw/normal/000607.mp4,normal,1.549,True,1280,720,10.0,50,5.0,Valid video stream.,TRAIN
normal_000608,000608.mp4,dataset/raw/normal/000608.mp4,normal,1.887,True,1280,720,10.0,50,5.0,Valid video stream.,TRAIN
normal_000609,000609.mp4,dataset/raw/normal/000609.mp4,normal,1.999,True,1280,720,10.0,50,5.0,Valid video stream.,TRAIN
normal_000610,000610.mp4,dataset/raw/normal/000610.mp4,normal,2.326,True,1280,720,10.0,50,5.0,Valid video stream.,TRAIN
normal_000611,000611.mp4,dataset/raw/normal/000611.mp4,normal,2.197,True,1280,720,10.0,50,5.0,Valid video stream.,VALIDATION
normal_000612,000612.mp4,dataset/raw/normal/000612.mp4,normal,2.136,True,1280,720,10.0,50,5.0,Valid video stream.,TRAIN
normal_000613,000613.mp4,dataset/raw/normal/000613.mp4,normal,1.706,True,1280,720,10.0,50,5.0,Valid video stream.,TEST
normal_000614,000614.mp4,dataset/raw/normal/000614.mp4,normal,2.676,True,1280,720,10.0,50,5.0,Valid video stream.,TRAIN
normal_000615,000615.mp4,dataset/raw/normal/000615.mp4,normal,2.567,True,1280,720,10.0,49,4.9,Valid video stream.,TRAIN
normal_000616,000616.mp4,dataset/raw/normal/000616.mp4,normal,2.634,True,1280,720,10.0,50,5.0,Valid video stream.,TEST
normal_000617,000617.mp4,dataset/raw/normal/000617.mp4,normal,3.664,True,1280,720,10.0,50,5.0,Valid video stream.,TRAIN
normal_000618,000618.mp4,dataset/raw/normal/000618.mp4,normal,4.861,True,1280,720,10.0,50,5.0,Valid video stream.,TEST
normal_000619,000619.mp4,dataset/raw/normal/000619.mp4,normal,1.722,True,1280,720,10.0,50,5.0,Valid video stream.,TEST
normal_000620,000620.mp4,dataset/raw/normal/000620.mp4,normal,4.008,True,1280,720,10.0,50,5.0,Valid video stream.,TRAIN
normal_000621,000621.mp4,dataset/raw/normal/000621.mp4,normal,2.821,True,1280,720,10.0,50,5.0,Valid video stream.,VALIDATION
normal_000622,000622.mp4,dataset/raw/normal/000622.mp4,normal,1.451,True,1280,720,10.0,50,5.0,Valid video stream.,TRAIN
normal_000623,000623.mp4,dataset/raw/normal/000623.mp4,normal,1.591,True,1280,720,10.0,50,5.0,Valid video stream.,TRAIN
normal_000624,000624.mp4,dataset/raw/normal/000624.mp4,normal,1.322,True,1280,720,10.0,50,5.0,Valid video stream.,TRAIN
normal_000625,000625.mp4,dataset/raw/normal/000625.mp4,normal,0.645,True,1280,720,10.0,50,5.0,Valid video stream.,TRAIN
normal_000626,000626.mp4,dataset/raw/normal/000626.mp4,normal,1.022,True,1280,720,10.0,50,5.0,Valid video stream.,TRAIN
normal_000627,000627.mp4,dataset/raw/normal/000627.mp4,normal,0.721,True,1280,720,10.0,50,5.0,Valid video stream.,TEST
normal_000628,000628.mp4,dataset/raw/normal/000628.mp4,normal,3.27,True,1280,720,10.0,50,5.0,Valid video stream.,TRAIN
normal_000629,000629.mp4,dataset/raw/normal/000629.mp4,normal,3.706,True,1280,720,10.0,50,5.0,Valid video stream.,VALIDATION
normal_000630,000630.mp4,dataset/raw/normal/000630.mp4,normal,3.957,True,1280,720,10.0,50,5.0,Valid video stream.,TRAIN
normal_000631,000631.mp4,dataset/raw/normal/000631.mp4,normal,1.776,True,1280,720,10.0,50,5.0,Valid video stream.,TRAIN
normal_000632,000632.mp4,dataset/raw/normal/000632.mp4,normal,3.122,True,1280,720,10.0,50,5.0,Valid video stream.,TEST
normal_000633,000633.mp4,dataset/raw/normal/000633.mp4,normal,2.877,True,1280,720,10.0,50,5.0,Valid video stream.,TRAIN
normal_000634,000634.mp4,dataset/raw/normal/000634.mp4,normal,6.459,True,1280,720,10.0,50,5.0,Valid video stream.,TEST
normal_000635,000635.mp4,dataset/raw/normal/000635.mp4,normal,5.242,True,1280,720,10.0,50,5.0,Valid video stream.,TEST
normal_000636,000636.mp4,dataset/raw/normal/000636.mp4,normal,1.813,True,1280,720,10.0,50,5.0,Valid video stream.,TRAIN
normal_000637,000637.mp4,dataset/raw/normal/000637.mp4,normal,1.089,True,1280,720,10.0,50,5.0,Valid video stream.,TRAIN
normal_000638,000638.mp4,dataset/raw/normal/000638.mp4,normal,2.841,True,1280,720,10.0,50,5.0,Valid video stream.,TEST
normal_000639,000639.mp4,dataset/raw/normal/000639.mp4,normal,3.5,True,1280,720,10.0,50,5.0,Valid video stream.,TRAIN
normal_000640,000640.mp4,dataset/raw/normal/000640.mp4,normal,5.372,True,1280,720,10.0,50,5.0,Valid video stream.,TRAIN
normal_000641,000641.mp4,dataset/raw/normal/000641.mp4,normal,3.82,True,1280,720,10.0,50,5.0,Valid video stream.,TRAIN
normal_000642,000642.mp4,dataset/raw/normal/000642.mp4,normal,3.765,True,1280,720,10.0,50,5.0,Valid video stream.,TRAIN
normal_000643,000643.mp4,dataset/raw/normal/000643.mp4,normal,2.281,True,1280,720,10.0,50,5.0,Valid video stream.,TRAIN
normal_000644,000644.mp4,dataset/raw/normal/000644.mp4,normal,2.52,True,1280,720,10.0,50,5.0,Valid video stream.,TRAIN
normal_000645,000645.mp4,dataset/raw/normal/000645.mp4,normal,2.094,True,1280,720,10.0,50,5.0,Valid video stream.,TEST
normal_000646,000646.mp4,dataset/raw/normal/000646.mp4,normal,0.823,True,1280,720,10.0,50,5.0,Valid video stream.,VALIDATION
normal_000647,000647.mp4,dataset/raw/normal/000647.mp4,normal,1.194,True,1280,720,10.0,50,5.0,Valid video stream.,VALIDATION
normal_000648,000648.mp4,dataset/raw/normal/000648.mp4,normal,0.552,True,1280,720,10.0,50,5.0,Valid video stream.,VALIDATION
normal_000649,000649.mp4,dataset/raw/normal/000649.mp4,normal,1.229,True,1280,720,10.0,50,5.0,Valid video stream.,TRAIN
normal_000650,000650.mp4,dataset/raw/normal/000650.mp4,normal,1.297,True,1280,720,10.0,50,5.0,Valid video stream.,TRAIN
normal_000651,000651.mp4,dataset/raw/normal/000651.mp4,normal,1.332,True,1280,720,10.0,50,5.0,Valid video stream.,TEST
normal_000652,000652.mp4,dataset/raw/normal/000652.mp4,normal,1.793,True,1280,720,10.0,50,5.0,Valid video stream.,TRAIN
normal_000653,000653.mp4,dataset/raw/normal/000653.mp4,normal,2.587,True,1280,720,10.0,50,5.0,Valid video stream.,VALIDATION
normal_000654,000654.mp4,dataset/raw/normal/000654.mp4,normal,1.966,True,1280,720,10.0,50,5.0,Valid video stream.,TRAIN
normal_000655,000655.mp4,dataset/raw/normal/000655.mp4,normal,1.184,True,1280,720,10.0,50,5.0,Valid video stream.,VALIDATION
normal_000656,000656.mp4,dataset/raw/normal/000656.mp4,normal,1.781,True,1280,720,10.0,50,5.0,Valid video stream.,VALIDATION
normal_000657,000657.mp4,dataset/raw/normal/000657.mp4,normal,2.048,True,1280,720,10.0,50,5.0,Valid video stream.,TEST
normal_000658,000658.mp4,dataset/raw/normal/000658.mp4,normal,1.631,True,1280,720,10.0,50,5.0,Valid video stream.,TRAIN
normal_000659,000659.mp4,dataset/raw/normal/000659.mp4,normal,1.479,True,1280,720,10.0,50,5.0,Valid video stream.,TRAIN
normal_000660,000660.mp4,dataset/raw/normal/000660.mp4,normal,1.274,True,1280,720,10.0,50,5.0,Valid video stream.,TRAIN
normal_000661,000661.mp4,dataset/raw/normal/000661.mp4,normal,0.944,True,1280,720,10.0,50,5.0,Valid video stream.,TRAIN
normal_000662,000662.mp4,dataset/raw/normal/000662.mp4,normal,0.549,True,1280,720,10.0,50,5.0,Valid video stream.,TRAIN
normal_000663,000663.mp4,dataset/raw/normal/000663.mp4,normal,0.604,True,1280,720,10.0,50,5.0,Valid video stream.,TRAIN
normal_000664,000664.mp4,dataset/raw/normal/000664.mp4,normal,2.22,True,1280,720,10.0,50,5.0,Valid video stream.,TEST
normal_000665,000665.mp4,dataset/raw/normal/000665.mp4,normal,1.878,True,1280,720,10.0,50,5.0,Valid video stream.,TEST
normal_000666,000666.mp4,dataset/raw/normal/000666.mp4,normal,1.504,True,1280,720,10.0,50,5.0,Valid video stream.,VALIDATION
normal_000667,000667.mp4,dataset/raw/normal/000667.mp4,normal,1.675,True,1280,720,10.0,50,5.0,Valid video stream.,TRAIN
normal_000668,000668.mp4,dataset/raw/normal/000668.mp4,normal,1.2,True,1280,720,10.0,50,5.0,Valid video stream.,TRAIN
normal_000669,000669.mp4,dataset/raw/normal/000669.mp4,normal,1.862,True,1280,720,10.0,50,5.0,Valid video stream.,TRAIN
normal_000670,000670.mp4,dataset/raw/normal/000670.mp4,normal,0.719,True,1280,720,10.0,50,5.0,Valid video stream.,TRAIN
normal_000671,000671.mp4,dataset/raw/normal/000671.mp4,normal,0.615,True,1280,720,10.0,50,5.0,Valid video stream.,TRAIN
normal_000672,000672.mp4,dataset/raw/normal/000672.mp4,normal,0.669,True,1280,720,10.0,50,5.0,Valid video stream.,TRAIN
normal_000673,000673.mp4,dataset/raw/normal/000673.mp4,normal,1.632,True,1280,720,10.0,50,5.0,Valid video stream.,TRAIN
normal_000674,000674.mp4,dataset/raw/normal/000674.mp4,normal,2.124,True,1280,720,10.0,50,5.0,Valid video stream.,TRAIN
normal_000675,000675.mp4,dataset/raw/normal/000675.mp4,normal,1.772,True,1280,720,10.0,50,5.0,Valid video stream.,VALIDATION
normal_000676,000676.mp4,dataset/raw/normal/000676.mp4,normal,1.764,True,1280,720,10.0,50,5.0,Valid video stream.,TRAIN
normal_000677,000677.mp4,dataset/raw/normal/000677.mp4,normal,1.684,True,1280,720,10.0,50,5.0,Valid video stream.,TRAIN
normal_000678,000678.mp4,dataset/raw/normal/000678.mp4,normal,1.794,True,1280,720,10.0,50,5.0,Valid video stream.,TRAIN
normal_000679,000679.mp4,dataset/raw/normal/000679.mp4,normal,2.253,True,1280,720,10.0,50,5.0,Valid video stream.,TEST
normal_000680,000680.mp4,dataset/raw/normal/000680.mp4,normal,1.84,True,1280,720,10.0,50,5.0,Valid video stream.,TRAIN
normal_000681,000681.mp4,dataset/raw/normal/000681.mp4,normal,0.753,True,1280,720,10.0,50,5.0,Valid video stream.,TRAIN
normal_000682,000682.mp4,dataset/raw/normal/000682.mp4,normal,1.385,True,1280,720,10.0,50,5.0,Valid video stream.,TRAIN
normal_000683,000683.mp4,dataset/raw/normal/000683.mp4,normal,1.65,True,1280,720,10.0,50,5.0,Valid video stream.,VALIDATION
normal_000684,000684.mp4,dataset/raw/normal/000684.mp4,normal,1.277,True,1280,720,10.0,50,5.0,Valid video stream.,TRAIN
normal_000685,000685.mp4,dataset/raw/normal/000685.mp4,normal,0.957,True,1280,720,10.0,50,5.0,Valid video stream.,TRAIN
normal_000686,000686.mp4,dataset/raw/normal/000686.mp4,normal,0.915,True,1280,720,10.0,50,5.0,Valid video stream.,TRAIN
normal_000687,000687.mp4,dataset/raw/normal/000687.mp4,normal,1.0,True,1280,720,10.0,50,5.0,Valid video stream.,TRAIN
normal_000688,000688.mp4,dataset/raw/normal/000688.mp4,normal,1.906,True,1280,720,10.0,50,5.0,Valid video stream.,TRAIN
normal_000689,000689.mp4,dataset/raw/normal/000689.mp4,normal,1.963,True,1280,720,10.0,50,5.0,Valid video stream.,TEST
normal_000690,000690.mp4,dataset/raw/normal/000690.mp4,normal,1.936,True,1280,720,10.0,50,5.0,Valid video stream.,TRAIN
normal_000691,000691.mp4,dataset/raw/normal/000691.mp4,normal,2.368,True,1280,720,10.0,50,5.0,Valid video stream.,VALIDATION
normal_000692,000692.mp4,dataset/raw/normal/000692.mp4,normal,2.298,True,1280,720,10.0,50,5.0,Valid video stream.,TRAIN
normal_000693,000693.mp4,dataset/raw/normal/000693.mp4,normal,2.765,True,1280,720,10.0,50,5.0,Valid video stream.,TRAIN
normal_000694,000694.mp4,dataset/raw/normal/000694.mp4,normal,2.517,True,1280,720,10.0,50,5.0,Valid video stream.,TRAIN
normal_000695,000695.mp4,dataset/raw/normal/000695.mp4,normal,3.154,True,1280,720,10.0,50,5.0,Valid video stream.,TRAIN
normal_000696,000696.mp4,dataset/raw/normal/000696.mp4,normal,2.259,True,1280,720,10.0,50,5.0,Valid video stream.,TRAIN
normal_000697,000697.mp4,dataset/raw/normal/000697.mp4,normal,5.257,True,1280,720,10.0,50,5.0,Valid video stream.,TRAIN
normal_000698,000698.mp4,dataset/raw/normal/000698.mp4,normal,5.743,True,1280,720,10.0,50,5.0,Valid video stream.,TRAIN
normal_000699,000699.mp4,dataset/raw/normal/000699.mp4,normal,3.947,True,1280,720,10.0,50,5.0,Valid video stream.,VALIDATION
normal_000700,000700.mp4,dataset/raw/normal/000700.mp4,normal,6.845,True,1280,720,10.0,50,5.0,Valid video stream.,TRAIN
normal_000701,000701.mp4,dataset/raw/normal/000701.mp4,normal,4.802,True,1280,720,10.0,50,5.0,Valid video stream.,TRAIN
normal_000702,000702.mp4,dataset/raw/normal/000702.mp4,normal,3.741,True,1280,720,10.0,50,5.0,Valid video stream.,VALIDATION
normal_000703,000703.mp4,dataset/raw/normal/000703.mp4,normal,0.548,True,1280,720,10.0,50,5.0,Valid video stream.,TRAIN
normal_000704,000704.mp4,dataset/raw/normal/000704.mp4,normal,0.51,True,1280,720,10.0,50,5.0,Valid video stream.,TEST
normal_000705,000705.mp4,dataset/raw/normal/000705.mp4,normal,0.508,True,1280,720,10.0,50,5.0,Valid video stream.,TRAIN
normal_000706,000706.mp4,dataset/raw/normal/000706.mp4,normal,1.965,True,1280,720,10.0,50,5.0,Valid video stream.,TRAIN
normal_000707,000707.mp4,dataset/raw/normal/000707.mp4,normal,1.661,True,1280,720,10.0,50,5.0,Valid video stream.,TEST
normal_000708,000708.mp4,dataset/raw/normal/000708.mp4,normal,1.477,True,1280,720,10.0,50,5.0,Valid video stream.,VALIDATION
normal_000709,000709.mp4,dataset/raw/normal/000709.mp4,normal,0.878,True,1280,720,10.0,50,5.0,Valid video stream.,TRAIN
normal_000710,000710.mp4,dataset/raw/normal/000710.mp4,normal,1.102,True,1280,720,10.0,50,5.0,Valid video stream.,VALIDATION
normal_000711,000711.mp4,dataset/raw/normal/000711.mp4,normal,1.197,True,1280,720,10.0,50,5.0,Valid video stream.,TEST
normal_000712,000712.mp4,dataset/raw/normal/000712.mp4,normal,1.758,True,1280,720,10.0,50,5.0,Valid video stream.,TRAIN
normal_000713,000713.mp4,dataset/raw/normal/000713.mp4,normal,1.788,True,1280,720,10.0,50,5.0,Valid video stream.,TRAIN
normal_000714,000714.mp4,dataset/raw/normal/000714.mp4,normal,1.529,True,1280,720,10.0,50,5.0,Valid video stream.,VALIDATION
normal_000715,000715.mp4,dataset/raw/normal/000715.mp4,normal,1.438,True,1280,720,10.0,50,5.0,Valid video stream.,TRAIN
normal_000716,000716.mp4,dataset/raw/normal/000716.mp4,normal,1.872,True,1280,720,10.0,50,5.0,Valid video stream.,TRAIN
normal_000717,000717.mp4,dataset/raw/normal/000717.mp4,normal,1.95,True,1280,720,10.0,50,5.0,Valid video stream.,TRAIN
normal_000718,000718.mp4,dataset/raw/normal/000718.mp4,normal,1.309,True,1280,720,10.0,50,5.0,Valid video stream.,VALIDATION
normal_000719,000719.mp4,dataset/raw/normal/000719.mp4,normal,1.414,True,1280,720,10.0,50,5.0,Valid video stream.,TRAIN
normal_000720,000720.mp4,dataset/raw/normal/000720.mp4,normal,1.155,True,1280,720,10.0,50,5.0,Valid video stream.,TEST
normal_000721,000721.mp4,dataset/raw/normal/000721.mp4,normal,1.227,True,1280,720,10.0,50,5.0,Valid video stream.,VALIDATION
normal_000722,000722.mp4,dataset/raw/normal/000722.mp4,normal,1.159,True,1280,720,10.0,50,5.0,Valid video stream.,TRAIN
normal_000723,000723.mp4,dataset/raw/normal/000723.mp4,normal,1.144,True,1280,720,10.0,50,5.0,Valid video stream.,TRAIN
normal_000724,000724.mp4,dataset/raw/normal/000724.mp4,normal,1.291,True,1280,720,10.0,50,5.0,Valid video stream.,TRAIN
normal_000725,000725.mp4,dataset/raw/normal/000725.mp4,normal,1.553,True,1280,720,10.0,50,5.0,Valid video stream.,TRAIN
normal_000726,000726.mp4,dataset/raw/normal/000726.mp4,normal,1.308,True,1280,720,10.0,50,5.0,Valid video stream.,TEST
normal_000727,000727.mp4,dataset/raw/normal/000727.mp4,normal,0.951,True,1280,720,10.0,50,5.0,Valid video stream.,TRAIN
normal_000728,000728.mp4,dataset/raw/normal/000728.mp4,normal,2.13,True,1280,720,10.0,50,5.0,Valid video stream.,TRAIN
normal_000729,000729.mp4,dataset/raw/normal/000729.mp4,normal,1.72,True,1280,720,10.0,50,5.0,Valid video stream.,TRAIN
normal_000730,000730.mp4,dataset/raw/normal/000730.mp4,normal,2.998,True,1280,720,10.0,50,5.0,Valid video stream.,TRAIN
normal_000731,000731.mp4,dataset/raw/normal/000731.mp4,normal,3.806,True,1280,720,10.0,50,5.0,Valid video stream.,TRAIN
normal_000732,000732.mp4,dataset/raw/normal/000732.mp4,normal,3.243,True,1280,720,10.0,50,5.0,Valid video stream.,TRAIN
normal_000733,000733.mp4,dataset/raw/normal/000733.mp4,normal,1.647,True,1280,720,10.0,50,5.0,Valid video stream.,TRAIN
normal_000734,000734.mp4,dataset/raw/normal/000734.mp4,normal,1.14,True,1280,720,10.0,50,5.0,Valid video stream.,TRAIN
normal_000735,000735.mp4,dataset/raw/normal/000735.mp4,normal,0.423,True,1280,720,10.0,50,5.0,Valid video stream.,TRAIN
normal_000736,000736.mp4,dataset/raw/normal/000736.mp4,normal,5.067,True,1280,720,10.0,50,5.0,Valid video stream.,TRAIN
normal_000737,000737.mp4,dataset/raw/normal/000737.mp4,normal,4.763,True,1280,720,10.0,50,5.0,Valid video stream.,TRAIN
normal_000738,000738.mp4,dataset/raw/normal/000738.mp4,normal,5.82,True,1280,720,10.0,50,5.0,Valid video stream.,TRAIN
normal_000739,000739.mp4,dataset/raw/normal/000739.mp4,normal,1.702,True,1280,720,10.0,50,5.0,Valid video stream.,TEST
normal_000740,000740.mp4,dataset/raw/normal/000740.mp4,normal,1.636,True,1280,720,10.0,50,5.0,Valid video stream.,VALIDATION
normal_000741,000741.mp4,dataset/raw/normal/000741.mp4,normal,0.859,True,1280,720,10.0,50,5.0,Valid video stream.,TEST
normal_000742,000742.mp4,dataset/raw/normal/000742.mp4,normal,1.117,True,1280,720,10.0,50,5.0,Valid video stream.,TRAIN
normal_000743,000743.mp4,dataset/raw/normal/000743.mp4,normal,1.606,True,1280,720,10.0,50,5.0,Valid video stream.,TRAIN
normal_000744,000744.mp4,dataset/raw/normal/000744.mp4,normal,1.308,True,1280,720,10.0,50,5.0,Valid video stream.,TEST
normal_000745,000745.mp4,dataset/raw/normal/000745.mp4,normal,0.984,True,1280,720,10.0,50,5.0,Valid video stream.,TRAIN
normal_000746,000746.mp4,dataset/raw/normal/000746.mp4,normal,1.457,True,1280,720,10.0,50,5.0,Valid video stream.,VALIDATION
normal_000747,000747.mp4,dataset/raw/normal/000747.mp4,normal,0.664,True,1280,720,10.0,50,5.0,Valid video stream.,VALIDATION
normal_000748,000748.mp4,dataset/raw/normal/000748.mp4,normal,0.518,True,1280,720,10.0,50,5.0,Valid video stream.,TRAIN
normal_000749,000749.mp4,dataset/raw/normal/000749.mp4,normal,0.498,True,1280,720,10.0,50,5.0,Valid video stream.,TRAIN
normal_000750,000750.mp4,dataset/raw/normal/000750.mp4,normal,0.548,True,1280,720,10.0,50,5.0,Valid video stream.,TRAIN
normal_000751,000751.mp4,dataset/raw/normal/000751.mp4,normal,2.785,True,1280,720,10.0,50,5.0,Valid video stream.,TRAIN
normal_000752,000752.mp4,dataset/raw/normal/000752.mp4,normal,2.355,True,1280,720,10.0,50,5.0,Valid video stream.,TRAIN
normal_000753,000753.mp4,dataset/raw/normal/000753.mp4,normal,2.504,True,1280,720,10.0,50,5.0,Valid video stream.,TRAIN
normal_000754,000754.mp4,dataset/raw/normal/000754.mp4,normal,2.636,True,1280,720,10.0,50,5.0,Valid video stream.,TRAIN
normal_000755,000755.mp4,dataset/raw/normal/000755.mp4,normal,3.941,True,1280,720,10.0,50,5.0,Valid video stream.,TRAIN
normal_000756,000756.mp4,dataset/raw/normal/000756.mp4,normal,1.467,True,1280,720,10.0,50,5.0,Valid video stream.,TRAIN
normal_000757,000757.mp4,dataset/raw/normal/000757.mp4,normal,4.156,True,1280,720,10.0,50,5.0,Valid video stream.,TRAIN
normal_000758,000758.mp4,dataset/raw/normal/000758.mp4,normal,5.402,True,1280,720,10.0,50,5.0,Valid video stream.,TRAIN
normal_000759,000759.mp4,dataset/raw/normal/000759.mp4,normal,1.932,True,1280,720,10.0,50,5.0,Valid video stream.,TRAIN
normal_000760,000760.mp4,dataset/raw/normal/000760.mp4,normal,0.371,True,1280,720,10.0,50,5.0,Valid video stream.,TRAIN
normal_000761,000761.mp4,dataset/raw/normal/000761.mp4,normal,0.331,True,1280,720,10.0,50,5.0,Valid video stream.,TRAIN
normal_000762,000762.mp4,dataset/raw/normal/000762.mp4,normal,0.312,True,1280,720,10.0,50,5.0,Valid video stream.,TRAIN
normal_000763,000763.mp4,dataset/raw/normal/000763.mp4,normal,4.882,True,1280,720,10.0,50,5.0,Valid video stream.,VALIDATION
normal_000764,000764.mp4,dataset/raw/normal/000764.mp4,normal,3.008,True,1280,720,10.0,50,5.0,Valid video stream.,TRAIN
normal_000765,000765.mp4,dataset/raw/normal/000765.mp4,normal,2.486,True,1280,720,10.0,50,5.0,Valid video stream.,TRAIN
normal_000766,000766.mp4,dataset/raw/normal/000766.mp4,normal,0.514,True,1280,720,10.0,50,5.0,Valid video stream.,VALIDATION
normal_000767,000767.mp4,dataset/raw/normal/000767.mp4,normal,0.506,True,1280,720,10.0,50,5.0,Valid video stream.,TRAIN
normal_000768,000768.mp4,dataset/raw/normal/000768.mp4,normal,0.515,True,1280,720,10.0,50,5.0,Valid video stream.,TEST
normal_000769,000769.mp4,dataset/raw/normal/000769.mp4,normal,4.25,True,1280,720,10.0,50,5.0,Valid video stream.,TRAIN
normal_000770,000770.mp4,dataset/raw/normal/000770.mp4,normal,3.496,True,1280,720,10.0,50,5.0,Valid video stream.,TRAIN
normal_000771,000771.mp4,dataset/raw/normal/000771.mp4,normal,1.945,True,1280,720,10.0,50,5.0,Valid video stream.,TRAIN
normal_000772,000772.mp4,dataset/raw/normal/000772.mp4,normal,2.325,True,1280,720,10.0,50,5.0,Valid video stream.,TEST
normal_000773,000773.mp4,dataset/raw/normal/000773.mp4,normal,3.569,True,1280,720,10.0,50,5.0,Valid video stream.,TRAIN
normal_000774,000774.mp4,dataset/raw/normal/000774.mp4,normal,1.858,True,1280,720,10.0,50,5.0,Valid video stream.,TRAIN
normal_000775,000775.mp4,dataset/raw/normal/000775.mp4,normal,0.946,True,1280,720,10.0,50,5.0,Valid video stream.,TRAIN
normal_000776,000776.mp4,dataset/raw/normal/000776.mp4,normal,0.838,True,1280,720,10.0,50,5.0,Valid video stream.,TRAIN
normal_000777,000777.mp4,dataset/raw/normal/000777.mp4,normal,1.202,True,1280,720,10.0,50,5.0,Valid video stream.,TRAIN
normal_000778,000778.mp4,dataset/raw/normal/000778.mp4,normal,1.566,True,1280,720,10.0,50,5.0,Valid video stream.,VALIDATION
normal_000779,000779.mp4,dataset/raw/normal/000779.mp4,normal,1.588,True,1280,720,10.0,50,5.0,Valid video stream.,TRAIN
normal_000780,000780.mp4,dataset/raw/normal/000780.mp4,normal,1.48,True,1280,720,10.0,50,5.0,Valid video stream.,TRAIN
normal_000781,000781.mp4,dataset/raw/normal/000781.mp4,normal,5.016,True,1280,720,10.0,50,5.0,Valid video stream.,TRAIN
normal_000782,000782.mp4,dataset/raw/normal/000782.mp4,normal,3.15,True,1280,720,10.0,50,5.0,Valid video stream.,VALIDATION
normal_000783,000783.mp4,dataset/raw/normal/000783.mp4,normal,1.968,True,1280,720,10.0,50,5.0,Valid video stream.,VALIDATION
normal_000784,000784.mp4,dataset/raw/normal/000784.mp4,normal,3.418,True,1280,720,10.0,50,5.0,Valid video stream.,TRAIN
normal_000785,000785.mp4,dataset/raw/normal/000785.mp4,normal,1.685,True,1280,720,10.0,50,5.0,Valid video stream.,TRAIN
normal_000786,000786.mp4,dataset/raw/normal/000786.mp4,normal,1.157,True,1280,720,10.0,50,5.0,Valid video stream.,TRAIN
normal_000787,000787.mp4,dataset/raw/normal/000787.mp4,normal,1.376,True,1280,720,10.0,50,5.0,Valid video stream.,TEST
normal_000788,000788.mp4,dataset/raw/normal/000788.mp4,normal,1.446,True,1280,720,10.0,50,5.0,Valid video stream.,VALIDATION
normal_000789,000789.mp4,dataset/raw/normal/000789.mp4,normal,1.083,True,1280,720,10.0,50,5.0,Valid video stream.,TRAIN
normal_000790,000790.mp4,dataset/raw/normal/000790.mp4,normal,3.084,True,1280,720,10.0,50,5.0,Valid video stream.,TRAIN
normal_000791,000791.mp4,dataset/raw/normal/000791.mp4,normal,1.79,True,1280,720,10.0,50,5.0,Valid video stream.,TRAIN
normal_000792,000792.mp4,dataset/raw/normal/000792.mp4,normal,1.886,True,1280,720,10.0,50,5.0,Valid video stream.,TRAIN
normal_000793,000793.mp4,dataset/raw/normal/000793.mp4,normal,0.872,True,1280,720,10.0,50,5.0,Valid video stream.,TRAIN
normal_000794,000794.mp4,dataset/raw/normal/000794.mp4,normal,0.884,True,1280,720,10.0,50,5.0,Valid video stream.,TRAIN
normal_000795,000795.mp4,dataset/raw/normal/000795.mp4,normal,0.633,True,1280,720,10.0,50,5.0,Valid video stream.,TEST
normal_000796,000796.mp4,dataset/raw/normal/000796.mp4,normal,1.564,True,1280,720,10.0,50,5.0,Valid video stream.,TRAIN
normal_000797,000797.mp4,dataset/raw/normal/000797.mp4,normal,1.618,True,1280,720,10.0,50,5.0,Valid video stream.,TRAIN
normal_000798,000798.mp4,dataset/raw/normal/000798.mp4,normal,0.944,True,1280,720,10.0,50,5.0,Valid video stream.,VALIDATION
normal_000799,000799.mp4,dataset/raw/normal/000799.mp4,normal,1.905,True,1280,720,10.0,50,5.0,Valid video stream.,TRAIN
normal_000800,000800.mp4,dataset/raw/normal/000800.mp4,normal,1.109,True,1280,720,10.0,50,5.0,Valid video stream.,TRAIN
normal_000801,000801.mp4,dataset/raw/normal/000801.mp4,normal,1.417,True,1280,720,10.0,50,5.0,Valid video stream.,TRAIN
normal_000802,000802.mp4,dataset/raw/normal/000802.mp4,normal,0.846,True,1280,720,10.0,50,5.0,Valid video stream.,TRAIN
normal_000803,000803.mp4,dataset/raw/normal/000803.mp4,normal,1.123,True,1280,720,10.0,50,5.0,Valid video stream.,TRAIN
normal_000804,000804.mp4,dataset/raw/normal/000804.mp4,normal,1.431,True,1280,720,10.0,50,5.0,Valid video stream.,TRAIN
normal_000805,000805.mp4,dataset/raw/normal/000805.mp4,normal,4.54,True,1280,720,10.0,50,5.0,Valid video stream.,VALIDATION
normal_000806,000806.mp4,dataset/raw/normal/000806.mp4,normal,3.615,True,1280,720,10.0,50,5.0,Valid video stream.,TRAIN
normal_000807,000807.mp4,dataset/raw/normal/000807.mp4,normal,3.815,True,1280,720,10.0,50,5.0,Valid video stream.,TRAIN
normal_000808,000808.mp4,dataset/raw/normal/000808.mp4,normal,0.908,True,1280,720,10.0,50,5.0,Valid video stream.,TRAIN
normal_000809,000809.mp4,dataset/raw/normal/000809.mp4,normal,1.169,True,1280,720,10.0,50,5.0,Valid video stream.,TEST
normal_000810,000810.mp4,dataset/raw/normal/000810.mp4,normal,0.941,True,1280,720,10.0,50,5.0,Valid video stream.,TRAIN
normal_000811,000811.mp4,dataset/raw/normal/000811.mp4,normal,1.99,True,1280,720,10.0,50,5.0,Valid video stream.,TRAIN
normal_000812,000812.mp4,dataset/raw/normal/000812.mp4,normal,1.682,True,1280,720,10.0,50,5.0,Valid video stream.,TRAIN
normal_000813,000813.mp4,dataset/raw/normal/000813.mp4,normal,1.106,True,1280,720,10.0,50,5.0,Valid video stream.,TRAIN
normal_000814,000814.mp4,dataset/raw/normal/000814.mp4,normal,1.199,True,1280,720,10.0,50,5.0,Valid video stream.,TRAIN
normal_000815,000815.mp4,dataset/raw/normal/000815.mp4,normal,0.945,True,1280,720,10.0,50,5.0,Valid video stream.,TRAIN
normal_000816,000816.mp4,dataset/raw/normal/000816.mp4,normal,1.024,True,1280,720,10.0,50,5.0,Valid video stream.,VALIDATION
normal_000817,000817.mp4,dataset/raw/normal/000817.mp4,normal,2.966,True,1280,720,10.0,50,5.0,Valid video stream.,VALIDATION
normal_000818,000818.mp4,dataset/raw/normal/000818.mp4,normal,2.685,True,1280,720,10.0,50,5.0,Valid video stream.,TEST
normal_000819,000819.mp4,dataset/raw/normal/000819.mp4,normal,2.739,True,1280,720,10.0,50,5.0,Valid video stream.,TRAIN
normal_000820,000820.mp4,dataset/raw/normal/000820.mp4,normal,1.027,True,1280,720,10.0,50,5.0,Valid video stream.,VALIDATION
normal_000821,000821.mp4,dataset/raw/normal/000821.mp4,normal,1.039,True,1280,720,10.0,50,5.0,Valid video stream.,TRAIN
normal_000822,000822.mp4,dataset/raw/normal/000822.mp4,normal,1.497,True,1280,720,10.0,50,5.0,Valid video stream.,TRAIN
normal_000823,000823.mp4,dataset/raw/normal/000823.mp4,normal,4.653,True,1280,720,10.0,50,5.0,Valid video stream.,TRAIN
normal_000824,000824.mp4,dataset/raw/normal/000824.mp4,normal,3.7,True,1280,720,10.0,50,5.0,Valid video stream.,VALIDATION
normal_000825,000825.mp4,dataset/raw/normal/000825.mp4,normal,1.323,True,1280,720,10.0,50,5.0,Valid video stream.,TRAIN
normal_000826,000826.mp4,dataset/raw/normal/000826.mp4,normal,3.064,True,1280,720,10.0,50,5.0,Valid video stream.,VALIDATION
normal_000827,000827.mp4,dataset/raw/normal/000827.mp4,normal,3.747,True,1280,720,10.0,50,5.0,Valid video stream.,TRAIN
normal_000828,000828.mp4,dataset/raw/normal/000828.mp4,normal,3.628,True,1280,720,10.0,50,5.0,Valid video stream.,VALIDATION
normal_000829,000829.mp4,dataset/raw/normal/000829.mp4,normal,3.708,True,1280,720,10.0,50,5.0,Valid video stream.,TRAIN
normal_000830,000830.mp4,dataset/raw/normal/000830.mp4,normal,3.866,True,1280,720,10.0,50,5.0,Valid video stream.,TRAIN
normal_000831,000831.mp4,dataset/raw/normal/000831.mp4,normal,2.349,True,1280,720,10.0,50,5.0,Valid video stream.,TRAIN
normal_000832,000832.mp4,dataset/raw/normal/000832.mp4,normal,2.992,True,1280,720,10.0,50,5.0,Valid video stream.,TRAIN
normal_000833,000833.mp4,dataset/raw/normal/000833.mp4,normal,2.381,True,1280,720,10.0,50,5.0,Valid video stream.,TRAIN
normal_000834,000834.mp4,dataset/raw/normal/000834.mp4,normal,2.994,True,1280,720,10.0,50,5.0,Valid video stream.,TRAIN
normal_000835,000835.mp4,dataset/raw/normal/000835.mp4,normal,0.73,True,1280,720,10.0,50,5.0,Valid video stream.,TRAIN
normal_000836,000836.mp4,dataset/raw/normal/000836.mp4,normal,0.873,True,1280,720,10.0,50,5.0,Valid video stream.,VALIDATION
normal_000837,000837.mp4,dataset/raw/normal/000837.mp4,normal,1.029,True,1280,720,10.0,50,5.0,Valid video stream.,TRAIN
normal_000838,000838.mp4,dataset/raw/normal/000838.mp4,normal,4.617,True,1280,720,10.0,50,5.0,Valid video stream.,TEST
normal_000839,000839.mp4,dataset/raw/normal/000839.mp4,normal,4.706,True,1280,720,10.0,50,5.0,Valid video stream.,TRAIN
normal_000840,000840.mp4,dataset/raw/normal/000840.mp4,normal,5.319,True,1280,720,10.0,50,5.0,Valid video stream.,TRAIN
normal_000841,000841.mp4,dataset/raw/normal/000841.mp4,normal,1.318,True,1280,720,10.0,50,5.0,Valid video stream.,TRAIN
normal_000842,000842.mp4,dataset/raw/normal/000842.mp4,normal,1.038,True,1280,720,10.0,50,5.0,Valid video stream.,TRAIN
normal_000843,000843.mp4,dataset/raw/normal/000843.mp4,normal,1.087,True,1280,720,10.0,50,5.0,Valid video stream.,TRAIN
normal_000844,000844.mp4,dataset/raw/normal/000844.mp4,normal,1.832,True,1280,720,10.0,50,5.0,Valid video stream.,TRAIN
normal_000845,000845.mp4,dataset/raw/normal/000845.mp4,normal,1.319,True,1280,720,10.0,50,5.0,Valid video stream.,TRAIN
normal_000846,000846.mp4,dataset/raw/normal/000846.mp4,normal,1.103,True,1280,720,10.0,50,5.0,Valid video stream.,TRAIN
normal_000847,000847.mp4,dataset/raw/normal/000847.mp4,normal,1.853,True,1280,720,10.0,50,5.0,Valid video stream.,TRAIN
normal_000848,000848.mp4,dataset/raw/normal/000848.mp4,normal,2.355,True,1280,720,10.0,50,5.0,Valid video stream.,TRAIN
normal_000849,000849.mp4,dataset/raw/normal/000849.mp4,normal,2.1,True,1280,720,10.0,50,5.0,Valid video stream.,TRAIN
normal_000850,000850.mp4,dataset/raw/normal/000850.mp4,normal,3.517,True,1280,720,10.0,50,5.0,Valid video stream.,VALIDATION
normal_000851,000851.mp4,dataset/raw/normal/000851.mp4,normal,3.373,True,1280,720,10.0,50,5.0,Valid video stream.,TRAIN
normal_000852,000852.mp4,dataset/raw/normal/000852.mp4,normal,3.766,True,1280,720,10.0,50,5.0,Valid video stream.,TRAIN
normal_000853,000853.mp4,dataset/raw/normal/000853.mp4,normal,0.836,True,1280,720,10.0,50,5.0,Valid video stream.,TRAIN
normal_000854,000854.mp4,dataset/raw/normal/000854.mp4,normal,0.591,True,1280,720,10.0,50,5.0,Valid video stream.,TRAIN
normal_000855,000855.mp4,dataset/raw/normal/000855.mp4,normal,0.768,True,1280,720,10.0,50,5.0,Valid video stream.,TRAIN
normal_000856,000856.mp4,dataset/raw/normal/000856.mp4,normal,1.57,True,1280,720,10.0,50,5.0,Valid video stream.,TRAIN
normal_000857,000857.mp4,dataset/raw/normal/000857.mp4,normal,2.113,True,1280,720,10.0,50,5.0,Valid video stream.,TRAIN
normal_000858,000858.mp4,dataset/raw/normal/000858.mp4,normal,2.038,True,1280,720,10.0,50,5.0,Valid video stream.,TRAIN
normal_000859,000859.mp4,dataset/raw/normal/000859.mp4,normal,1.912,True,1280,720,10.0,50,5.0,Valid video stream.,TRAIN
normal_000860,000860.mp4,dataset/raw/normal/000860.mp4,normal,2.513,True,1280,720,10.0,50,5.0,Valid video stream.,TRAIN
normal_000861,000861.mp4,dataset/raw/normal/000861.mp4,normal,1.647,True,1280,720,10.0,50,5.0,Valid video stream.,TRAIN
normal_000862,000862.mp4,dataset/raw/normal/000862.mp4,normal,6.155,True,1280,720,10.0,50,5.0,Valid video stream.,TRAIN
normal_000863,000863.mp4,dataset/raw/normal/000863.mp4,normal,5.386,True,1280,720,10.0,50,5.0,Valid video stream.,TRAIN
normal_000864,000864.mp4,dataset/raw/normal/000864.mp4,normal,1.747,True,1280,720,10.0,50,5.0,Valid video stream.,VALIDATION
normal_000865,000865.mp4,dataset/raw/normal/000865.mp4,normal,1.383,True,1280,720,10.0,50,5.0,Valid video stream.,TRAIN
normal_000866,000866.mp4,dataset/raw/normal/000866.mp4,normal,1.831,True,1280,720,10.0,50,5.0,Valid video stream.,TEST
normal_000867,000867.mp4,dataset/raw/normal/000867.mp4,normal,1.423,True,1280,720,10.0,50,5.0,Valid video stream.,TRAIN
normal_000868,000868.mp4,dataset/raw/normal/000868.mp4,normal,2.953,True,1280,720,10.0,50,5.0,Valid video stream.,TRAIN
normal_000869,000869.mp4,dataset/raw/normal/000869.mp4,normal,2.847,True,1280,720,10.0,50,5.0,Valid video stream.,TRAIN
normal_000870,000870.mp4,dataset/raw/normal/000870.mp4,normal,1.58,True,1280,720,10.0,50,5.0,Valid video stream.,TRAIN
normal_000871,000871.mp4,dataset/raw/normal/000871.mp4,normal,0.552,True,1280,720,10.0,50,5.0,Valid video stream.,TRAIN
normal_000872,000872.mp4,dataset/raw/normal/000872.mp4,normal,0.538,True,1280,720,10.0,50,5.0,Valid video stream.,TEST
normal_000873,000873.mp4,dataset/raw/normal/000873.mp4,normal,0.539,True,1280,720,10.0,50,5.0,Valid video stream.,TRAIN
normal_000874,000874.mp4,dataset/raw/normal/000874.mp4,normal,2.603,True,1280,720,10.0,50,5.0,Valid video stream.,TRAIN
normal_000875,000875.mp4,dataset/raw/normal/000875.mp4,normal,2.564,True,1280,720,10.0,50,5.0,Valid video stream.,TRAIN
normal_000876,000876.mp4,dataset/raw/normal/000876.mp4,normal,1.263,True,1280,720,10.0,50,5.0,Valid video stream.,TRAIN
normal_000877,000877.mp4,dataset/raw/normal/000877.mp4,normal,1.429,True,1280,720,10.0,50,5.0,Valid video stream.,VALIDATION
normal_000878,000878.mp4,dataset/raw/normal/000878.mp4,normal,1.111,True,1280,720,10.0,50,5.0,Valid video stream.,TEST
normal_000879,000879.mp4,dataset/raw/normal/000879.mp4,normal,0.538,True,1280,720,10.0,50,5.0,Valid video stream.,VALIDATION
normal_000880,000880.mp4,dataset/raw/normal/000880.mp4,normal,1.487,True,1280,720,10.0,50,5.0,Valid video stream.,TRAIN
normal_000881,000881.mp4,dataset/raw/normal/000881.mp4,normal,1.672,True,1280,720,10.0,50,5.0,Valid video stream.,TRAIN
normal_000882,000882.mp4,dataset/raw/normal/000882.mp4,normal,1.569,True,1280,720,10.0,50,5.0,Valid video stream.,TEST
normal_000883,000883.mp4,dataset/raw/normal/000883.mp4,normal,0.56,True,1280,720,10.0,50,5.0,Valid video stream.,TEST
normal_000884,000884.mp4,dataset/raw/normal/000884.mp4,normal,0.588,True,1280,720,10.0,50,5.0,Valid video stream.,TEST
normal_000885,000885.mp4,dataset/raw/normal/000885.mp4,normal,0.696,True,1280,720,10.0,50,5.0,Valid video stream.,TRAIN
normal_000886,000886.mp4,dataset/raw/normal/000886.mp4,normal,0.868,True,1280,720,10.0,50,5.0,Valid video stream.,TRAIN
normal_000887,000887.mp4,dataset/raw/normal/000887.mp4,normal,1.222,True,1280,720,10.0,50,5.0,Valid video stream.,TRAIN
normal_000888,000888.mp4,dataset/raw/normal/000888.mp4,normal,1.305,True,1280,720,10.0,50,5.0,Valid video stream.,TRAIN
normal_000889,000889.mp4,dataset/raw/normal/000889.mp4,normal,4.199,True,1280,720,10.0,50,5.0,Valid video stream.,TRAIN
normal_000890,000890.mp4,dataset/raw/normal/000890.mp4,normal,3.693,True,1280,720,10.0,50,5.0,Valid video stream.,TRAIN
normal_000891,000891.mp4,dataset/raw/normal/000891.mp4,normal,4.116,True,1280,720,10.0,50,5.0,Valid video stream.,TRAIN
normal_000892,000892.mp4,dataset/raw/normal/000892.mp4,normal,3.26,True,1280,720,10.0,50,5.0,Valid video stream.,TRAIN
normal_000893,000893.mp4,dataset/raw/normal/000893.mp4,normal,2.832,True,1280,720,10.0,50,5.0,Valid video stream.,TRAIN
normal_000894,000894.mp4,dataset/raw/normal/000894.mp4,normal,2.998,True,1280,720,10.0,50,5.0,Valid video stream.,TRAIN
normal_000895,000895.mp4,dataset/raw/normal/000895.mp4,normal,3.781,True,1280,720,10.0,50,5.0,Valid video stream.,TRAIN
normal_000896,000896.mp4,dataset/raw/normal/000896.mp4,normal,2.638,True,1280,720,10.0,50,5.0,Valid video stream.,TRAIN
normal_000897,000897.mp4,dataset/raw/normal/000897.mp4,normal,2.607,True,1280,720,10.0,50,5.0,Valid video stream.,TRAIN
normal_000898,000898.mp4,dataset/raw/normal/000898.mp4,normal,1.036,True,1280,720,10.0,50,5.0,Valid video stream.,TRAIN
normal_000899,000899.mp4,dataset/raw/normal/000899.mp4,normal,0.831,True,1280,720,10.0,50,5.0,Valid video stream.,TRAIN
normal_000900,000900.mp4,dataset/raw/normal/000900.mp4,normal,0.853,True,1280,720,10.0,50,5.0,Valid video stream.,TRAIN
normal_000901,000901.mp4,dataset/raw/normal/000901.mp4,normal,0.511,True,1280,720,10.0,50,5.0,Valid video stream.,TRAIN
normal_000902,000902.mp4,dataset/raw/normal/000902.mp4,normal,0.693,True,1280,720,10.0,50,5.0,Valid video stream.,TRAIN
normal_000903,000903.mp4,dataset/raw/normal/000903.mp4,normal,0.632,True,1280,720,10.0,50,5.0,Valid video stream.,TRAIN
normal_000904,000904.mp4,dataset/raw/normal/000904.mp4,normal,2.514,True,1280,720,10.0,50,5.0,Valid video stream.,TEST
normal_000905,000905.mp4,dataset/raw/normal/000905.mp4,normal,1.932,True,1280,720,10.0,50,5.0,Valid video stream.,TRAIN
normal_000906,000906.mp4,dataset/raw/normal/000906.mp4,normal,1.746,True,1280,720,10.0,50,5.0,Valid video stream.,TRAIN
normal_000907,000907.mp4,dataset/raw/normal/000907.mp4,normal,0.847,True,1280,720,10.0,50,5.0,Valid video stream.,TRAIN
normal_000908,000908.mp4,dataset/raw/normal/000908.mp4,normal,1.18,True,1280,720,10.0,50,5.0,Valid video stream.,TEST
normal_000909,000909.mp4,dataset/raw/normal/000909.mp4,normal,0.694,True,1280,720,10.0,50,5.0,Valid video stream.,TRAIN
normal_000910,000910.mp4,dataset/raw/normal/000910.mp4,normal,1.478,True,1280,720,10.0,50,5.0,Valid video stream.,TEST
normal_000911,000911.mp4,dataset/raw/normal/000911.mp4,normal,2.777,True,1280,720,10.0,50,5.0,Valid video stream.,TRAIN
normal_000912,000912.mp4,dataset/raw/normal/000912.mp4,normal,1.766,True,1280,720,10.0,50,5.0,Valid video stream.,TRAIN
normal_000913,000913.mp4,dataset/raw/normal/000913.mp4,normal,1.18,True,1280,720,10.0,50,5.0,Valid video stream.,TRAIN
normal_000914,000914.mp4,dataset/raw/normal/000914.mp4,normal,1.329,True,1280,720,10.0,50,5.0,Valid video stream.,TRAIN
normal_000915,000915.mp4,dataset/raw/normal/000915.mp4,normal,1.382,True,1280,720,10.0,50,5.0,Valid video stream.,TRAIN
normal_000916,000916.mp4,dataset/raw/normal/000916.mp4,normal,1.057,True,1280,720,10.0,50,5.0,Valid video stream.,TRAIN
normal_000917,000917.mp4,dataset/raw/normal/000917.mp4,normal,1.951,True,1280,720,10.0,50,5.0,Valid video stream.,TRAIN
normal_000918,000918.mp4,dataset/raw/normal/000918.mp4,normal,1.885,True,1280,720,10.0,50,5.0,Valid video stream.,TRAIN
normal_000919,000919.mp4,dataset/raw/normal/000919.mp4,normal,0.658,True,1280,720,10.0,50,5.0,Valid video stream.,TEST
normal_000920,000920.mp4,dataset/raw/normal/000920.mp4,normal,0.759,True,1280,720,10.0,50,5.0,Valid video stream.,TEST
normal_000921,000921.mp4,dataset/raw/normal/000921.mp4,normal,0.79,True,1280,720,10.0,50,5.0,Valid video stream.,TRAIN
normal_000922,000922.mp4,dataset/raw/normal/000922.mp4,normal,3.736,True,1280,720,10.0,50,5.0,Valid video stream.,VALIDATION
normal_000923,000923.mp4,dataset/raw/normal/000923.mp4,normal,3.511,True,1280,720,10.0,50,5.0,Valid video stream.,TRAIN
normal_000924,000924.mp4,dataset/raw/normal/000924.mp4,normal,2.917,True,1280,720,10.0,50,5.0,Valid video stream.,VALIDATION
normal_000925,000925.mp4,dataset/raw/normal/000925.mp4,normal,2.493,True,1280,720,10.0,50,5.0,Valid video stream.,VALIDATION
normal_000926,000926.mp4,dataset/raw/normal/000926.mp4,normal,2.018,True,1280,720,10.0,50,5.0,Valid video stream.,TRAIN
normal_000927,000927.mp4,dataset/raw/normal/000927.mp4,normal,1.992,True,1280,720,10.0,50,5.0,Valid video stream.,TEST
normal_000928,000928.mp4,dataset/raw/normal/000928.mp4,normal,1.447,True,1280,720,10.0,50,5.0,Valid video stream.,TEST
normal_000929,000929.mp4,dataset/raw/normal/000929.mp4,normal,1.511,True,1280,720,10.0,50,5.0,Valid video stream.,TRAIN
normal_000930,000930.mp4,dataset/raw/normal/000930.mp4,normal,1.116,True,1280,720,10.0,50,5.0,Valid video stream.,TRAIN
normal_000931,000931.mp4,dataset/raw/normal/000931.mp4,normal,0.392,True,1280,720,10.0,50,5.0,Valid video stream.,TRAIN
normal_000932,000932.mp4,dataset/raw/normal/000932.mp4,normal,1.27,True,1280,720,10.0,50,5.0,Valid video stream.,TRAIN
normal_000933,000933.mp4,dataset/raw/normal/000933.mp4,normal,0.356,True,1280,720,10.0,50,5.0,Valid video stream.,VALIDATION
normal_000934,000934.mp4,dataset/raw/normal/000934.mp4,normal,2.064,True,1280,720,10.0,50,5.0,Valid video stream.,TRAIN
normal_000935,000935.mp4,dataset/raw/normal/000935.mp4,normal,2.062,True,1280,720,10.0,50,5.0,Valid video stream.,TRAIN
normal_000936,000936.mp4,dataset/raw/normal/000936.mp4,normal,1.452,True,1280,720,10.0,50,5.0,Valid video stream.,TRAIN
normal_000937,000937.mp4,dataset/raw/normal/000937.mp4,normal,1.422,True,1280,720,10.0,50,5.0,Valid video stream.,TRAIN
normal_000938,000938.mp4,dataset/raw/normal/000938.mp4,normal,1.323,True,1280,720,10.0,50,5.0,Valid video stream.,TRAIN
normal_000939,000939.mp4,dataset/raw/normal/000939.mp4,normal,1.287,True,1280,720,10.0,50,5.0,Valid video stream.,TRAIN
normal_000940,000940.mp4,dataset/raw/normal/000940.mp4,normal,1.305,True,1280,720,10.0,50,5.0,Valid video stream.,TRAIN
normal_000941,000941.mp4,dataset/raw/normal/000941.mp4,normal,1.051,True,1280,720,10.0,50,5.0,Valid video stream.,TRAIN
normal_000942,000942.mp4,dataset/raw/normal/000942.mp4,normal,1.043,True,1280,720,10.0,50,5.0,Valid video stream.,TRAIN
normal_000943,000943.mp4,dataset/raw/normal/000943.mp4,normal,2.162,True,1280,720,10.0,50,5.0,Valid video stream.,TEST
normal_000944,000944.mp4,dataset/raw/normal/000944.mp4,normal,1.902,True,1280,720,10.0,50,5.0,Valid video stream.,TRAIN
normal_000945,000945.mp4,dataset/raw/normal/000945.mp4,normal,1.117,True,1280,720,10.0,50,5.0,Valid video stream.,TRAIN
normal_000946,000946.mp4,dataset/raw/normal/000946.mp4,normal,2.077,True,1280,720,10.0,50,5.0,Valid video stream.,TRAIN
normal_000947,000947.mp4,dataset/raw/normal/000947.mp4,normal,1.112,True,1280,720,10.0,50,5.0,Valid video stream.,TRAIN
normal_000948,000948.mp4,dataset/raw/normal/000948.mp4,normal,0.874,True,1280,720,10.0,50,5.0,Valid video stream.,TRAIN
normal_000949,000949.mp4,dataset/raw/normal/000949.mp4,normal,2.537,True,1280,720,10.0,50,5.0,Valid video stream.,TRAIN
normal_000950,000950.mp4,dataset/raw/normal/000950.mp4,normal,2.317,True,1280,720,10.0,50,5.0,Valid video stream.,TRAIN
normal_000951,000951.mp4,dataset/raw/normal/000951.mp4,normal,2.484,True,1280,720,10.0,50,5.0,Valid video stream.,TRAIN
normal_000952,000952.mp4,dataset/raw/normal/000952.mp4,normal,1.712,True,1280,720,10.0,50,5.0,Valid video stream.,VALIDATION
normal_000953,000953.mp4,dataset/raw/normal/000953.mp4,normal,1.762,True,1280,720,10.0,50,5.0,Valid video stream.,TRAIN
normal_000954,000954.mp4,dataset/raw/normal/000954.mp4,normal,2.32,True,1280,720,10.0,50,5.0,Valid video stream.,VALIDATION
normal_000955,000955.mp4,dataset/raw/normal/000955.mp4,normal,0.524,True,1280,720,10.0,50,5.0,Valid video stream.,TRAIN
normal_000956,000956.mp4,dataset/raw/normal/000956.mp4,normal,0.461,True,1280,720,10.0,50,5.0,Valid video stream.,TRAIN
normal_000957,000957.mp4,dataset/raw/normal/000957.mp4,normal,0.444,True,1280,720,10.0,50,5.0,Valid video stream.,TRAIN
normal_000958,000958.mp4,dataset/raw/normal/000958.mp4,normal,1.795,True,1280,720,10.0,50,5.0,Valid video stream.,TRAIN
normal_000959,000959.mp4,dataset/raw/normal/000959.mp4,normal,2.019,True,1280,720,10.0,50,5.0,Valid video stream.,TEST
normal_000960,000960.mp4,dataset/raw/normal/000960.mp4,normal,1.955,True,1280,720,10.0,50,5.0,Valid video stream.,TRAIN
normal_000961,000961.mp4,dataset/raw/normal/000961.mp4,normal,3.07,True,1280,720,10.0,50,5.0,Valid video stream.,TRAIN
normal_000962,000962.mp4,dataset/raw/normal/000962.mp4,normal,2.778,True,1280,720,10.0,50,5.0,Valid video stream.,TRAIN
normal_000963,000963.mp4,dataset/raw/normal/000963.mp4,normal,2.052,True,1280,720,10.0,50,5.0,Valid video stream.,TRAIN
normal_000964,000964.mp4,dataset/raw/normal/000964.mp4,normal,1.417,True,1280,720,10.0,50,5.0,Valid video stream.,TRAIN
normal_000965,000965.mp4,dataset/raw/normal/000965.mp4,normal,1.183,True,1280,720,10.0,50,5.0,Valid video stream.,TRAIN
normal_000966,000966.mp4,dataset/raw/normal/000966.mp4,normal,1.685,True,1280,720,10.0,50,5.0,Valid video stream.,TEST
normal_000967,000967.mp4,dataset/raw/normal/000967.mp4,normal,1.501,True,1280,720,10.0,50,5.0,Valid video stream.,VALIDATION
normal_000968,000968.mp4,dataset/raw/normal/000968.mp4,normal,1.298,True,1280,720,10.0,50,5.0,Valid video stream.,TEST
normal_000969,000969.mp4,dataset/raw/normal/000969.mp4,normal,1.758,True,1280,720,10.0,50,5.0,Valid video stream.,TRAIN
normal_000970,000970.mp4,dataset/raw/normal/000970.mp4,normal,2.659,True,1280,720,10.0,50,5.0,Valid video stream.,VALIDATION
normal_000971,000971.mp4,dataset/raw/normal/000971.mp4,normal,3.956,True,1280,720,10.0,50,5.0,Valid video stream.,TRAIN
normal_000972,000972.mp4,dataset/raw/normal/000972.mp4,normal,2.958,True,1280,720,10.0,50,5.0,Valid video stream.,TRAIN
normal_000973,000973.mp4,dataset/raw/normal/000973.mp4,normal,1.316,True,1280,720,10.0,50,5.0,Valid video stream.,TEST
normal_000974,000974.mp4,dataset/raw/normal/000974.mp4,normal,0.903,True,1280,720,10.0,50,5.0,Valid video stream.,TEST
normal_000975,000975.mp4,dataset/raw/normal/000975.mp4,normal,0.723,True,1280,720,10.0,50,5.0,Valid video stream.,TRAIN
normal_000976,000976.mp4,dataset/raw/normal/000976.mp4,normal,2.221,True,1280,720,10.0,50,5.0,Valid video stream.,TRAIN
normal_000977,000977.mp4,dataset/raw/normal/000977.mp4,normal,2.331,True,1280,720,10.0,50,5.0,Valid video stream.,TEST
normal_000978,000978.mp4,dataset/raw/normal/000978.mp4,normal,1.605,True,1280,720,10.0,50,5.0,Valid video stream.,TRAIN
normal_000979,000979.mp4,dataset/raw/normal/000979.mp4,normal,1.532,True,1280,720,10.0,50,5.0,Valid video stream.,TRAIN
normal_000980,000980.mp4,dataset/raw/normal/000980.mp4,normal,1.201,True,1280,720,10.0,50,5.0,Valid video stream.,TEST
normal_000981,000981.mp4,dataset/raw/normal/000981.mp4,normal,0.922,True,1280,720,10.0,50,5.0,Valid video stream.,VALIDATION
normal_000982,000982.mp4,dataset/raw/normal/000982.mp4,normal,0.559,True,1280,720,10.0,50,5.0,Valid video stream.,TRAIN
normal_000983,000983.mp4,dataset/raw/normal/000983.mp4,normal,0.555,True,1280,720,10.0,50,5.0,Valid video stream.,TRAIN
normal_000984,000984.mp4,dataset/raw/normal/000984.mp4,normal,0.568,True,1280,720,10.0,50,5.0,Valid video stream.,TRAIN
normal_000985,000985.mp4,dataset/raw/normal/000985.mp4,normal,1.836,True,1280,720,10.0,50,5.0,Valid video stream.,TRAIN
normal_000986,000986.mp4,dataset/raw/normal/000986.mp4,normal,2.112,True,1280,720,10.0,50,5.0,Valid video stream.,TEST
normal_000987,000987.mp4,dataset/raw/normal/000987.mp4,normal,1.75,True,1280,720,10.0,50,5.0,Valid video stream.,VALIDATION
normal_000988,000988.mp4,dataset/raw/normal/000988.mp4,normal,1.931,True,1280,720,10.0,50,5.0,Valid video stream.,VALIDATION
normal_000989,000989.mp4,dataset/raw/normal/000989.mp4,normal,2.101,True,1280,720,10.0,50,5.0,Valid video stream.,TRAIN
normal_000990,000990.mp4,dataset/raw/normal/000990.mp4,normal,3.446,True,1280,720,10.0,50,5.0,Valid video stream.,TRAIN
normal_000991,000991.mp4,dataset/raw/normal/000991.mp4,normal,0.876,True,1280,720,10.0,50,5.0,Valid video stream.,TEST
normal_000992,000992.mp4,dataset/raw/normal/000992.mp4,normal,0.77,True,1280,720,10.0,50,5.0,Valid video stream.,TRAIN
normal_000993,000993.mp4,dataset/raw/normal/000993.mp4,normal,0.871,True,1280,720,10.0,50,5.0,Valid video stream.,VALIDATION
normal_000994,000994.mp4,dataset/raw/normal/000994.mp4,normal,3.099,True,1280,720,10.0,50,5.0,Valid video stream.,VALIDATION
normal_000995,000995.mp4,dataset/raw/normal/000995.mp4,normal,2.933,True,1280,720,10.0,50,5.0,Valid video stream.,TRAIN
normal_000996,000996.mp4,dataset/raw/normal/000996.mp4,normal,3.75,True,1280,720,10.0,50,5.0,Valid video stream.,TRAIN
normal_000997,000997.mp4,dataset/raw/normal/000997.mp4,normal,1.483,True,1280,720,10.0,50,5.0,Valid video stream.,TEST
normal_000998,000998.mp4,dataset/raw/normal/000998.mp4,normal,1.728,True,1280,720,10.0,50,5.0,Valid video stream.,TRAIN
normal_000999,000999.mp4,dataset/raw/normal/000999.mp4,normal,1.411,True,1280,720,10.0,50,5.0,Valid video stream.,TRAIN
normal_001000,001000.mp4,dataset/raw/normal/001000.mp4,normal,0.524,True,1280,720,10.0,50,5.0,Valid video stream.,TRAIN
normal_001001,001001.mp4,dataset/raw/normal/001001.mp4,normal,0.527,True,1280,720,10.0,50,5.0,Valid video stream.,TRAIN
normal_001002,001002.mp4,dataset/raw/normal/001002.mp4,normal,1.366,True,1280,720,10.0,50,5.0,Valid video stream.,TRAIN
normal_001003,001003.mp4,dataset/raw/normal/001003.mp4,normal,3.222,True,1280,720,10.0,50,5.0,Valid video stream.,TRAIN
normal_001004,001004.mp4,dataset/raw/normal/001004.mp4,normal,3.266,True,1280,720,10.0,50,5.0,Valid video stream.,VALIDATION
normal_001005,001005.mp4,dataset/raw/normal/001005.mp4,normal,3.947,True,1280,720,10.0,50,5.0,Valid video stream.,TRAIN
normal_001006,001006.mp4,dataset/raw/normal/001006.mp4,normal,0.746,True,1280,720,10.0,50,5.0,Valid video stream.,TRAIN
normal_001007,001007.mp4,dataset/raw/normal/001007.mp4,normal,0.768,True,1280,720,10.0,50,5.0,Valid video stream.,TRAIN
normal_001008,001008.mp4,dataset/raw/normal/001008.mp4,normal,0.913,True,1280,720,10.0,50,5.0,Valid video stream.,TRAIN
normal_001009,001009.mp4,dataset/raw/normal/001009.mp4,normal,1.167,True,1280,720,10.0,50,5.0,Valid video stream.,TRAIN
normal_001010,001010.mp4,dataset/raw/normal/001010.mp4,normal,1.418,True,1280,720,10.0,50,5.0,Valid video stream.,VALIDATION
normal_001011,001011.mp4,dataset/raw/normal/001011.mp4,normal,0.711,True,1280,720,10.0,50,5.0,Valid video stream.,TRAIN
normal_001012,001012.mp4,dataset/raw/normal/001012.mp4,normal,2.456,True,1280,720,10.0,50,5.0,Valid video stream.,TRAIN
normal_001013,001013.mp4,dataset/raw/normal/001013.mp4,normal,2.65,True,1280,720,10.0,50,5.0,Valid video stream.,TRAIN
normal_001014,001014.mp4,dataset/raw/normal/001014.mp4,normal,1.297,True,1280,720,10.0,50,5.0,Valid video stream.,TRAIN
normal_001015,001015.mp4,dataset/raw/normal/001015.mp4,normal,0.56,True,1280,720,10.0,50,5.0,Valid video stream.,TEST
normal_001016,001016.mp4,dataset/raw/normal/001016.mp4,normal,0.758,True,1280,720,10.0,50,5.0,Valid video stream.,VALIDATION
normal_001017,001017.mp4,dataset/raw/normal/001017.mp4,normal,0.584,True,1280,720,10.0,50,5.0,Valid video stream.,VALIDATION
normal_001018,001018.mp4,dataset/raw/normal/001018.mp4,normal,0.797,True,1280,720,10.0,50,5.0,Valid video stream.,TRAIN
normal_001019,001019.mp4,dataset/raw/normal/001019.mp4,normal,0.919,True,1280,720,10.0,50,5.0,Valid video stream.,TRAIN
normal_001020,001020.mp4,dataset/raw/normal/001020.mp4,normal,1.089,True,1280,720,10.0,50,5.0,Valid video stream.,TRAIN
normal_001021,001021.mp4,dataset/raw/normal/001021.mp4,normal,1.486,True,1280,720,10.0,50,5.0,Valid video stream.,TRAIN
normal_001022,001022.mp4,dataset/raw/normal/001022.mp4,normal,1.259,True,1280,720,10.0,50,5.0,Valid video stream.,TRAIN
normal_001023,001023.mp4,dataset/raw/normal/001023.mp4,normal,1.286,True,1280,720,10.0,50,5.0,Valid video stream.,VALIDATION
normal_001024,001024.mp4,dataset/raw/normal/001024.mp4,normal,2.502,True,1280,720,10.0,50,5.0,Valid video stream.,TRAIN
normal_001025,001025.mp4,dataset/raw/normal/001025.mp4,normal,2.861,True,1280,720,10.0,50,5.0,Valid video stream.,TEST
normal_001026,001026.mp4,dataset/raw/normal/001026.mp4,normal,2.108,True,1280,720,10.0,50,5.0,Valid video stream.,TRAIN
normal_001027,001027.mp4,dataset/raw/normal/001027.mp4,normal,2.042,True,1280,720,10.0,50,5.0,Valid video stream.,VALIDATION
normal_001028,001028.mp4,dataset/raw/normal/001028.mp4,normal,2.36,True,1280,720,10.0,50,5.0,Valid video stream.,TRAIN
normal_001029,001029.mp4,dataset/raw/normal/001029.mp4,normal,2.625,True,1280,720,10.0,50,5.0,Valid video stream.,TRAIN
normal_001030,001030.mp4,dataset/raw/normal/001030.mp4,normal,2.946,True,1280,720,10.0,50,5.0,Valid video stream.,TRAIN
normal_001031,001031.mp4,dataset/raw/normal/001031.mp4,normal,3.576,True,1280,720,10.0,50,5.0,Valid video stream.,TRAIN
normal_001032,001032.mp4,dataset/raw/normal/001032.mp4,normal,4.278,True,1280,720,10.0,50,5.0,Valid video stream.,TRAIN
normal_001033,001033.mp4,dataset/raw/normal/001033.mp4,normal,4.053,True,1280,720,10.0,50,5.0,Valid video stream.,TEST
normal_001034,001034.mp4,dataset/raw/normal/001034.mp4,normal,3.817,True,1280,720,10.0,50,5.0,Valid video stream.,TRAIN
normal_001035,001035.mp4,dataset/raw/normal/001035.mp4,normal,4.568,True,1280,720,10.0,50,5.0,Valid video stream.,TRAIN
normal_001036,001036.mp4,dataset/raw/normal/001036.mp4,normal,5.207,True,1280,720,10.0,50,5.0,Valid video stream.,TRAIN
normal_001037,001037.mp4,dataset/raw/normal/001037.mp4,normal,4.792,True,1280,720,10.0,50,5.0,Valid video stream.,TRAIN
normal_001038,001038.mp4,dataset/raw/normal/001038.mp4,normal,3.013,True,1280,720,10.0,50,5.0,Valid video stream.,VALIDATION
normal_001039,001039.mp4,dataset/raw/normal/001039.mp4,normal,2.228,True,1280,720,10.0,50,5.0,Valid video stream.,VALIDATION
normal_001040,001040.mp4,dataset/raw/normal/001040.mp4,normal,1.831,True,1280,720,10.0,50,5.0,Valid video stream.,TRAIN
normal_001041,001041.mp4,dataset/raw/normal/001041.mp4,normal,1.8,True,1280,720,10.0,50,5.0,Valid video stream.,TRAIN
normal_001042,001042.mp4,dataset/raw/normal/001042.mp4,normal,0.986,True,1280,720,10.0,50,5.0,Valid video stream.,TRAIN
normal_001043,001043.mp4,dataset/raw/normal/001043.mp4,normal,0.786,True,1280,720,10.0,50,5.0,Valid video stream.,TRAIN
normal_001044,001044.mp4,dataset/raw/normal/001044.mp4,normal,0.733,True,1280,720,10.0,50,5.0,Valid video stream.,TRAIN
normal_001045,001045.mp4,dataset/raw/normal/001045.mp4,normal,1.117,True,1280,720,10.0,50,5.0,Valid video stream.,TRAIN
normal_001046,001046.mp4,dataset/raw/normal/001046.mp4,normal,0.888,True,1280,720,10.0,50,5.0,Valid video stream.,TRAIN
normal_001047,001047.mp4,dataset/raw/normal/001047.mp4,normal,0.806,True,1280,720,10.0,50,5.0,Valid video stream.,TEST
normal_001048,001048.mp4,dataset/raw/normal/001048.mp4,normal,4.311,True,1280,720,10.0,50,5.0,Valid video stream.,TRAIN
normal_001049,001049.mp4,dataset/raw/normal/001049.mp4,normal,3.572,True,1280,720,10.0,50,5.0,Valid video stream.,TEST
normal_001050,001050.mp4,dataset/raw/normal/001050.mp4,normal,4.554,True,1280,720,10.0,50,5.0,Valid video stream.,TRAIN
normal_001051,001051.mp4,dataset/raw/normal/001051.mp4,normal,2.414,True,1280,720,10.0,50,5.0,Valid video stream.,VALIDATION
normal_001052,001052.mp4,dataset/raw/normal/001052.mp4,normal,2.458,True,1280,720,10.0,50,5.0,Valid video stream.,TRAIN
normal_001053,001053.mp4,dataset/raw/normal/001053.mp4,normal,2.896,True,1280,720,10.0,50,5.0,Valid video stream.,TRAIN
normal_001054,001054.mp4,dataset/raw/normal/001054.mp4,normal,2.148,True,1280,720,10.0,50,5.0,Valid video stream.,TRAIN
normal_001055,001055.mp4,dataset/raw/normal/001055.mp4,normal,2.849,True,1280,720,10.0,50,5.0,Valid video stream.,TRAIN
normal_001056,001056.mp4,dataset/raw/normal/001056.mp4,normal,3.197,True,1280,720,10.0,50,5.0,Valid video stream.,TRAIN
normal_001057,001057.mp4,dataset/raw/normal/001057.mp4,normal,3.733,True,1280,720,10.0,50,5.0,Valid video stream.,TRAIN
normal_001058,001058.mp4,dataset/raw/normal/001058.mp4,normal,3.545,True,1280,720,10.0,50,5.0,Valid video stream.,TRAIN
normal_001059,001059.mp4,dataset/raw/normal/001059.mp4,normal,2.876,True,1280,720,10.0,50,5.0,Valid video stream.,TRAIN
normal_001060,001060.mp4,dataset/raw/normal/001060.mp4,normal,5.96,True,1280,720,10.0,50,5.0,Valid video stream.,TRAIN
normal_001061,001061.mp4,dataset/raw/normal/001061.mp4,normal,5.139,True,1280,720,10.0,50,5.0,Valid video stream.,TRAIN
normal_001062,001062.mp4,dataset/raw/normal/001062.mp4,normal,4.157,True,1280,720,10.0,50,5.0,Valid video stream.,TRAIN
normal_001063,001063.mp4,dataset/raw/normal/001063.mp4,normal,0.881,True,1280,720,10.0,50,5.0,Valid video stream.,TRAIN
normal_001064,001064.mp4,dataset/raw/normal/001064.mp4,normal,1.356,True,1280,720,10.0,50,5.0,Valid video stream.,TRAIN
normal_001065,001065.mp4,dataset/raw/normal/001065.mp4,normal,1.254,True,1280,720,10.0,50,5.0,Valid video stream.,TRAIN
normal_001066,001066.mp4,dataset/raw/normal/001066.mp4,normal,1.967,True,1280,720,10.0,50,5.0,Valid video stream.,TRAIN
normal_001067,001067.mp4,dataset/raw/normal/001067.mp4,normal,2.985,True,1280,720,10.0,50,5.0,Valid video stream.,VALIDATION
normal_001068,001068.mp4,dataset/raw/normal/001068.mp4,normal,1.915,True,1280,720,10.0,50,5.0,Valid video stream.,TRAIN
normal_001069,001069.mp4,dataset/raw/normal/001069.mp4,normal,0.663,True,1280,720,10.0,50,5.0,Valid video stream.,TRAIN
normal_001070,001070.mp4,dataset/raw/normal/001070.mp4,normal,0.743,True,1280,720,10.0,50,5.0,Valid video stream.,TRAIN
normal_001071,001071.mp4,dataset/raw/normal/001071.mp4,normal,0.752,True,1280,720,10.0,50,5.0,Valid video stream.,TRAIN
normal_001072,001072.mp4,dataset/raw/normal/001072.mp4,normal,1.751,True,1280,720,10.0,50,5.0,Valid video stream.,TRAIN
normal_001073,001073.mp4,dataset/raw/normal/001073.mp4,normal,1.074,True,1280,720,10.0,50,5.0,Valid video stream.,VALIDATION
normal_001074,001074.mp4,dataset/raw/normal/001074.mp4,normal,1.127,True,1280,720,10.0,50,5.0,Valid video stream.,TRAIN
normal_001075,001075.mp4,dataset/raw/normal/001075.mp4,normal,2.391,True,1280,720,10.0,50,5.0,Valid video stream.,TRAIN
normal_001076,001076.mp4,dataset/raw/normal/001076.mp4,normal,2.703,True,1280,720,10.0,50,5.0,Valid video stream.,TRAIN
normal_001077,001077.mp4,dataset/raw/normal/001077.mp4,normal,2.558,True,1280,720,10.0,50,5.0,Valid video stream.,TRAIN
normal_001078,001078.mp4,dataset/raw/normal/001078.mp4,normal,1.163,True,1280,720,10.0,50,5.0,Valid video stream.,TRAIN
normal_001079,001079.mp4,dataset/raw/normal/001079.mp4,normal,2.155,True,1280,720,10.0,50,5.0,Valid video stream.,TRAIN
normal_001080,001080.mp4,dataset/raw/normal/001080.mp4,normal,0.669,True,1280,720,10.0,50,5.0,Valid video stream.,TRAIN
normal_001081,001081.mp4,dataset/raw/normal/001081.mp4,normal,2.214,True,1280,720,10.0,50,5.0,Valid video stream.,TRAIN
normal_001082,001082.mp4,dataset/raw/normal/001082.mp4,normal,2.726,True,1280,720,10.0,50,5.0,Valid video stream.,TRAIN
normal_001083,001083.mp4,dataset/raw/normal/001083.mp4,normal,4.149,True,1280,720,10.0,50,5.0,Valid video stream.,VALIDATION
normal_001084,001084.mp4,dataset/raw/normal/001084.mp4,normal,1.068,True,1280,720,10.0,50,5.0,Valid video stream.,VALIDATION
normal_001085,001085.mp4,dataset/raw/normal/001085.mp4,normal,0.784,True,1280,720,10.0,50,5.0,Valid video stream.,VALIDATION
normal_001086,001086.mp4,dataset/raw/normal/001086.mp4,normal,0.568,True,1280,720,10.0,50,5.0,Valid video stream.,TRAIN
normal_001087,001087.mp4,dataset/raw/normal/001087.mp4,normal,5.731,True,1280,720,10.0,50,5.0,Valid video stream.,TRAIN
normal_001088,001088.mp4,dataset/raw/normal/001088.mp4,normal,3.679,True,1280,720,10.0,50,5.0,Valid video stream.,VALIDATION
normal_001089,001089.mp4,dataset/raw/normal/001089.mp4,normal,6.484,True,1280,720,10.0,50,5.0,Valid video stream.,TRAIN
normal_001090,001090.mp4,dataset/raw/normal/001090.mp4,normal,0.845,True,1280,720,10.0,50,5.0,Valid video stream.,TRAIN
normal_001091,001091.mp4,dataset/raw/normal/001091.mp4,normal,0.848,True,1280,720,10.0,50,5.0,Valid video stream.,TRAIN
normal_001092,001092.mp4,dataset/raw/normal/001092.mp4,normal,0.626,True,1280,720,10.0,50,5.0,Valid video stream.,TRAIN
normal_001093,001093.mp4,dataset/raw/normal/001093.mp4,normal,1.638,True,1280,720,10.0,50,5.0,Valid video stream.,VALIDATION
normal_001094,001094.mp4,dataset/raw/normal/001094.mp4,normal,1.669,True,1280,720,10.0,50,5.0,Valid video stream.,TRAIN
normal_001095,001095.mp4,dataset/raw/normal/001095.mp4,normal,1.751,True,1280,720,10.0,50,5.0,Valid video stream.,TRAIN
normal_001096,001096.mp4,dataset/raw/normal/001096.mp4,normal,0.902,True,1280,720,10.0,50,5.0,Valid video stream.,TEST
normal_001097,001097.mp4,dataset/raw/normal/001097.mp4,normal,0.789,True,1280,720,10.0,50,5.0,Valid video stream.,TRAIN
normal_001098,001098.mp4,dataset/raw/normal/001098.mp4,normal,1.06,True,1280,720,10.0,50,5.0,Valid video stream.,TRAIN
normal_001099,001099.mp4,dataset/raw/normal/001099.mp4,normal,0.492,True,1280,720,10.0,50,5.0,Valid video stream.,TRAIN
normal_001100,001100.mp4,dataset/raw/normal/001100.mp4,normal,0.619,True,1280,720,10.0,50,5.0,Valid video stream.,TRAIN
normal_001101,001101.mp4,dataset/raw/normal/001101.mp4,normal,0.578,True,1280,720,10.0,50,5.0,Valid video stream.,TRAIN
normal_001102,001102.mp4,dataset/raw/normal/001102.mp4,normal,1.782,True,1280,720,10.0,50,5.0,Valid video stream.,TRAIN
normal_001103,001103.mp4,dataset/raw/normal/001103.mp4,normal,1.269,True,1280,720,10.0,50,5.0,Valid video stream.,TRAIN
normal_001104,001104.mp4,dataset/raw/normal/001104.mp4,normal,0.613,True,1280,720,10.0,50,5.0,Valid video stream.,TRAIN
normal_001105,001105.mp4,dataset/raw/normal/001105.mp4,normal,1.395,True,1280,720,10.0,50,5.0,Valid video stream.,TRAIN
normal_001106,001106.mp4,dataset/raw/normal/001106.mp4,normal,1.665,True,1280,720,10.0,50,5.0,Valid video stream.,TRAIN
normal_001107,001107.mp4,dataset/raw/normal/001107.mp4,normal,1.499,True,1280,720,10.0,50,5.0,Valid video stream.,TRAIN
normal_001108,001108.mp4,dataset/raw/normal/001108.mp4,normal,2.534,True,1280,720,10.0,50,5.0,Valid video stream.,TRAIN
normal_001109,001109.mp4,dataset/raw/normal/001109.mp4,normal,2.981,True,1280,720,10.0,50,5.0,Valid video stream.,TRAIN
normal_001110,001110.mp4,dataset/raw/normal/001110.mp4,normal,2.09,True,1280,720,10.0,50,5.0,Valid video stream.,TRAIN
normal_001111,001111.mp4,dataset/raw/normal/001111.mp4,normal,1.369,True,1280,720,10.0,50,5.0,Valid video stream.,VALIDATION
normal_001112,001112.mp4,dataset/raw/normal/001112.mp4,normal,1.483,True,1280,720,10.0,50,5.0,Valid video stream.,TRAIN
normal_001113,001113.mp4,dataset/raw/normal/001113.mp4,normal,1.126,True,1280,720,10.0,50,5.0,Valid video stream.,VALIDATION
normal_001114,001114.mp4,dataset/raw/normal/001114.mp4,normal,2.14,True,1280,720,10.0,50,5.0,Valid video stream.,TRAIN
normal_001115,001115.mp4,dataset/raw/normal/001115.mp4,normal,2.022,True,1280,720,10.0,50,5.0,Valid video stream.,TEST
normal_001116,001116.mp4,dataset/raw/normal/001116.mp4,normal,1.986,True,1280,720,10.0,50,5.0,Valid video stream.,TRAIN
normal_001117,001117.mp4,dataset/raw/normal/001117.mp4,normal,0.881,True,1280,720,10.0,50,5.0,Valid video stream.,TRAIN
normal_001118,001118.mp4,dataset/raw/normal/001118.mp4,normal,1.148,True,1280,720,10.0,50,5.0,Valid video stream.,TEST
normal_001119,001119.mp4,dataset/raw/normal/001119.mp4,normal,0.509,True,1280,720,10.0,50,5.0,Valid video stream.,TEST
normal_001120,001120.mp4,dataset/raw/normal/001120.mp4,normal,1.866,True,1280,720,10.0,50,5.0,Valid video stream.,TEST
normal_001121,001121.mp4,dataset/raw/normal/001121.mp4,normal,2.748,True,1280,720,10.0,50,5.0,Valid video stream.,VALIDATION
normal_001122,001122.mp4,dataset/raw/normal/001122.mp4,normal,3.482,True,1280,720,10.0,50,5.0,Valid video stream.,TRAIN
normal_001123,001123.mp4,dataset/raw/normal/001123.mp4,normal,3.293,True,1280,720,10.0,50,5.0,Valid video stream.,TRAIN
normal_001124,001124.mp4,dataset/raw/normal/001124.mp4,normal,4.109,True,1280,720,10.0,50,5.0,Valid video stream.,TRAIN
normal_001125,001125.mp4,dataset/raw/normal/001125.mp4,normal,3.354,True,1280,720,10.0,50,5.0,Valid video stream.,VALIDATION
normal_001126,001126.mp4,dataset/raw/normal/001126.mp4,normal,1.663,True,1280,720,10.0,50,5.0,Valid video stream.,TEST
normal_001127,001127.mp4,dataset/raw/normal/001127.mp4,normal,1.809,True,1280,720,10.0,50,5.0,Valid video stream.,TRAIN
normal_001128,001128.mp4,dataset/raw/normal/001128.mp4,normal,1.638,True,1280,720,10.0,50,5.0,Valid video stream.,TRAIN
normal_001129,001129.mp4,dataset/raw/normal/001129.mp4,normal,2.125,True,1280,720,10.0,50,5.0,Valid video stream.,TRAIN
normal_001130,001130.mp4,dataset/raw/normal/001130.mp4,normal,2.08,True,1280,720,10.0,50,5.0,Valid video stream.,TRAIN
normal_001131,001131.mp4,dataset/raw/normal/001131.mp4,normal,1.665,True,1280,720,10.0,50,5.0,Valid video stream.,TRAIN
normal_001132,001132.mp4,dataset/raw/normal/001132.mp4,normal,1.544,True,1280,720,10.0,50,5.0,Valid video stream.,TRAIN
normal_001133,001133.mp4,dataset/raw/normal/001133.mp4,normal,1.294,True,1280,720,10.0,50,5.0,Valid video stream.,TRAIN
normal_001134,001134.mp4,dataset/raw/normal/001134.mp4,normal,1.671,True,1280,720,10.0,50,5.0,Valid video stream.,TRAIN
normal_001135,001135.mp4,dataset/raw/normal/001135.mp4,normal,1.953,True,1280,720,10.0,50,5.0,Valid video stream.,TRAIN
normal_001136,001136.mp4,dataset/raw/normal/001136.mp4,normal,1.861,True,1280,720,10.0,50,5.0,Valid video stream.,TRAIN
normal_001137,001137.mp4,dataset/raw/normal/001137.mp4,normal,1.45,True,1280,720,10.0,50,5.0,Valid video stream.,TRAIN
normal_001138,001138.mp4,dataset/raw/normal/001138.mp4,normal,2.267,True,1280,720,10.0,50,5.0,Valid video stream.,TRAIN
normal_001139,001139.mp4,dataset/raw/normal/001139.mp4,normal,0.905,True,1280,720,10.0,50,5.0,Valid video stream.,TRAIN
normal_001140,001140.mp4,dataset/raw/normal/001140.mp4,normal,0.986,True,1280,720,10.0,50,5.0,Valid video stream.,TRAIN
normal_001141,001141.mp4,dataset/raw/normal/001141.mp4,normal,1.656,True,1280,720,10.0,50,5.0,Valid video stream.,TRAIN
normal_001142,001142.mp4,dataset/raw/normal/001142.mp4,normal,1.033,True,1280,720,10.0,50,5.0,Valid video stream.,TEST
normal_001143,001143.mp4,dataset/raw/normal/001143.mp4,normal,1.086,True,1280,720,10.0,50,5.0,Valid video stream.,VALIDATION
normal_001144,001144.mp4,dataset/raw/normal/001144.mp4,normal,4.551,True,1280,720,10.0,50,5.0,Valid video stream.,TRAIN
normal_001145,001145.mp4,dataset/raw/normal/001145.mp4,normal,5.938,True,1280,720,10.0,50,5.0,Valid video stream.,TRAIN
normal_001146,001146.mp4,dataset/raw/normal/001146.mp4,normal,3.759,True,1280,720,10.0,50,5.0,Valid video stream.,VALIDATION
normal_001147,001147.mp4,dataset/raw/normal/001147.mp4,normal,5.159,True,1280,720,10.0,50,5.0,Valid video stream.,TRAIN
normal_001148,001148.mp4,dataset/raw/normal/001148.mp4,normal,4.246,True,1280,720,10.0,50,5.0,Valid video stream.,TRAIN
normal_001149,001149.mp4,dataset/raw/normal/001149.mp4,normal,3.696,True,1280,720,10.0,50,5.0,Valid video stream.,TRAIN
normal_001150,001150.mp4,dataset/raw/normal/001150.mp4,normal,2.705,True,1280,720,10.0,50,5.0,Valid video stream.,TRAIN
normal_001151,001151.mp4,dataset/raw/normal/001151.mp4,normal,3.414,True,1280,720,10.0,50,5.0,Valid video stream.,TRAIN
normal_001152,001152.mp4,dataset/raw/normal/001152.mp4,normal,6.883,True,1280,720,10.0,50,5.0,Valid video stream.,TRAIN
normal_001153,001153.mp4,dataset/raw/normal/001153.mp4,normal,3.581,True,1280,720,10.0,50,5.0,Valid video stream.,VALIDATION
normal_001154,001154.mp4,dataset/raw/normal/001154.mp4,normal,2.618,True,1280,720,10.0,50,5.0,Valid video stream.,TRAIN
normal_001155,001155.mp4,dataset/raw/normal/001155.mp4,normal,1.199,True,1280,720,10.0,50,5.0,Valid video stream.,TEST
normal_001156,001156.mp4,dataset/raw/normal/001156.mp4,normal,2.151,True,1280,720,10.0,50,5.0,Valid video stream.,TRAIN
normal_001157,001157.mp4,dataset/raw/normal/001157.mp4,normal,1.227,True,1280,720,10.0,50,5.0,Valid video stream.,TRAIN
normal_001158,001158.mp4,dataset/raw/normal/001158.mp4,normal,2.483,True,1280,720,10.0,50,5.0,Valid video stream.,TRAIN
normal_001159,001159.mp4,dataset/raw/normal/001159.mp4,normal,1.744,True,1280,720,10.0,50,5.0,Valid video stream.,TEST
normal_001160,001160.mp4,dataset/raw/normal/001160.mp4,normal,1.285,True,1280,720,10.0,50,5.0,Valid video stream.,TRAIN
normal_001161,001161.mp4,dataset/raw/normal/001161.mp4,normal,0.991,True,1280,720,10.0,50,5.0,Valid video stream.,TEST
normal_001162,001162.mp4,dataset/raw/normal/001162.mp4,normal,1.252,True,1280,720,10.0,50,5.0,Valid video stream.,TRAIN
normal_001163,001163.mp4,dataset/raw/normal/001163.mp4,normal,1.968,True,1280,720,10.0,50,5.0,Valid video stream.,TRAIN
normal_001164,001164.mp4,dataset/raw/normal/001164.mp4,normal,1.712,True,1280,720,10.0,50,5.0,Valid video stream.,TEST
normal_001165,001165.mp4,dataset/raw/normal/001165.mp4,normal,1.062,True,1280,720,10.0,50,5.0,Valid video stream.,TRAIN
normal_001166,001166.mp4,dataset/raw/normal/001166.mp4,normal,1.039,True,1280,720,10.0,50,5.0,Valid video stream.,TRAIN
normal_001167,001167.mp4,dataset/raw/normal/001167.mp4,normal,1.044,True,1280,720,10.0,50,5.0,Valid video stream.,TRAIN
normal_001168,001168.mp4,dataset/raw/normal/001168.mp4,normal,1.983,True,1280,720,10.0,50,5.0,Valid video stream.,TEST
normal_001169,001169.mp4,dataset/raw/normal/001169.mp4,normal,2.897,True,1280,720,10.0,50,5.0,Valid video stream.,TRAIN
normal_001170,001170.mp4,dataset/raw/normal/001170.mp4,normal,3.008,True,1280,720,10.0,50,5.0,Valid video stream.,VALIDATION
normal_001171,001171.mp4,dataset/raw/normal/001171.mp4,normal,2.547,True,1280,720,10.0,50,5.0,Valid video stream.,VALIDATION
normal_001172,001172.mp4,dataset/raw/normal/001172.mp4,normal,3.261,True,1280,720,10.0,50,5.0,Valid video stream.,VALIDATION
normal_001173,001173.mp4,dataset/raw/normal/001173.mp4,normal,2.338,True,1280,720,10.0,50,5.0,Valid video stream.,TRAIN
normal_001174,001174.mp4,dataset/raw/normal/001174.mp4,normal,0.745,True,1280,720,10.0,50,5.0,Valid video stream.,TRAIN
normal_001175,001175.mp4,dataset/raw/normal/001175.mp4,normal,1.079,True,1280,720,10.0,50,5.0,Valid video stream.,TRAIN
normal_001176,001176.mp4,dataset/raw/normal/001176.mp4,normal,0.457,True,1280,720,10.0,50,5.0,Valid video stream.,TEST
normal_001177,001177.mp4,dataset/raw/normal/001177.mp4,normal,2.69,True,1280,720,10.0,50,5.0,Valid video stream.,VALIDATION
normal_001178,001178.mp4,dataset/raw/normal/001178.mp4,normal,2.246,True,1280,720,10.0,50,5.0,Valid video stream.,TRAIN
normal_001179,001179.mp4,dataset/raw/normal/001179.mp4,normal,2.518,True,1280,720,10.0,50,5.0,Valid video stream.,TEST
normal_001180,001180.mp4,dataset/raw/normal/001180.mp4,normal,2.799,True,1280,720,10.0,50,5.0,Valid video stream.,TRAIN
normal_001181,001181.mp4,dataset/raw/normal/001181.mp4,normal,2.831,True,1280,720,10.0,50,5.0,Valid video stream.,TEST
normal_001182,001182.mp4,dataset/raw/normal/001182.mp4,normal,0.567,True,1280,720,10.0,50,5.0,Valid video stream.,TRAIN
normal_001183,001183.mp4,dataset/raw/normal/001183.mp4,normal,2.794,True,1280,720,10.0,50,5.0,Valid video stream.,VALIDATION
normal_001184,001184.mp4,dataset/raw/normal/001184.mp4,normal,1.941,True,1280,720,10.0,50,5.0,Valid video stream.,VALIDATION
normal_001185,001185.mp4,dataset/raw/normal/001185.mp4,normal,2.347,True,1280,720,10.0,50,5.0,Valid video stream.,TRAIN
normal_001186,001186.mp4,dataset/raw/normal/001186.mp4,normal,1.187,True,1280,720,10.0,50,5.0,Valid video stream.,TEST
normal_001187,001187.mp4,dataset/raw/normal/001187.mp4,normal,2.492,True,1280,720,10.0,50,5.0,Valid video stream.,VALIDATION
normal_001188,001188.mp4,dataset/raw/normal/001188.mp4,normal,4.449,True,1280,720,10.0,50,5.0,Valid video stream.,TRAIN
normal_001189,001189.mp4,dataset/raw/normal/001189.mp4,normal,1.772,True,1280,720,10.0,50,5.0,Valid video stream.,VALIDATION
normal_001190,001190.mp4,dataset/raw/normal/001190.mp4,normal,1.549,True,1280,720,10.0,50,5.0,Valid video stream.,VALIDATION
normal_001191,001191.mp4,dataset/raw/normal/001191.mp4,normal,1.55,True,1280,720,10.0,50,5.0,Valid video stream.,TRAIN
normal_001192,001192.mp4,dataset/raw/normal/001192.mp4,normal,4.175,True,1280,720,10.0,50,5.0,Valid video stream.,TRAIN
normal_001193,001193.mp4,dataset/raw/normal/001193.mp4,normal,4.373,True,1280,720,10.0,50,5.0,Valid video stream.,TRAIN
normal_001194,001194.mp4,dataset/raw/normal/001194.mp4,normal,2.811,True,1280,720,10.0,50,5.0,Valid video stream.,TEST
normal_001195,001195.mp4,dataset/raw/normal/001195.mp4,normal,1.924,True,1280,720,10.0,50,5.0,Valid video stream.,TRAIN
normal_001196,001196.mp4,dataset/raw/normal/001196.mp4,normal,1.859,True,1280,720,10.0,50,5.0,Valid video stream.,TRAIN
normal_001197,001197.mp4,dataset/raw/normal/001197.mp4,normal,2.027,True,1280,720,10.0,50,5.0,Valid video stream.,TRAIN
normal_001198,001198.mp4,dataset/raw/normal/001198.mp4,normal,1.423,True,1280,720,10.0,50,5.0,Valid video stream.,TRAIN
normal_001199,001199.mp4,dataset/raw/normal/001199.mp4,normal,1.21,True,1280,720,10.0,50,5.0,Valid video stream.,TRAIN
normal_001200,001200.mp4,dataset/raw/normal/001200.mp4,normal,0.958,True,1280,720,10.0,50,5.0,Valid video stream.,TRAIN
normal_001201,001201.mp4,dataset/raw/normal/001201.mp4,normal,2.315,True,1280,720,10.0,50,5.0,Valid video stream.,TRAIN
normal_001202,001202.mp4,dataset/raw/normal/001202.mp4,normal,1.886,True,1280,720,10.0,50,5.0,Valid video stream.,VALIDATION
normal_001203,001203.mp4,dataset/raw/normal/001203.mp4,normal,1.353,True,1280,720,10.0,50,5.0,Valid video stream.,TRAIN
normal_001204,001204.mp4,dataset/raw/normal/001204.mp4,normal,2.415,True,1280,720,10.0,50,5.0,Valid video stream.,VALIDATION
normal_001205,001205.mp4,dataset/raw/normal/001205.mp4,normal,3.372,True,1280,720,10.0,50,5.0,Valid video stream.,TRAIN
normal_001206,001206.mp4,dataset/raw/normal/001206.mp4,normal,3.547,True,1280,720,10.0,50,5.0,Valid video stream.,TRAIN
normal_001207,001207.mp4,dataset/raw/normal/001207.mp4,normal,2.437,True,1280,720,10.0,50,5.0,Valid video stream.,TRAIN
normal_001208,001208.mp4,dataset/raw/normal/001208.mp4,normal,2.64,True,1280,720,10.0,50,5.0,Valid video stream.,TRAIN
normal_001209,001209.mp4,dataset/raw/normal/001209.mp4,normal,1.498,True,1280,720,10.0,50,5.0,Valid video stream.,TRAIN
normal_001210,001210.mp4,dataset/raw/normal/001210.mp4,normal,1.197,True,1280,720,10.0,50,5.0,Valid video stream.,TRAIN
normal_001211,001211.mp4,dataset/raw/normal/001211.mp4,normal,0.777,True,1280,720,10.0,50,5.0,Valid video stream.,VALIDATION
normal_001212,001212.mp4,dataset/raw/normal/001212.mp4,normal,1.259,True,1280,720,10.0,50,5.0,Valid video stream.,TEST
normal_001213,001213.mp4,dataset/raw/normal/001213.mp4,normal,2.299,True,1280,720,10.0,50,5.0,Valid video stream.,TRAIN
normal_001214,001214.mp4,dataset/raw/normal/001214.mp4,normal,2.56,True,1280,720,10.0,50,5.0,Valid video stream.,TRAIN
normal_001215,001215.mp4,dataset/raw/normal/001215.mp4,normal,2.626,True,1280,720,10.0,50,5.0,Valid video stream.,TRAIN
normal_001216,001216.mp4,dataset/raw/normal/001216.mp4,normal,3.462,True,1280,720,10.0,50,5.0,Valid video stream.,TRAIN
normal_001217,001217.mp4,dataset/raw/normal/001217.mp4,normal,3.056,True,1280,720,10.0,50,5.0,Valid video stream.,TRAIN
normal_001218,001218.mp4,dataset/raw/normal/001218.mp4,normal,0.968,True,1280,720,10.0,50,5.0,Valid video stream.,TRAIN
normal_001219,001219.mp4,dataset/raw/normal/001219.mp4,normal,1.155,True,1280,720,10.0,50,5.0,Valid video stream.,VALIDATION
normal_001220,001220.mp4,dataset/raw/normal/001220.mp4,normal,1.175,True,1280,720,10.0,50,5.0,Valid video stream.,VALIDATION
normal_001221,001221.mp4,dataset/raw/normal/001221.mp4,normal,1.261,True,1280,720,10.0,50,5.0,Valid video stream.,TRAIN
normal_001222,001222.mp4,dataset/raw/normal/001222.mp4,normal,2.392,True,1280,720,10.0,50,5.0,Valid video stream.,TRAIN
normal_001223,001223.mp4,dataset/raw/normal/001223.mp4,normal,1.566,True,1280,720,10.0,50,5.0,Valid video stream.,VALIDATION
normal_001224,001224.mp4,dataset/raw/normal/001224.mp4,normal,1.872,True,1280,720,10.0,50,5.0,Valid video stream.,TRAIN
normal_001225,001225.mp4,dataset/raw/normal/001225.mp4,normal,5.173,True,1280,720,10.0,50,5.0,Valid video stream.,TRAIN
normal_001226,001226.mp4,dataset/raw/normal/001226.mp4,normal,4.367,True,1280,720,10.0,50,5.0,Valid video stream.,VALIDATION
normal_001227,001227.mp4,dataset/raw/normal/001227.mp4,normal,2.622,True,1280,720,10.0,50,5.0,Valid video stream.,TRAIN
normal_001228,001228.mp4,dataset/raw/normal/001228.mp4,normal,1.033,True,1280,720,10.0,50,5.0,Valid video stream.,VALIDATION
normal_001229,001229.mp4,dataset/raw/normal/001229.mp4,normal,1.389,True,1280,720,10.0,50,5.0,Valid video stream.,VALIDATION
normal_001230,001230.mp4,dataset/raw/normal/001230.mp4,normal,0.946,True,1280,720,10.0,50,5.0,Valid video stream.,TRAIN
normal_001231,001231.mp4,dataset/raw/normal/001231.mp4,normal,1.644,True,1280,720,10.0,50,5.0,Valid video stream.,TRAIN
normal_001232,001232.mp4,dataset/raw/normal/001232.mp4,normal,2.437,True,1280,720,10.0,50,5.0,Valid video stream.,TRAIN
normal_001233,001233.mp4,dataset/raw/normal/001233.mp4,normal,3.407,True,1280,720,10.0,50,5.0,Valid video stream.,TRAIN
normal_001234,001234.mp4,dataset/raw/normal/001234.mp4,normal,3.015,True,1280,720,10.0,50,5.0,Valid video stream.,TEST
normal_001235,001235.mp4,dataset/raw/normal/001235.mp4,normal,1.157,True,1280,720,10.0,50,5.0,Valid video stream.,TEST
normal_001236,001236.mp4,dataset/raw/normal/001236.mp4,normal,2.125,True,1280,720,10.0,50,5.0,Valid video stream.,TRAIN
normal_001237,001237.mp4,dataset/raw/normal/001237.mp4,normal,1.019,True,1280,720,10.0,50,5.0,Valid video stream.,TRAIN
normal_001238,001238.mp4,dataset/raw/normal/001238.mp4,normal,3.267,True,1280,720,10.0,50,5.0,Valid video stream.,VALIDATION
normal_001239,001239.mp4,dataset/raw/normal/001239.mp4,normal,0.925,True,1280,720,10.0,50,5.0,Valid video stream.,TRAIN
normal_001240,001240.mp4,dataset/raw/normal/001240.mp4,normal,1.369,True,1280,720,10.0,50,5.0,Valid video stream.,TRAIN
normal_001241,001241.mp4,dataset/raw/normal/001241.mp4,normal,1.097,True,1280,720,10.0,50,5.0,Valid video stream.,TEST
normal_001242,001242.mp4,dataset/raw/normal/001242.mp4,normal,0.578,True,1280,720,10.0,50,5.0,Valid video stream.,TRAIN
normal_001243,001243.mp4,dataset/raw/normal/001243.mp4,normal,2.181,True,1280,720,10.0,50,5.0,Valid video stream.,TRAIN
normal_001244,001244.mp4,dataset/raw/normal/001244.mp4,normal,1.552,True,1280,720,10.0,50,5.0,Valid video stream.,TRAIN
normal_001245,001245.mp4,dataset/raw/normal/001245.mp4,normal,0.905,True,1280,720,10.0,50,5.0,Valid video stream.,TRAIN
normal_001246,001246.mp4,dataset/raw/normal/001246.mp4,normal,0.666,True,1280,720,10.0,50,5.0,Valid video stream.,VALIDATION
normal_001247,001247.mp4,dataset/raw/normal/001247.mp4,normal,1.284,True,1280,720,10.0,50,5.0,Valid video stream.,TRAIN
normal_001248,001248.mp4,dataset/raw/normal/001248.mp4,normal,0.616,True,1280,720,10.0,50,5.0,Valid video stream.,TRAIN
normal_001249,001249.mp4,dataset/raw/normal/001249.mp4,normal,1.11,True,1280,720,10.0,50,5.0,Valid video stream.,TRAIN
normal_001250,001250.mp4,dataset/raw/normal/001250.mp4,normal,1.375,True,1280,720,10.0,50,5.0,Valid video stream.,TRAIN
normal_001251,001251.mp4,dataset/raw/normal/001251.mp4,normal,1.031,True,1280,720,10.0,50,5.0,Valid video stream.,TRAIN
normal_001252,001252.mp4,dataset/raw/normal/001252.mp4,normal,2.378,True,1280,720,10.0,50,5.0,Valid video stream.,TRAIN
normal_001253,001253.mp4,dataset/raw/normal/001253.mp4,normal,1.91,True,1280,720,10.0,50,5.0,Valid video stream.,TRAIN
normal_001254,001254.mp4,dataset/raw/normal/001254.mp4,normal,3.382,True,1280,720,10.0,50,5.0,Valid video stream.,TRAIN
normal_001255,001255.mp4,dataset/raw/normal/001255.mp4,normal,2.957,True,1280,720,10.0,50,5.0,Valid video stream.,TRAIN
normal_001256,001256.mp4,dataset/raw/normal/001256.mp4,normal,3.072,True,1280,720,10.0,50,5.0,Valid video stream.,VALIDATION
normal_001257,001257.mp4,dataset/raw/normal/001257.mp4,normal,1.976,True,1280,720,10.0,50,5.0,Valid video stream.,TRAIN
normal_001258,001258.mp4,dataset/raw/normal/001258.mp4,normal,1.523,True,1280,720,10.0,50,5.0,Valid video stream.,TRAIN
normal_001259,001259.mp4,dataset/raw/normal/001259.mp4,normal,1.624,True,1280,720,10.0,50,5.0,Valid video stream.,TRAIN
normal_001260,001260.mp4,dataset/raw/normal/001260.mp4,normal,1.518,True,1280,720,10.0,50,5.0,Valid video stream.,TRAIN
normal_001261,001261.mp4,dataset/raw/normal/001261.mp4,normal,0.651,True,1280,720,10.0,50,5.0,Valid video stream.,VALIDATION
normal_001262,001262.mp4,dataset/raw/normal/001262.mp4,normal,0.769,True,1280,720,10.0,50,5.0,Valid video stream.,TRAIN
normal_001263,001263.mp4,dataset/raw/normal/001263.mp4,normal,1.154,True,1280,720,10.0,50,5.0,Valid video stream.,TRAIN
normal_001264,001264.mp4,dataset/raw/normal/001264.mp4,normal,1.929,True,1280,720,10.0,50,5.0,Valid video stream.,TEST
normal_001265,001265.mp4,dataset/raw/normal/001265.mp4,normal,4.297,True,1280,720,10.0,50,5.0,Valid video stream.,TRAIN
normal_001266,001266.mp4,dataset/raw/normal/001266.mp4,normal,2.081,True,1280,720,10.0,50,5.0,Valid video stream.,TEST
normal_001267,001267.mp4,dataset/raw/normal/001267.mp4,normal,4.954,True,1280,720,10.0,50,5.0,Valid video stream.,VALIDATION
normal_001268,001268.mp4,dataset/raw/normal/001268.mp4,normal,4.611,True,1280,720,10.0,50,5.0,Valid video stream.,TEST
normal_001269,001269.mp4,dataset/raw/normal/001269.mp4,normal,3.416,True,1280,720,10.0,50,5.0,Valid video stream.,TEST
normal_001270,001270.mp4,dataset/raw/normal/001270.mp4,normal,2.044,True,1280,720,10.0,50,5.0,Valid video stream.,TRAIN
normal_001271,001271.mp4,dataset/raw/normal/001271.mp4,normal,1.75,True,1280,720,10.0,50,5.0,Valid video stream.,TEST
normal_001272,001272.mp4,dataset/raw/normal/001272.mp4,normal,2.598,True,1280,720,10.0,50,5.0,Valid video stream.,TEST
normal_001273,001273.mp4,dataset/raw/normal/001273.mp4,normal,2.589,True,1280,720,10.0,50,5.0,Valid video stream.,TRAIN
normal_001274,001274.mp4,dataset/raw/normal/001274.mp4,normal,2.671,True,1280,720,10.0,50,5.0,Valid video stream.,TRAIN
normal_001275,001275.mp4,dataset/raw/normal/001275.mp4,normal,2.144,True,1280,720,10.0,50,5.0,Valid video stream.,TRAIN
normal_001276,001276.mp4,dataset/raw/normal/001276.mp4,normal,6.326,True,1280,720,10.0,50,5.0,Valid video stream.,TRAIN
normal_001277,001277.mp4,dataset/raw/normal/001277.mp4,normal,2.248,True,1280,720,10.0,50,5.0,Valid video stream.,TEST
normal_001278,001278.mp4,dataset/raw/normal/001278.mp4,normal,2.253,True,1280,720,10.0,50,5.0,Valid video stream.,TRAIN
normal_001279,001279.mp4,dataset/raw/normal/001279.mp4,normal,0.742,True,1280,720,10.0,50,5.0,Valid video stream.,TRAIN
normal_001280,001280.mp4,dataset/raw/normal/001280.mp4,normal,1.128,True,1280,720,10.0,50,5.0,Valid video stream.,TEST
normal_001281,001281.mp4,dataset/raw/normal/001281.mp4,normal,1.398,True,1280,720,10.0,50,5.0,Valid video stream.,VALIDATION
normal_001282,001282.mp4,dataset/raw/normal/001282.mp4,normal,2.864,True,1280,720,10.0,50,5.0,Valid video stream.,TRAIN
normal_001283,001283.mp4,dataset/raw/normal/001283.mp4,normal,1.644,True,1280,720,10.0,50,5.0,Valid video stream.,TEST
normal_001284,001284.mp4,dataset/raw/normal/001284.mp4,normal,1.95,True,1280,720,10.0,50,5.0,Valid video stream.,TRAIN
normal_001285,001285.mp4,dataset/raw/normal/001285.mp4,normal,2.368,True,1280,720,10.0,50,5.0,Valid video stream.,VALIDATION
normal_001286,001286.mp4,dataset/raw/normal/001286.mp4,normal,1.637,True,1280,720,10.0,50,5.0,Valid video stream.,VALIDATION
normal_001287,001287.mp4,dataset/raw/normal/001287.mp4,normal,1.375,True,1280,720,10.0,50,5.0,Valid video stream.,TRAIN
normal_001288,001288.mp4,dataset/raw/normal/001288.mp4,normal,2.667,True,1280,720,10.0,50,5.0,Valid video stream.,VALIDATION
normal_001289,001289.mp4,dataset/raw/normal/001289.mp4,normal,1.708,True,1280,720,10.0,50,5.0,Valid video stream.,TRAIN
normal_001290,001290.mp4,dataset/raw/normal/001290.mp4,normal,2.082,True,1280,720,10.0,50,5.0,Valid video stream.,TRAIN
normal_001291,001291.mp4,dataset/raw/normal/001291.mp4,normal,0.431,True,1280,720,10.0,50,5.0,Valid video stream.,TRAIN
normal_001292,001292.mp4,dataset/raw/normal/001292.mp4,normal,0.72,True,1280,720,10.0,50,5.0,Valid video stream.,TRAIN
normal_001293,001293.mp4,dataset/raw/normal/001293.mp4,normal,0.607,True,1280,720,10.0,50,5.0,Valid video stream.,VALIDATION
normal_001294,001294.mp4,dataset/raw/normal/001294.mp4,normal,0.417,True,1280,720,10.0,50,5.0,Valid video stream.,TRAIN
normal_001295,001295.mp4,dataset/raw/normal/001295.mp4,normal,0.451,True,1280,720,10.0,50,5.0,Valid video stream.,TEST
normal_001296,001296.mp4,dataset/raw/normal/001296.mp4,normal,0.426,True,1280,720,10.0,50,5.0,Valid video stream.,TRAIN
normal_001297,001297.mp4,dataset/raw/normal/001297.mp4,normal,2.308,True,1280,720,10.0,50,5.0,Valid video stream.,TRAIN
normal_001298,001298.mp4,dataset/raw/normal/001298.mp4,normal,2.664,True,1280,720,10.0,50,5.0,Valid video stream.,TRAIN
normal_001299,001299.mp4,dataset/raw/normal/001299.mp4,normal,2.459,True,1280,720,10.0,50,5.0,Valid video stream.,VALIDATION
normal_001300,001300.mp4,dataset/raw/normal/001300.mp4,normal,2.018,True,1280,720,10.0,50,5.0,Valid video stream.,TRAIN
normal_001301,001301.mp4,dataset/raw/normal/001301.mp4,normal,3.651,True,1280,720,10.0,50,5.0,Valid video stream.,TRAIN
normal_001302,001302.mp4,dataset/raw/normal/001302.mp4,normal,2.612,True,1280,720,10.0,50,5.0,Valid video stream.,TRAIN
normal_001303,001303.mp4,dataset/raw/normal/001303.mp4,normal,0.971,True,1280,720,10.0,50,5.0,Valid video stream.,TRAIN
normal_001304,001304.mp4,dataset/raw/normal/001304.mp4,normal,1.368,True,1280,720,10.0,50,5.0,Valid video stream.,TRAIN
normal_001305,001305.mp4,dataset/raw/normal/001305.mp4,normal,0.739,True,1280,720,10.0,50,5.0,Valid video stream.,VALIDATION
normal_001306,001306.mp4,dataset/raw/normal/001306.mp4,normal,0.952,True,1280,720,10.0,50,5.0,Valid video stream.,TEST
normal_001307,001307.mp4,dataset/raw/normal/001307.mp4,normal,0.91,True,1280,720,10.0,50,5.0,Valid video stream.,TRAIN
normal_001308,001308.mp4,dataset/raw/normal/001308.mp4,normal,0.763,True,1280,720,10.0,50,5.0,Valid video stream.,VALIDATION
normal_001309,001309.mp4,dataset/raw/normal/001309.mp4,normal,1.732,True,1280,720,10.0,50,5.0,Valid video stream.,TRAIN
normal_001310,001310.mp4,dataset/raw/normal/001310.mp4,normal,2.974,True,1280,720,10.0,50,5.0,Valid video stream.,VALIDATION
normal_001311,001311.mp4,dataset/raw/normal/001311.mp4,normal,3.498,True,1280,720,10.0,50,5.0,Valid video stream.,TRAIN
normal_001312,001312.mp4,dataset/raw/normal/001312.mp4,normal,2.085,True,1280,720,10.0,50,5.0,Valid video stream.,TRAIN
normal_001313,001313.mp4,dataset/raw/normal/001313.mp4,normal,2.079,True,1280,720,10.0,50,5.0,Valid video stream.,TRAIN
normal_001314,001314.mp4,dataset/raw/normal/001314.mp4,normal,0.211,True,1280,720,10.0,50,5.0,Valid video stream.,TRAIN
normal_001315,001315.mp4,dataset/raw/normal/001315.mp4,normal,1.34,True,1280,720,10.0,50,5.0,Valid video stream.,TRAIN
normal_001316,001316.mp4,dataset/raw/normal/001316.mp4,normal,0.878,True,1280,720,10.0,50,5.0,Valid video stream.,VALIDATION
normal_001317,001317.mp4,dataset/raw/normal/001317.mp4,normal,0.17,True,1280,720,10.0,50,5.0,Valid video stream.,TEST
normal_001318,001318.mp4,dataset/raw/normal/001318.mp4,normal,1.945,True,1280,720,10.0,50,5.0,Valid video stream.,TRAIN
normal_001319,001319.mp4,dataset/raw/normal/001319.mp4,normal,2.093,True,1280,720,10.0,50,5.0,Valid video stream.,TRAIN
normal_001320,001320.mp4,dataset/raw/normal/001320.mp4,normal,2.854,True,1280,720,10.0,50,5.0,Valid video stream.,TRAIN
normal_001321,001321.mp4,dataset/raw/normal/001321.mp4,normal,3.187,True,1280,720,10.0,50,5.0,Valid video stream.,TRAIN
normal_001322,001322.mp4,dataset/raw/normal/001322.mp4,normal,2.296,True,1280,720,10.0,50,5.0,Valid video stream.,VALIDATION
normal_001323,001323.mp4,dataset/raw/normal/001323.mp4,normal,2.556,True,1280,720,10.0,50,5.0,Valid video stream.,TRAIN
normal_001324,001324.mp4,dataset/raw/normal/001324.mp4,normal,2.49,True,1280,720,10.0,50,5.0,Valid video stream.,TEST
normal_001325,001325.mp4,dataset/raw/normal/001325.mp4,normal,2.22,True,1280,720,10.0,50,5.0,Valid video stream.,TRAIN
normal_001326,001326.mp4,dataset/raw/normal/001326.mp4,normal,2.381,True,1280,720,10.0,50,5.0,Valid video stream.,TRAIN
normal_001327,001327.mp4,dataset/raw/normal/001327.mp4,normal,1.326,True,1280,720,10.0,50,5.0,Valid video stream.,TRAIN
normal_001328,001328.mp4,dataset/raw/normal/001328.mp4,normal,1.701,True,1280,720,10.0,50,5.0,Valid video stream.,TRAIN
normal_001329,001329.mp4,dataset/raw/normal/001329.mp4,normal,0.982,True,1280,720,10.0,50,5.0,Valid video stream.,TEST
normal_001330,001330.mp4,dataset/raw/normal/001330.mp4,normal,3.066,True,1280,720,10.0,50,5.0,Valid video stream.,TRAIN
normal_001331,001331.mp4,dataset/raw/normal/001331.mp4,normal,2.514,True,1280,720,10.0,50,5.0,Valid video stream.,TEST
normal_001332,001332.mp4,dataset/raw/normal/001332.mp4,normal,2.338,True,1280,720,10.0,50,5.0,Valid video stream.,VALIDATION
normal_001333,001333.mp4,dataset/raw/normal/001333.mp4,normal,0.673,True,1280,720,10.0,50,5.0,Valid video stream.,TRAIN
normal_001334,001334.mp4,dataset/raw/normal/001334.mp4,normal,0.521,True,1280,720,10.0,50,5.0,Valid video stream.,TRAIN
normal_001335,001335.mp4,dataset/raw/normal/001335.mp4,normal,0.539,True,1280,720,10.0,50,5.0,Valid video stream.,TRAIN
normal_001336,001336.mp4,dataset/raw/normal/001336.mp4,normal,3.779,True,1280,720,10.0,50,5.0,Valid video stream.,TRAIN
normal_001337,001337.mp4,dataset/raw/normal/001337.mp4,normal,4.542,True,1280,720,10.0,50,5.0,Valid video stream.,TRAIN
normal_001338,001338.mp4,dataset/raw/normal/001338.mp4,normal,1.213,True,1280,720,10.0,50,5.0,Valid video stream.,TRAIN
normal_001339,001339.mp4,dataset/raw/normal/001339.mp4,normal,2.854,True,1280,720,10.0,50,5.0,Valid video stream.,TRAIN
normal_001340,001340.mp4,dataset/raw/normal/001340.mp4,normal,3.143,True,1280,720,10.0,50,5.0,Valid video stream.,TRAIN
normal_001341,001341.mp4,dataset/raw/normal/001341.mp4,normal,2.922,True,1280,720,10.0,50,5.0,Valid video stream.,TRAIN
normal_001342,001342.mp4,dataset/raw/normal/001342.mp4,normal,1.896,True,1280,720,10.0,50,5.0,Valid video stream.,VALIDATION
normal_001343,001343.mp4,dataset/raw/normal/001343.mp4,normal,1.753,True,1280,720,10.0,50,5.0,Valid video stream.,TRAIN
normal_001344,001344.mp4,dataset/raw/normal/001344.mp4,normal,1.424,True,1280,720,10.0,50,5.0,Valid video stream.,TEST
normal_001345,001345.mp4,dataset/raw/normal/001345.mp4,normal,4.164,True,1280,720,10.0,50,5.0,Valid video stream.,TRAIN
normal_001346,001346.mp4,dataset/raw/normal/001346.mp4,normal,3.722,True,1280,720,10.0,50,5.0,Valid video stream.,TEST
normal_001347,001347.mp4,dataset/raw/normal/001347.mp4,normal,1.833,True,1280,720,10.0,50,5.0,Valid video stream.,TRAIN
normal_001348,001348.mp4,dataset/raw/normal/001348.mp4,normal,2.086,True,1280,720,10.0,50,5.0,Valid video stream.,TRAIN
normal_001349,001349.mp4,dataset/raw/normal/001349.mp4,normal,2.15,True,1280,720,10.0,50,5.0,Valid video stream.,TRAIN
normal_001350,001350.mp4,dataset/raw/normal/001350.mp4,normal,2.142,True,1280,720,10.0,50,5.0,Valid video stream.,TRAIN
normal_001351,001351.mp4,dataset/raw/normal/001351.mp4,normal,1.138,True,1280,720,10.0,50,5.0,Valid video stream.,TEST
normal_001352,001352.mp4,dataset/raw/normal/001352.mp4,normal,0.911,True,1280,720,10.0,50,5.0,Valid video stream.,TRAIN
normal_001353,001353.mp4,dataset/raw/normal/001353.mp4,normal,1.223,True,1280,720,10.0,50,5.0,Valid video stream.,VALIDATION
normal_001354,001354.mp4,dataset/raw/normal/001354.mp4,normal,1.25,True,1280,720,10.0,50,5.0,Valid video stream.,TRAIN
normal_001355,001355.mp4,dataset/raw/normal/001355.mp4,normal,1.062,True,1280,720,10.0,50,5.0,Valid video stream.,TRAIN
normal_001356,001356.mp4,dataset/raw/normal/001356.mp4,normal,1.406,True,1280,720,10.0,50,5.0,Valid video stream.,TRAIN
normal_001357,001357.mp4,dataset/raw/normal/001357.mp4,normal,2.574,True,1280,720,10.0,50,5.0,Valid video stream.,VALIDATION
normal_001358,001358.mp4,dataset/raw/normal/001358.mp4,normal,4.196,True,1280,720,10.0,50,5.0,Valid video stream.,TRAIN
normal_001359,001359.mp4,dataset/raw/normal/001359.mp4,normal,4.58,True,1280,720,10.0,50,5.0,Valid video stream.,TRAIN
normal_001360,001360.mp4,dataset/raw/normal/001360.mp4,normal,0.777,True,1280,720,10.0,50,5.0,Valid video stream.,VALIDATION
normal_001361,001361.mp4,dataset/raw/normal/001361.mp4,normal,0.651,True,1280,720,10.0,50,5.0,Valid video stream.,TRAIN
normal_001362,001362.mp4,dataset/raw/normal/001362.mp4,normal,0.717,True,1280,720,10.0,50,5.0,Valid video stream.,VALIDATION
normal_001363,001363.mp4,dataset/raw/normal/001363.mp4,normal,2.527,True,1280,720,10.0,50,5.0,Valid video stream.,TRAIN
normal_001364,001364.mp4,dataset/raw/normal/001364.mp4,normal,3.298,True,1280,720,10.0,50,5.0,Valid video stream.,TRAIN
normal_001365,001365.mp4,dataset/raw/normal/001365.mp4,normal,2.376,True,1280,720,10.0,50,5.0,Valid video stream.,TEST
normal_001366,001366.mp4,dataset/raw/normal/001366.mp4,normal,3.883,True,1280,720,10.0,50,5.0,Valid video stream.,TEST
normal_001367,001367.mp4,dataset/raw/normal/001367.mp4,normal,3.669,True,1280,720,10.0,50,5.0,Valid video stream.,TRAIN
normal_001368,001368.mp4,dataset/raw/normal/001368.mp4,normal,5.87,True,1280,720,10.0,50,5.0,Valid video stream.,TRAIN
normal_001369,001369.mp4,dataset/raw/normal/001369.mp4,normal,3.819,True,1280,720,10.0,50,5.0,Valid video stream.,TRAIN
normal_001370,001370.mp4,dataset/raw/normal/001370.mp4,normal,3.511,True,1280,720,10.0,50,5.0,Valid video stream.,TRAIN
normal_001371,001371.mp4,dataset/raw/normal/001371.mp4,normal,3.327,True,1280,720,10.0,50,5.0,Valid video stream.,TEST
normal_001372,001372.mp4,dataset/raw/normal/001372.mp4,normal,2.414,True,1280,720,10.0,50,5.0,Valid video stream.,TRAIN
normal_001373,001373.mp4,dataset/raw/normal/001373.mp4,normal,3.587,True,1280,720,10.0,50,5.0,Valid video stream.,TRAIN
normal_001374,001374.mp4,dataset/raw/normal/001374.mp4,normal,3.853,True,1280,720,10.0,50,5.0,Valid video stream.,TEST
normal_001375,001375.mp4,dataset/raw/normal/001375.mp4,normal,1.787,True,1280,720,10.0,50,5.0,Valid video stream.,TRAIN
normal_001376,001376.mp4,dataset/raw/normal/001376.mp4,normal,1.667,True,1280,720,10.0,50,5.0,Valid video stream.,TRAIN
normal_001377,001377.mp4,dataset/raw/normal/001377.mp4,normal,1.854,True,1280,720,10.0,50,5.0,Valid video stream.,TRAIN
normal_001378,001378.mp4,dataset/raw/normal/001378.mp4,normal,1.698,True,1280,720,10.0,50,5.0,Valid video stream.,VALIDATION
normal_001379,001379.mp4,dataset/raw/normal/001379.mp4,normal,0.711,True,1280,720,10.0,50,5.0,Valid video stream.,TRAIN
normal_001380,001380.mp4,dataset/raw/normal/001380.mp4,normal,0.917,True,1280,720,10.0,50,5.0,Valid video stream.,TEST
normal_001381,001381.mp4,dataset/raw/normal/001381.mp4,normal,1.586,True,1280,720,10.0,50,5.0,Valid video stream.,TRAIN
normal_001382,001382.mp4,dataset/raw/normal/001382.mp4,normal,1.535,True,1280,720,10.0,50,5.0,Valid video stream.,TRAIN
normal_001383,001383.mp4,dataset/raw/normal/001383.mp4,normal,1.884,True,1280,720,10.0,50,5.0,Valid video stream.,VALIDATION
normal_001384,001384.mp4,dataset/raw/normal/001384.mp4,normal,1.829,True,1280,720,10.0,50,5.0,Valid video stream.,TRAIN
normal_001385,001385.mp4,dataset/raw/normal/001385.mp4,normal,1.515,True,1280,720,10.0,50,5.0,Valid video stream.,TRAIN
normal_001386,001386.mp4,dataset/raw/normal/001386.mp4,normal,1.084,True,1280,720,10.0,50,5.0,Valid video stream.,TEST
normal_001387,001387.mp4,dataset/raw/normal/001387.mp4,normal,1.908,True,1280,720,10.0,50,5.0,Valid video stream.,VALIDATION
normal_001388,001388.mp4,dataset/raw/normal/001388.mp4,normal,1.801,True,1280,720,10.0,50,5.0,Valid video stream.,TRAIN
normal_001389,001389.mp4,dataset/raw/normal/001389.mp4,normal,1.788,True,1280,720,10.0,50,5.0,Valid video stream.,VALIDATION
normal_001390,001390.mp4,dataset/raw/normal/001390.mp4,normal,0.745,True,1280,720,10.0,50,5.0,Valid video stream.,TRAIN
normal_001391,001391.mp4,dataset/raw/normal/001391.mp4,normal,1.865,True,1280,720,10.0,50,5.0,Valid video stream.,TEST
normal_001392,001392.mp4,dataset/raw/normal/001392.mp4,normal,1.136,True,1280,720,10.0,50,5.0,Valid video stream.,TEST
normal_001393,001393.mp4,dataset/raw/normal/001393.mp4,normal,2.939,True,1280,720,10.0,50,5.0,Valid video stream.,TRAIN
normal_001394,001394.mp4,dataset/raw/normal/001394.mp4,normal,2.488,True,1280,720,10.0,50,5.0,Valid video stream.,VALIDATION
normal_001395,001395.mp4,dataset/raw/normal/001395.mp4,normal,1.383,True,1280,720,10.0,50,5.0,Valid video stream.,TRAIN
normal_001396,001396.mp4,dataset/raw/normal/001396.mp4,normal,1.583,True,1280,720,10.0,50,5.0,Valid video stream.,TRAIN
normal_001397,001397.mp4,dataset/raw/normal/001397.mp4,normal,1.363,True,1280,720,10.0,50,5.0,Valid video stream.,TEST
normal_001398,001398.mp4,dataset/raw/normal/001398.mp4,normal,0.967,True,1280,720,10.0,50,5.0,Valid video stream.,TRAIN
normal_001399,001399.mp4,dataset/raw/normal/001399.mp4,normal,0.822,True,1280,720,10.0,50,5.0,Valid video stream.,TRAIN
normal_001400,001400.mp4,dataset/raw/normal/001400.mp4,normal,0.829,True,1280,720,10.0,50,5.0,Valid video stream.,TEST
normal_001401,001401.mp4,dataset/raw/normal/001401.mp4,normal,1.833,True,1280,720,10.0,50,5.0,Valid video stream.,TRAIN
normal_001402,001402.mp4,dataset/raw/normal/001402.mp4,normal,1.692,True,1280,720,10.0,50,5.0,Valid video stream.,TRAIN
normal_001403,001403.mp4,dataset/raw/normal/001403.mp4,normal,2.285,True,1280,720,10.0,50,5.0,Valid video stream.,VALIDATION
normal_001404,001404.mp4,dataset/raw/normal/001404.mp4,normal,1.927,True,1280,720,10.0,50,5.0,Valid video stream.,TRAIN
normal_001405,001405.mp4,dataset/raw/normal/001405.mp4,normal,1.441,True,1280,720,10.0,50,5.0,Valid video stream.,TRAIN
normal_001406,001406.mp4,dataset/raw/normal/001406.mp4,normal,0.994,True,1280,720,10.0,50,5.0,Valid video stream.,TRAIN
normal_001407,001407.mp4,dataset/raw/normal/001407.mp4,normal,0.633,True,1280,720,10.0,50,5.0,Valid video stream.,TEST
normal_001408,001408.mp4,dataset/raw/normal/001408.mp4,normal,0.443,True,1280,720,10.0,50,5.0,Valid video stream.,TRAIN
normal_001409,001409.mp4,dataset/raw/normal/001409.mp4,normal,0.44,True,1280,720,10.0,50,5.0,Valid video stream.,TRAIN
normal_001410,001410.mp4,dataset/raw/normal/001410.mp4,normal,0.516,True,1280,720,10.0,50,5.0,Valid video stream.,TRAIN
normal_001411,001411.mp4,dataset/raw/normal/001411.mp4,normal,3.867,True,1280,720,10.0,50,5.0,Valid video stream.,TRAIN
normal_001412,001412.mp4,dataset/raw/normal/001412.mp4,normal,3.271,True,1280,720,10.0,50,5.0,Valid video stream.,VALIDATION
normal_001413,001413.mp4,dataset/raw/normal/001413.mp4,normal,3.359,True,1280,720,10.0,50,5.0,Valid video stream.,VALIDATION
normal_001414,001414.mp4,dataset/raw/normal/001414.mp4,normal,0.864,True,1280,720,10.0,50,5.0,Valid video stream.,TEST
normal_001415,001415.mp4,dataset/raw/normal/001415.mp4,normal,0.575,True,1280,720,10.0,50,5.0,Valid video stream.,VALIDATION
normal_001416,001416.mp4,dataset/raw/normal/001416.mp4,normal,0.486,True,1280,720,10.0,50,5.0,Valid video stream.,TRAIN
normal_001417,001417.mp4,dataset/raw/normal/001417.mp4,normal,1.993,True,1280,720,10.0,50,5.0,Valid video stream.,TRAIN
normal_001418,001418.mp4,dataset/raw/normal/001418.mp4,normal,1.717,True,1280,720,10.0,50,5.0,Valid video stream.,VALIDATION
normal_001419,001419.mp4,dataset/raw/normal/001419.mp4,normal,1.105,True,1280,720,10.0,50,5.0,Valid video stream.,VALIDATION
normal_001420,001420.mp4,dataset/raw/normal/001420.mp4,normal,1.174,True,1280,720,10.0,50,5.0,Valid video stream.,TRAIN
normal_001421,001421.mp4,dataset/raw/normal/001421.mp4,normal,1.247,True,1280,720,10.0,50,5.0,Valid video stream.,TRAIN
normal_001422,001422.mp4,dataset/raw/normal/001422.mp4,normal,1.064,True,1280,720,10.0,50,5.0,Valid video stream.,TRAIN
normal_001423,001423.mp4,dataset/raw/normal/001423.mp4,normal,3.076,True,1280,720,10.0,50,5.0,Valid video stream.,TRAIN
normal_001424,001424.mp4,dataset/raw/normal/001424.mp4,normal,4.661,True,1280,720,10.0,50,5.0,Valid video stream.,VALIDATION
normal_001425,001425.mp4,dataset/raw/normal/001425.mp4,normal,3.407,True,1280,720,10.0,50,5.0,Valid video stream.,TRAIN
normal_001426,001426.mp4,dataset/raw/normal/001426.mp4,normal,1.032,True,1280,720,10.0,50,5.0,Valid video stream.,TRAIN
normal_001427,001427.mp4,dataset/raw/normal/001427.mp4,normal,0.979,True,1280,720,10.0,50,5.0,Valid video stream.,TRAIN
normal_001428,001428.mp4,dataset/raw/normal/001428.mp4,normal,0.599,True,1280,720,10.0,50,5.0,Valid video stream.,TRAIN
normal_001429,001429.mp4,dataset/raw/normal/001429.mp4,normal,3.067,True,1280,720,10.0,50,5.0,Valid video stream.,VALIDATION
normal_001430,001430.mp4,dataset/raw/normal/001430.mp4,normal,2.987,True,1280,720,10.0,50,5.0,Valid video stream.,TRAIN
normal_001431,001431.mp4,dataset/raw/normal/001431.mp4,normal,2.545,True,1280,720,10.0,50,5.0,Valid video stream.,TRAIN
normal_001432,001432.mp4,dataset/raw/normal/001432.mp4,normal,2.332,True,1280,720,10.0,50,5.0,Valid video stream.,TEST
normal_001433,001433.mp4,dataset/raw/normal/001433.mp4,normal,1.936,True,1280,720,10.0,50,5.0,Valid video stream.,TEST
normal_001434,001434.mp4,dataset/raw/normal/001434.mp4,normal,3.4,True,1280,720,10.0,50,5.0,Valid video stream.,TRAIN
normal_001435,001435.mp4,dataset/raw/normal/001435.mp4,normal,0.622,True,1280,720,10.0,50,5.0,Valid video stream.,TEST
normal_001436,001436.mp4,dataset/raw/normal/001436.mp4,normal,1.533,True,1280,720,10.0,50,5.0,Valid video stream.,TRAIN
normal_001437,001437.mp4,dataset/raw/normal/001437.mp4,normal,1.206,True,1280,720,10.0,50,5.0,Valid video stream.,TRAIN
normal_001438,001438.mp4,dataset/raw/normal/001438.mp4,normal,1.17,True,1280,720,10.0,50,5.0,Valid video stream.,TEST
normal_001439,001439.mp4,dataset/raw/normal/001439.mp4,normal,2.141,True,1280,720,10.0,50,5.0,Valid video stream.,TEST
normal_001440,001440.mp4,dataset/raw/normal/001440.mp4,normal,1.384,True,1280,720,10.0,50,5.0,Valid video stream.,VALIDATION
normal_001441,001441.mp4,dataset/raw/normal/001441.mp4,normal,1.838,True,1280,720,10.0,50,5.0,Valid video stream.,TEST
normal_001442,001442.mp4,dataset/raw/normal/001442.mp4,normal,1.697,True,1280,720,10.0,50,5.0,Valid video stream.,TEST
normal_001443,001443.mp4,dataset/raw/normal/001443.mp4,normal,1.024,True,1280,720,10.0,50,5.0,Valid video stream.,TRAIN
normal_001444,001444.mp4,dataset/raw/normal/001444.mp4,normal,1.199,True,1280,720,10.0,50,5.0,Valid video stream.,VALIDATION
normal_001445,001445.mp4,dataset/raw/normal/001445.mp4,normal,0.979,True,1280,720,10.0,50,5.0,Valid video stream.,VALIDATION
normal_001446,001446.mp4,dataset/raw/normal/001446.mp4,normal,1.612,True,1280,720,10.0,50,5.0,Valid video stream.,TEST
normal_001447,001447.mp4,dataset/raw/normal/001447.mp4,normal,6.124,True,1280,720,10.0,50,5.0,Valid video stream.,TRAIN
normal_001448,001448.mp4,dataset/raw/normal/001448.mp4,normal,6.334,True,1280,720,10.0,50,5.0,Valid video stream.,TRAIN
normal_001449,001449.mp4,dataset/raw/normal/001449.mp4,normal,4.334,True,1280,720,10.0,50,5.0,Valid video stream.,TRAIN
normal_001450,001450.mp4,dataset/raw/normal/001450.mp4,normal,4.9,True,1280,720,10.0,50,5.0,Valid video stream.,TRAIN
normal_001451,001451.mp4,dataset/raw/normal/001451.mp4,normal,4.218,True,1280,720,10.0,50,5.0,Valid video stream.,TEST
normal_001452,001452.mp4,dataset/raw/normal/001452.mp4,normal,2.487,True,1280,720,10.0,50,5.0,Valid video stream.,VALIDATION
normal_001453,001453.mp4,dataset/raw/normal/001453.mp4,normal,1.027,True,1280,720,10.0,50,5.0,Valid video stream.,TRAIN
normal_001454,001454.mp4,dataset/raw/normal/001454.mp4,normal,0.857,True,1280,720,10.0,50,5.0,Valid video stream.,TRAIN
normal_001455,001455.mp4,dataset/raw/normal/001455.mp4,normal,1.345,True,1280,720,10.0,50,5.0,Valid video stream.,TRAIN
normal_001456,001456.mp4,dataset/raw/normal/001456.mp4,normal,2.963,True,1280,720,10.0,50,5.0,Valid video stream.,TRAIN
normal_001457,001457.mp4,dataset/raw/normal/001457.mp4,normal,4.255,True,1280,720,10.0,50,5.0,Valid video stream.,TRAIN
normal_001458,001458.mp4,dataset/raw/normal/001458.mp4,normal,4.479,True,1280,720,10.0,50,5.0,Valid video stream.,TRAIN
normal_001459,001459.mp4,dataset/raw/normal/001459.mp4,normal,3.286,True,1280,720,10.0,50,5.0,Valid video stream.,TRAIN
normal_001460,001460.mp4,dataset/raw/normal/001460.mp4,normal,3.052,True,1280,720,10.0,50,5.0,Valid video stream.,TRAIN
normal_001461,001461.mp4,dataset/raw/normal/001461.mp4,normal,2.737,True,1280,720,10.0,50,5.0,Valid video stream.,TRAIN
normal_001462,001462.mp4,dataset/raw/normal/001462.mp4,normal,1.087,True,1280,720,10.0,50,5.0,Valid video stream.,TRAIN
normal_001463,001463.mp4,dataset/raw/normal/001463.mp4,normal,0.779,True,1280,720,10.0,50,5.0,Valid video stream.,VALIDATION
normal_001464,001464.mp4,dataset/raw/normal/001464.mp4,normal,0.81,True,1280,720,10.0,50,5.0,Valid video stream.,TRAIN
normal_001465,001465.mp4,dataset/raw/normal/001465.mp4,normal,2.36,True,1280,720,10.0,50,5.0,Valid video stream.,TRAIN
normal_001466,001466.mp4,dataset/raw/normal/001466.mp4,normal,1.918,True,1280,720,10.0,50,5.0,Valid video stream.,TRAIN
normal_001467,001467.mp4,dataset/raw/normal/001467.mp4,normal,1.07,True,1280,720,10.0,50,5.0,Valid video stream.,TRAIN
normal_001468,001468.mp4,dataset/raw/normal/001468.mp4,normal,1.324,True,1280,720,10.0,50,5.0,Valid video stream.,TRAIN
normal_001469,001469.mp4,dataset/raw/normal/001469.mp4,normal,1.156,True,1280,720,10.0,50,5.0,Valid video stream.,TRAIN
normal_001470,001470.mp4,dataset/raw/normal/001470.mp4,normal,1.01,True,1280,720,10.0,50,5.0,Valid video stream.,TRAIN
normal_001471,001471.mp4,dataset/raw/normal/001471.mp4,normal,1.541,True,1280,720,10.0,50,5.0,Valid video stream.,TRAIN
normal_001472,001472.mp4,dataset/raw/normal/001472.mp4,normal,1.222,True,1280,720,10.0,50,5.0,Valid video stream.,TRAIN
normal_001473,001473.mp4,dataset/raw/normal/001473.mp4,normal,1.514,True,1280,720,10.0,50,5.0,Valid video stream.,TRAIN
normal_001474,001474.mp4,dataset/raw/normal/001474.mp4,normal,2.539,True,1280,720,10.0,50,5.0,Valid video stream.,TRAIN
normal_001475,001475.mp4,dataset/raw/normal/001475.mp4,normal,2.401,True,1280,720,10.0,50,5.0,Valid video stream.,TRAIN
normal_001476,001476.mp4,dataset/raw/normal/001476.mp4,normal,2.721,True,1280,720,10.0,50,5.0,Valid video stream.,TRAIN
normal_001477,001477.mp4,dataset/raw/normal/001477.mp4,normal,1.771,True,1280,720,10.0,50,5.0,Valid video stream.,TRAIN
normal_001478,001478.mp4,dataset/raw/normal/001478.mp4,normal,1.64,True,1280,720,10.0,50,5.0,Valid video stream.,TEST
normal_001479,001479.mp4,dataset/raw/normal/001479.mp4,normal,1.755,True,1280,720,10.0,50,5.0,Valid video stream.,VALIDATION
normal_001480,001480.mp4,dataset/raw/normal/001480.mp4,normal,1.643,True,1280,720,10.0,50,5.0,Valid video stream.,TRAIN
normal_001481,001481.mp4,dataset/raw/normal/001481.mp4,normal,2.335,True,1280,720,10.0,50,5.0,Valid video stream.,VALIDATION
normal_001482,001482.mp4,dataset/raw/normal/001482.mp4,normal,2.395,True,1280,720,10.0,50,5.0,Valid video stream.,TRAIN
normal_001483,001483.mp4,dataset/raw/normal/001483.mp4,normal,1.196,True,1280,720,10.0,50,5.0,Valid video stream.,TEST
normal_001484,001484.mp4,dataset/raw/normal/001484.mp4,normal,1.03,True,1280,720,10.0,50,5.0,Valid video stream.,VALIDATION
normal_001485,001485.mp4,dataset/raw/normal/001485.mp4,normal,0.872,True,1280,720,10.0,50,5.0,Valid video stream.,VALIDATION
normal_001486,001486.mp4,dataset/raw/normal/001486.mp4,normal,2.401,True,1280,720,10.0,50,5.0,Valid video stream.,TEST
normal_001487,001487.mp4,dataset/raw/normal/001487.mp4,normal,2.647,True,1280,720,10.0,50,5.0,Valid video stream.,TRAIN
normal_001488,001488.mp4,dataset/raw/normal/001488.mp4,normal,2.859,True,1280,720,10.0,50,5.0,Valid video stream.,TRAIN
normal_001489,001489.mp4,dataset/raw/normal/001489.mp4,normal,3.109,True,1280,720,10.0,50,5.0,Valid video stream.,VALIDATION
normal_001490,001490.mp4,dataset/raw/normal/001490.mp4,normal,2.935,True,1280,720,10.0,50,5.0,Valid video stream.,TRAIN
normal_001491,001491.mp4,dataset/raw/normal/001491.mp4,normal,1.896,True,1280,720,10.0,50,5.0,Valid video stream.,TEST
normal_001492,001492.mp4,dataset/raw/normal/001492.mp4,normal,3.795,True,1280,720,10.0,50,5.0,Valid video stream.,TRAIN
normal_001493,001493.mp4,dataset/raw/normal/001493.mp4,normal,2.172,True,1280,720,10.0,50,5.0,Valid video stream.,TEST
normal_001494,001494.mp4,dataset/raw/normal/001494.mp4,normal,3.299,True,1280,720,10.0,50,5.0,Valid video stream.,TRAIN
normal_001495,001495.mp4,dataset/raw/normal/001495.mp4,normal,5.585,True,1280,720,10.0,50,5.0,Valid video stream.,TRAIN
normal_001496,001496.mp4,dataset/raw/normal/001496.mp4,normal,4.585,True,1280,720,10.0,50,5.0,Valid video stream.,TRAIN
normal_001497,001497.mp4,dataset/raw/normal/001497.mp4,normal,3.619,True,1280,720,10.0,50,5.0,Valid video stream.,TRAIN
normal_001498,001498.mp4,dataset/raw/normal/001498.mp4,normal,1.85,True,1280,720,10.0,50,5.0,Valid video stream.,VALIDATION
normal_001499,001499.mp4,dataset/raw/normal/001499.mp4,normal,1.709,True,1280,720,10.0,50,5.0,Valid video stream.,VALIDATION
normal_001500,001500.mp4,dataset/raw/normal/001500.mp4,normal,1.664,True,1280,720,10.0,50,5.0,Valid video stream.,TRAIN
normal_001501,001501.mp4,dataset/raw/normal/001501.mp4,normal,1.379,True,1280,720,10.0,50,5.0,Valid video stream.,VALIDATION
normal_001502,001502.mp4,dataset/raw/normal/001502.mp4,normal,1.477,True,1280,720,10.0,50,5.0,Valid video stream.,TRAIN
normal_001503,001503.mp4,dataset/raw/normal/001503.mp4,normal,0.694,True,1280,720,10.0,50,5.0,Valid video stream.,TRAIN
normal_001504,001504.mp4,dataset/raw/normal/001504.mp4,normal,1.721,True,1280,720,10.0,50,5.0,Valid video stream.,VALIDATION
normal_001505,001505.mp4,dataset/raw/normal/001505.mp4,normal,2.51,True,1280,720,10.0,50,5.0,Valid video stream.,VALIDATION
normal_001506,001506.mp4,dataset/raw/normal/001506.mp4,normal,2.083,True,1280,720,10.0,50,5.0,Valid video stream.,TEST
normal_001507,001507.mp4,dataset/raw/normal/001507.mp4,normal,0.827,True,1280,720,10.0,50,5.0,Valid video stream.,TEST
normal_001508,001508.mp4,dataset/raw/normal/001508.mp4,normal,0.728,True,1280,720,10.0,50,5.0,Valid video stream.,VALIDATION
normal_001509,001509.mp4,dataset/raw/normal/001509.mp4,normal,0.78,True,1280,720,10.0,50,5.0,Valid video stream.,VALIDATION
normal_001510,001510.mp4,dataset/raw/normal/001510.mp4,normal,1.666,True,1280,720,10.0,50,5.0,Valid video stream.,TRAIN
normal_001511,001511.mp4,dataset/raw/normal/001511.mp4,normal,1.379,True,1280,720,10.0,50,5.0,Valid video stream.,TEST
normal_001512,001512.mp4,dataset/raw/normal/001512.mp4,normal,1.551,True,1280,720,10.0,50,5.0,Valid video stream.,VALIDATION
normal_001513,001513.mp4,dataset/raw/normal/001513.mp4,normal,2.761,True,1280,720,10.0,50,5.0,Valid video stream.,TRAIN
normal_001514,001514.mp4,dataset/raw/normal/001514.mp4,normal,3.163,True,1280,720,10.0,50,5.0,Valid video stream.,TRAIN
normal_001515,001515.mp4,dataset/raw/normal/001515.mp4,normal,2.382,True,1280,720,10.0,50,5.0,Valid video stream.,TRAIN
normal_001516,001516.mp4,dataset/raw/normal/001516.mp4,normal,1.7,True,1280,720,10.0,50,5.0,Valid video stream.,TEST
normal_001517,001517.mp4,dataset/raw/normal/001517.mp4,normal,1.325,True,1280,720,10.0,50,5.0,Valid video stream.,TRAIN
normal_001518,001518.mp4,dataset/raw/normal/001518.mp4,normal,1.465,True,1280,720,10.0,50,5.0,Valid video stream.,VALIDATION
normal_001519,001519.mp4,dataset/raw/normal/001519.mp4,normal,3.443,True,1280,720,10.0,50,5.0,Valid video stream.,TRAIN
normal_001520,001520.mp4,dataset/raw/normal/001520.mp4,normal,3.06,True,1280,720,10.0,50,5.0,Valid video stream.,VALIDATION
normal_001521,001521.mp4,dataset/raw/normal/001521.mp4,normal,3.174,True,1280,720,10.0,50,5.0,Valid video stream.,TEST
normal_001522,001522.mp4,dataset/raw/normal/001522.mp4,normal,1.481,True,1280,720,10.0,50,5.0,Valid video stream.,TRAIN
normal_001523,001523.mp4,dataset/raw/normal/001523.mp4,normal,1.616,True,1280,720,10.0,50,5.0,Valid video stream.,TRAIN
normal_001524,001524.mp4,dataset/raw/normal/001524.mp4,normal,1.289,True,1280,720,10.0,50,5.0,Valid video stream.,VALIDATION
normal_001525,001525.mp4,dataset/raw/normal/001525.mp4,normal,1.382,True,1280,720,10.0,50,5.0,Valid video stream.,TRAIN
normal_001526,001526.mp4,dataset/raw/normal/001526.mp4,normal,1.72,True,1280,720,10.0,50,5.0,Valid video stream.,TRAIN
normal_001527,001527.mp4,dataset/raw/normal/001527.mp4,normal,3.022,True,1280,720,10.0,50,5.0,Valid video stream.,TRAIN
normal_001528,001528.mp4,dataset/raw/normal/001528.mp4,normal,4.443,True,1280,720,10.0,50,5.0,Valid video stream.,TEST
normal_001529,001529.mp4,dataset/raw/normal/001529.mp4,normal,3.888,True,1280,720,10.0,50,5.0,Valid video stream.,VALIDATION
normal_001530,001530.mp4,dataset/raw/normal/001530.mp4,normal,2.742,True,1280,720,10.0,50,5.0,Valid video stream.,VALIDATION
normal_001531,001531.mp4,dataset/raw/normal/001531.mp4,normal,1.865,True,1280,720,10.0,50,5.0,Valid video stream.,TRAIN
normal_001532,001532.mp4,dataset/raw/normal/001532.mp4,normal,4.07,True,1280,720,10.0,50,5.0,Valid video stream.,TEST
normal_001533,001533.mp4,dataset/raw/normal/001533.mp4,normal,7.67,True,1280,720,10.0,50,5.0,Valid video stream.,TRAIN
normal_001534,001534.mp4,dataset/raw/normal/001534.mp4,normal,1.151,True,1280,720,10.0,50,5.0,Valid video stream.,TRAIN
normal_001535,001535.mp4,dataset/raw/normal/001535.mp4,normal,2.135,True,1280,720,10.0,50,5.0,Valid video stream.,TRAIN
normal_001536,001536.mp4,dataset/raw/normal/001536.mp4,normal,2.316,True,1280,720,10.0,50,5.0,Valid video stream.,TEST
normal_001537,001537.mp4,dataset/raw/normal/001537.mp4,normal,3.795,True,1280,720,10.0,50,5.0,Valid video stream.,TRAIN
normal_001538,001538.mp4,dataset/raw/normal/001538.mp4,normal,3.344,True,1280,720,10.0,50,5.0,Valid video stream.,TRAIN
normal_001539,001539.mp4,dataset/raw/normal/001539.mp4,normal,3.076,True,1280,720,10.0,50,5.0,Valid video stream.,TRAIN
normal_001540,001540.mp4,dataset/raw/normal/001540.mp4,normal,1.256,True,1280,720,10.0,50,5.0,Valid video stream.,TRAIN
normal_001541,001541.mp4,dataset/raw/normal/001541.mp4,normal,1.571,True,1280,720,10.0,50,5.0,Valid video stream.,TEST
normal_001542,001542.mp4,dataset/raw/normal/001542.mp4,normal,2.008,True,1280,720,10.0,50,5.0,Valid video stream.,TRAIN
normal_001543,001543.mp4,dataset/raw/normal/001543.mp4,normal,3.522,True,1280,720,10.0,50,5.0,Valid video stream.,TEST
normal_001544,001544.mp4,dataset/raw/normal/001544.mp4,normal,4.912,True,1280,720,10.0,50,5.0,Valid video stream.,TEST
normal_001545,001545.mp4,dataset/raw/normal/001545.mp4,normal,3.935,True,1280,720,10.0,50,5.0,Valid video stream.,TRAIN
normal_001546,001546.mp4,dataset/raw/normal/001546.mp4,normal,0.532,True,1280,720,10.0,50,5.0,Valid video stream.,TRAIN
normal_001547,001547.mp4,dataset/raw/normal/001547.mp4,normal,0.548,True,1280,720,10.0,50,5.0,Valid video stream.,TRAIN
normal_001548,001548.mp4,dataset/raw/normal/001548.mp4,normal,0.554,True,1280,720,10.0,50,5.0,Valid video stream.,TRAIN
normal_001549,001549.mp4,dataset/raw/normal/001549.mp4,normal,2.536,True,1280,720,10.0,50,5.0,Valid video stream.,TRAIN
normal_001550,001550.mp4,dataset/raw/normal/001550.mp4,normal,2.257,True,1280,720,10.0,50,5.0,Valid video stream.,TRAIN
normal_001551,001551.mp4,dataset/raw/normal/001551.mp4,normal,1.664,True,1280,720,10.0,50,5.0,Valid video stream.,TRAIN
normal_001552,001552.mp4,dataset/raw/normal/001552.mp4,normal,1.931,True,1280,720,10.0,50,5.0,Valid video stream.,TRAIN
normal_001553,001553.mp4,dataset/raw/normal/001553.mp4,normal,2.142,True,1280,720,10.0,50,5.0,Valid video stream.,TRAIN
normal_001554,001554.mp4,dataset/raw/normal/001554.mp4,normal,2.101,True,1280,720,10.0,50,5.0,Valid video stream.,TRAIN
normal_001555,001555.mp4,dataset/raw/normal/001555.mp4,normal,2.216,True,1280,720,10.0,50,5.0,Valid video stream.,TRAIN
normal_001556,001556.mp4,dataset/raw/normal/001556.mp4,normal,2.221,True,1280,720,10.0,50,5.0,Valid video stream.,VALIDATION
normal_001557,001557.mp4,dataset/raw/normal/001557.mp4,normal,1.283,True,1280,720,10.0,50,5.0,Valid video stream.,TRAIN
normal_001558,001558.mp4,dataset/raw/normal/001558.mp4,normal,0.875,True,1280,720,10.0,50,5.0,Valid video stream.,TEST
normal_001559,001559.mp4,dataset/raw/normal/001559.mp4,normal,0.86,True,1280,720,10.0,50,5.0,Valid video stream.,TRAIN
normal_001560,001560.mp4,dataset/raw/normal/001560.mp4,normal,1.171,True,1280,720,10.0,50,5.0,Valid video stream.,TRAIN
normal_001561,001561.mp4,dataset/raw/normal/001561.mp4,normal,1.876,True,1280,720,10.0,50,5.0,Valid video stream.,TRAIN
normal_001562,001562.mp4,dataset/raw/normal/001562.mp4,normal,1.755,True,1280,720,10.0,50,5.0,Valid video stream.,TRAIN
normal_001563,001563.mp4,dataset/raw/normal/001563.mp4,normal,1.541,True,1280,720,10.0,50,5.0,Valid video stream.,TRAIN
normal_001564,001564.mp4,dataset/raw/normal/001564.mp4,normal,0.803,True,1280,720,10.0,50,5.0,Valid video stream.,TRAIN
normal_001565,001565.mp4,dataset/raw/normal/001565.mp4,normal,0.88,True,1280,720,10.0,50,5.0,Valid video stream.,TEST
normal_001566,001566.mp4,dataset/raw/normal/001566.mp4,normal,0.929,True,1280,720,10.0,50,5.0,Valid video stream.,TRAIN
normal_001567,001567.mp4,dataset/raw/normal/001567.mp4,normal,1.599,True,1280,720,10.0,50,5.0,Valid video stream.,TRAIN
normal_001568,001568.mp4,dataset/raw/normal/001568.mp4,normal,1.693,True,1280,720,10.0,50,5.0,Valid video stream.,TRAIN
normal_001569,001569.mp4,dataset/raw/normal/001569.mp4,normal,1.343,True,1280,720,10.0,50,5.0,Valid video stream.,VALIDATION
normal_001570,001570.mp4,dataset/raw/normal/001570.mp4,normal,1.353,True,1280,720,10.0,50,5.0,Valid video stream.,TRAIN
normal_001571,001571.mp4,dataset/raw/normal/001571.mp4,normal,1.23,True,1280,720,10.0,50,5.0,Valid video stream.,TRAIN
normal_001572,001572.mp4,dataset/raw/normal/001572.mp4,normal,1.656,True,1280,720,10.0,50,5.0,Valid video stream.,TRAIN
normal_001573,001573.mp4,dataset/raw/normal/001573.mp4,normal,0.925,True,1280,720,10.0,50,5.0,Valid video stream.,TRAIN
normal_001574,001574.mp4,dataset/raw/normal/001574.mp4,normal,1.106,True,1280,720,10.0,50,5.0,Valid video stream.,VALIDATION
normal_001575,001575.mp4,dataset/raw/normal/001575.mp4,normal,1.413,True,1280,720,10.0,50,5.0,Valid video stream.,TEST
normal_001576,001576.mp4,dataset/raw/normal/001576.mp4,normal,2.391,True,1280,720,10.0,50,5.0,Valid video stream.,TRAIN
normal_001577,001577.mp4,dataset/raw/normal/001577.mp4,normal,3.478,True,1280,720,10.0,50,5.0,Valid video stream.,TRAIN
normal_001578,001578.mp4,dataset/raw/normal/001578.mp4,normal,3.421,True,1280,720,10.0,50,5.0,Valid video stream.,TRAIN
normal_001579,001579.mp4,dataset/raw/normal/001579.mp4,normal,1.014,True,1280,720,10.0,50,5.0,Valid video stream.,TRAIN
normal_001580,001580.mp4,dataset/raw/normal/001580.mp4,normal,1.156,True,1280,720,10.0,50,5.0,Valid video stream.,TRAIN
normal_001581,001581.mp4,dataset/raw/normal/001581.mp4,normal,1.273,True,1280,720,10.0,50,5.0,Valid video stream.,TRAIN
normal_001582,001582.mp4,dataset/raw/normal/001582.mp4,normal,1.845,True,1280,720,10.0,50,5.0,Valid video stream.,TEST
normal_001583,001583.mp4,dataset/raw/normal/001583.mp4,normal,2.308,True,1280,720,10.0,50,5.0,Valid video stream.,VALIDATION
normal_001584,001584.mp4,dataset/raw/normal/001584.mp4,normal,2.705,True,1280,720,10.0,50,5.0,Valid video stream.,TEST
normal_001585,001585.mp4,dataset/raw/normal/001585.mp4,normal,2.728,True,1280,720,10.0,50,5.0,Valid video stream.,VALIDATION
normal_001586,001586.mp4,dataset/raw/normal/001586.mp4,normal,2.996,True,1280,720,10.0,50,5.0,Valid video stream.,VALIDATION
normal_001587,001587.mp4,dataset/raw/normal/001587.mp4,normal,3.157,True,1280,720,10.0,50,5.0,Valid video stream.,TEST
normal_001588,001588.mp4,dataset/raw/normal/001588.mp4,normal,1.706,True,1280,720,10.0,50,5.0,Valid video stream.,TRAIN
normal_001589,001589.mp4,dataset/raw/normal/001589.mp4,normal,1.561,True,1280,720,10.0,50,5.0,Valid video stream.,TRAIN
normal_001590,001590.mp4,dataset/raw/normal/001590.mp4,normal,1.582,True,1280,720,10.0,50,5.0,Valid video stream.,TRAIN
normal_001591,001591.mp4,dataset/raw/normal/001591.mp4,normal,3.031,True,1280,720,10.0,50,5.0,Valid video stream.,TRAIN
normal_001592,001592.mp4,dataset/raw/normal/001592.mp4,normal,2.871,True,1280,720,10.0,50,5.0,Valid video stream.,TRAIN
normal_001593,001593.mp4,dataset/raw/normal/001593.mp4,normal,1.709,True,1280,720,10.0,50,5.0,Valid video stream.,TRAIN
normal_001594,001594.mp4,dataset/raw/normal/001594.mp4,normal,2.749,True,1280,720,10.0,50,5.0,Valid video stream.,TRAIN
normal_001595,001595.mp4,dataset/raw/normal/001595.mp4,normal,2.446,True,1280,720,10.0,50,5.0,Valid video stream.,TRAIN
normal_001596,001596.mp4,dataset/raw/normal/001596.mp4,normal,2.592,True,1280,720,10.0,50,5.0,Valid video stream.,TRAIN
normal_001597,001597.mp4,dataset/raw/normal/001597.mp4,normal,2.505,True,1280,720,10.0,50,5.0,Valid video stream.,TRAIN
normal_001598,001598.mp4,dataset/raw/normal/001598.mp4,normal,2.549,True,1280,720,10.0,50,5.0,Valid video stream.,TRAIN
normal_001599,001599.mp4,dataset/raw/normal/001599.mp4,normal,3.033,True,1280,720,10.0,50,5.0,Valid video stream.,TRAIN
normal_001600,001600.mp4,dataset/raw/normal/001600.mp4,normal,0.825,True,1280,720,10.0,50,5.0,Valid video stream.,TEST
normal_001601,001601.mp4,dataset/raw/normal/001601.mp4,normal,0.578,True,1280,720,10.0,50,5.0,Valid video stream.,TRAIN
normal_001602,001602.mp4,dataset/raw/normal/001602.mp4,normal,0.792,True,1280,720,10.0,50,5.0,Valid video stream.,TRAIN
normal_001603,001603.mp4,dataset/raw/normal/001603.mp4,normal,1.263,True,1280,720,10.0,50,5.0,Valid video stream.,TRAIN
normal_001604,001604.mp4,dataset/raw/normal/001604.mp4,normal,1.063,True,1280,720,10.0,50,5.0,Valid video stream.,TRAIN
normal_001605,001605.mp4,dataset/raw/normal/001605.mp4,normal,0.967,True,1280,720,10.0,50,5.0,Valid video stream.,TRAIN
normal_001606,001606.mp4,dataset/raw/normal/001606.mp4,normal,1.49,True,1280,720,10.0,50,5.0,Valid video stream.,TEST
normal_001607,001607.mp4,dataset/raw/normal/001607.mp4,normal,2.063,True,1280,720,10.0,50,5.0,Valid video stream.,TRAIN
normal_001608,001608.mp4,dataset/raw/normal/001608.mp4,normal,3.314,True,1280,720,10.0,50,5.0,Valid video stream.,TRAIN
normal_001609,001609.mp4,dataset/raw/normal/001609.mp4,normal,2.576,True,1280,720,10.0,50,5.0,Valid video stream.,TRAIN
normal_001610,001610.mp4,dataset/raw/normal/001610.mp4,normal,2.318,True,1280,720,10.0,50,5.0,Valid video stream.,VALIDATION
normal_001611,001611.mp4,dataset/raw/normal/001611.mp4,normal,2.524,True,1280,720,10.0,50,5.0,Valid video stream.,VALIDATION
normal_001612,001612.mp4,dataset/raw/normal/001612.mp4,normal,1.011,True,1280,720,10.0,50,5.0,Valid video stream.,TRAIN
normal_001613,001613.mp4,dataset/raw/normal/001613.mp4,normal,1.068,True,1280,720,10.0,50,5.0,Valid video stream.,TRAIN
normal_001614,001614.mp4,dataset/raw/normal/001614.mp4,normal,0.724,True,1280,720,10.0,50,5.0,Valid video stream.,VALIDATION
normal_001615,001615.mp4,dataset/raw/normal/001615.mp4,normal,1.631,True,1280,720,10.0,50,5.0,Valid video stream.,TRAIN
normal_001616,001616.mp4,dataset/raw/normal/001616.mp4,normal,1.464,True,1280,720,10.0,50,5.0,Valid video stream.,TRAIN
normal_001617,001617.mp4,dataset/raw/normal/001617.mp4,normal,1.189,True,1280,720,10.0,50,5.0,Valid video stream.,VALIDATION
normal_001618,001618.mp4,dataset/raw/normal/001618.mp4,normal,2.308,True,1280,720,10.0,50,5.0,Valid video stream.,TRAIN
normal_001619,001619.mp4,dataset/raw/normal/001619.mp4,normal,2.132,True,1280,720,10.0,50,5.0,Valid video stream.,TEST
normal_001620,001620.mp4,dataset/raw/normal/001620.mp4,normal,2.232,True,1280,720,10.0,50,5.0,Valid video stream.,TRAIN
normal_001621,001621.mp4,dataset/raw/normal/001621.mp4,normal,1.52,True,1280,720,10.0,50,5.0,Valid video stream.,TRAIN
normal_001622,001622.mp4,dataset/raw/normal/001622.mp4,normal,1.432,True,1280,720,10.0,50,5.0,Valid video stream.,TEST
normal_001623,001623.mp4,dataset/raw/normal/001623.mp4,normal,1.317,True,1280,720,10.0,50,5.0,Valid video stream.,TRAIN
normal_001624,001624.mp4,dataset/raw/normal/001624.mp4,normal,1.094,True,1280,720,10.0,50,5.0,Valid video stream.,TEST
normal_001625,001625.mp4,dataset/raw/normal/001625.mp4,normal,0.997,True,1280,720,10.0,50,5.0,Valid video stream.,TRAIN
normal_001626,001626.mp4,dataset/raw/normal/001626.mp4,normal,1.059,True,1280,720,10.0,50,5.0,Valid video stream.,TRAIN
normal_001627,001627.mp4,dataset/raw/normal/001627.mp4,normal,2.458,True,1280,720,10.0,50,5.0,Valid video stream.,TEST
normal_001628,001628.mp4,dataset/raw/normal/001628.mp4,normal,5.464,True,1280,720,10.0,50,5.0,Valid video stream.,TRAIN
normal_001629,001629.mp4,dataset/raw/normal/001629.mp4,normal,6.111,True,1280,720,10.0,50,5.0,Valid video stream.,TRAIN
normal_001630,001630.mp4,dataset/raw/normal/001630.mp4,normal,4.447,True,1280,720,10.0,50,5.0,Valid video stream.,TRAIN
normal_001631,001631.mp4,dataset/raw/normal/001631.mp4,normal,3.852,True,1280,720,10.0,50,5.0,Valid video stream.,VALIDATION
normal_001632,001632.mp4,dataset/raw/normal/001632.mp4,normal,2.564,True,1280,720,10.0,50,5.0,Valid video stream.,VALIDATION
normal_001633,001633.mp4,dataset/raw/normal/001633.mp4,normal,2.864,True,1280,720,10.0,50,5.0,Valid video stream.,TRAIN
normal_001634,001634.mp4,dataset/raw/normal/001634.mp4,normal,3.072,True,1280,720,10.0,50,5.0,Valid video stream.,VALIDATION
normal_001635,001635.mp4,dataset/raw/normal/001635.mp4,normal,1.492,True,1280,720,10.0,50,5.0,Valid video stream.,TRAIN
normal_001636,001636.mp4,dataset/raw/normal/001636.mp4,normal,1.643,True,1280,720,10.0,50,5.0,Valid video stream.,TRAIN
normal_001637,001637.mp4,dataset/raw/normal/001637.mp4,normal,2.214,True,1280,720,10.0,50,5.0,Valid video stream.,TRAIN
normal_001638,001638.mp4,dataset/raw/normal/001638.mp4,normal,2.145,True,1280,720,10.0,50,5.0,Valid video stream.,TRAIN
normal_001639,001639.mp4,dataset/raw/normal/001639.mp4,normal,0.805,True,1280,720,10.0,50,5.0,Valid video stream.,VALIDATION
normal_001640,001640.mp4,dataset/raw/normal/001640.mp4,normal,0.901,True,1280,720,10.0,50,5.0,Valid video stream.,TRAIN
normal_001641,001641.mp4,dataset/raw/normal/001641.mp4,normal,1.094,True,1280,720,10.0,50,5.0,Valid video stream.,TEST
normal_001642,001642.mp4,dataset/raw/normal/001642.mp4,normal,4.785,True,1280,720,10.0,50,5.0,Valid video stream.,TEST
normal_001643,001643.mp4,dataset/raw/normal/001643.mp4,normal,6.006,True,1280,720,10.0,50,5.0,Valid video stream.,TRAIN
normal_001644,001644.mp4,dataset/raw/normal/001644.mp4,normal,5.59,True,1280,720,10.0,50,5.0,Valid video stream.,TRAIN
normal_001645,001645.mp4,dataset/raw/normal/001645.mp4,normal,4.013,True,1280,720,10.0,50,5.0,Valid video stream.,VALIDATION
normal_001646,001646.mp4,dataset/raw/normal/001646.mp4,normal,2.251,True,1280,720,10.0,50,5.0,Valid video stream.,TRAIN
normal_001647,001647.mp4,dataset/raw/normal/001647.mp4,normal,2.76,True,1280,720,10.0,50,5.0,Valid video stream.,TRAIN
normal_001648,001648.mp4,dataset/raw/normal/001648.mp4,normal,3.607,True,1280,720,10.0,50,5.0,Valid video stream.,TRAIN
normal_001649,001649.mp4,dataset/raw/normal/001649.mp4,normal,7.691,True,1280,720,10.0,50,5.0,Valid video stream.,TRAIN
normal_001650,001650.mp4,dataset/raw/normal/001650.mp4,normal,2.755,True,1280,720,10.0,50,5.0,Valid video stream.,TRAIN
normal_001651,001651.mp4,dataset/raw/normal/001651.mp4,normal,1.466,True,1280,720,10.0,50,5.0,Valid video stream.,TRAIN
normal_001652,001652.mp4,dataset/raw/normal/001652.mp4,normal,0.638,True,1280,720,10.0,50,5.0,Valid video stream.,VALIDATION
normal_001653,001653.mp4,dataset/raw/normal/001653.mp4,normal,0.48,True,1280,720,10.0,50,5.0,Valid video stream.,TRAIN
normal_001654,001654.mp4,dataset/raw/normal/001654.mp4,normal,1.988,True,1280,720,10.0,50,5.0,Valid video stream.,TRAIN
normal_001655,001655.mp4,dataset/raw/normal/001655.mp4,normal,1.832,True,1280,720,10.0,50,5.0,Valid video stream.,TRAIN
normal_001656,001656.mp4,dataset/raw/normal/001656.mp4,normal,4.495,True,1280,720,10.0,50,5.0,Valid video stream.,TRAIN
normal_001657,001657.mp4,dataset/raw/normal/001657.mp4,normal,2.04,True,1280,720,10.0,50,5.0,Valid video stream.,TEST
normal_001658,001658.mp4,dataset/raw/normal/001658.mp4,normal,2.625,True,1280,720,10.0,50,5.0,Valid video stream.,TRAIN
normal_001659,001659.mp4,dataset/raw/normal/001659.mp4,normal,2.919,True,1280,720,10.0,50,5.0,Valid video stream.,TRAIN
normal_001660,001660.mp4,dataset/raw/normal/001660.mp4,normal,0.521,True,1280,720,10.0,50,5.0,Valid video stream.,TEST
normal_001661,001661.mp4,dataset/raw/normal/001661.mp4,normal,0.692,True,1280,720,10.0,50,5.0,Valid video stream.,TRAIN
normal_001662,001662.mp4,dataset/raw/normal/001662.mp4,normal,0.496,True,1280,720,10.0,50,5.0,Valid video stream.,TRAIN
normal_001663,001663.mp4,dataset/raw/normal/001663.mp4,normal,1.888,True,1280,720,10.0,50,5.0,Valid video stream.,TRAIN
normal_001664,001664.mp4,dataset/raw/normal/001664.mp4,normal,2.278,True,1280,720,10.0,50,5.0,Valid video stream.,VALIDATION
normal_001665,001665.mp4,dataset/raw/normal/001665.mp4,normal,1.349,True,1280,720,10.0,50,5.0,Valid video stream.,TRAIN
normal_001666,001666.mp4,dataset/raw/normal/001666.mp4,normal,2.318,True,1280,720,10.0,50,5.0,Valid video stream.,TRAIN
normal_001667,001667.mp4,dataset/raw/normal/001667.mp4,normal,2.564,True,1280,720,10.0,50,5.0,Valid video stream.,VALIDATION
normal_001668,001668.mp4,dataset/raw/normal/001668.mp4,normal,2.822,True,1280,720,10.0,50,5.0,Valid video stream.,TRAIN
normal_001669,001669.mp4,dataset/raw/normal/001669.mp4,normal,0.561,True,1280,720,10.0,50,5.0,Valid video stream.,TRAIN
normal_001670,001670.mp4,dataset/raw/normal/001670.mp4,normal,1.198,True,1280,720,10.0,50,5.0,Valid video stream.,TRAIN
normal_001671,001671.mp4,dataset/raw/normal/001671.mp4,normal,0.829,True,1280,720,10.0,50,5.0,Valid video stream.,TRAIN
normal_001672,001672.mp4,dataset/raw/normal/001672.mp4,normal,3.978,True,1280,720,10.0,50,5.0,Valid video stream.,TRAIN
normal_001673,001673.mp4,dataset/raw/normal/001673.mp4,normal,2.862,True,1280,720,10.0,50,5.0,Valid video stream.,TRAIN
normal_001674,001674.mp4,dataset/raw/normal/001674.mp4,normal,1.701,True,1280,720,10.0,50,5.0,Valid video stream.,TRAIN
normal_001675,001675.mp4,dataset/raw/normal/001675.mp4,normal,1.315,True,1280,720,10.0,50,5.0,Valid video stream.,TEST
normal_001676,001676.mp4,dataset/raw/normal/001676.mp4,normal,1.412,True,1280,720,10.0,50,5.0,Valid video stream.,TRAIN
normal_001677,001677.mp4,dataset/raw/normal/001677.mp4,normal,1.794,True,1280,720,10.0,50,5.0,Valid video stream.,TRAIN
normal_001678,001678.mp4,dataset/raw/normal/001678.mp4,normal,0.509,True,1280,720,10.0,50,5.0,Valid video stream.,VALIDATION
normal_001679,001679.mp4,dataset/raw/normal/001679.mp4,normal,0.504,True,1280,720,10.0,50,5.0,Valid video stream.,TRAIN
normal_001680,001680.mp4,dataset/raw/normal/001680.mp4,normal,0.625,True,1280,720,10.0,50,5.0,Valid video stream.,TRAIN
normal_001681,001681.mp4,dataset/raw/normal/001681.mp4,normal,1.564,True,1280,720,10.0,50,5.0,Valid video stream.,VALIDATION
normal_001682,001682.mp4,dataset/raw/normal/001682.mp4,normal,1.481,True,1280,720,10.0,50,5.0,Valid video stream.,TRAIN
normal_001683,001683.mp4,dataset/raw/normal/001683.mp4,normal,1.703,True,1280,720,10.0,50,5.0,Valid video stream.,TEST
normal_001684,001684.mp4,dataset/raw/normal/001684.mp4,normal,1.739,True,1280,720,10.0,50,5.0,Valid video stream.,TRAIN
normal_001685,001685.mp4,dataset/raw/normal/001685.mp4,normal,2.916,True,1280,720,10.0,50,5.0,Valid video stream.,TRAIN
normal_001686,001686.mp4,dataset/raw/normal/001686.mp4,normal,2.738,True,1280,720,10.0,50,5.0,Valid video stream.,TRAIN
normal_001687,001687.mp4,dataset/raw/normal/001687.mp4,normal,2.032,True,1280,720,10.0,50,5.0,Valid video stream.,TRAIN
normal_001688,001688.mp4,dataset/raw/normal/001688.mp4,normal,2.349,True,1280,720,10.0,50,5.0,Valid video stream.,TRAIN
normal_001689,001689.mp4,dataset/raw/normal/001689.mp4,normal,3.539,True,1280,720,10.0,50,5.0,Valid video stream.,TRAIN
normal_001690,001690.mp4,dataset/raw/normal/001690.mp4,normal,2.054,True,1280,720,10.0,50,5.0,Valid video stream.,TRAIN
normal_001691,001691.mp4,dataset/raw/normal/001691.mp4,normal,1.568,True,1280,720,10.0,50,5.0,Valid video stream.,TRAIN
normal_001692,001692.mp4,dataset/raw/normal/001692.mp4,normal,2.212,True,1280,720,10.0,50,5.0,Valid video stream.,VALIDATION
normal_001693,001693.mp4,dataset/raw/normal/001693.mp4,normal,2.518,True,1280,720,10.0,50,5.0,Valid video stream.,VALIDATION
normal_001694,001694.mp4,dataset/raw/normal/001694.mp4,normal,3.925,True,1280,720,10.0,50,5.0,Valid video stream.,TRAIN
normal_001695,001695.mp4,dataset/raw/normal/001695.mp4,normal,3.744,True,1280,720,10.0,50,5.0,Valid video stream.,TRAIN
normal_001696,001696.mp4,dataset/raw/normal/001696.mp4,normal,1.388,True,1280,720,10.0,50,5.0,Valid video stream.,TRAIN
normal_001697,001697.mp4,dataset/raw/normal/001697.mp4,normal,0.821,True,1280,720,10.0,50,5.0,Valid video stream.,TEST
normal_001698,001698.mp4,dataset/raw/normal/001698.mp4,normal,1.003,True,1280,720,10.0,50,5.0,Valid video stream.,TRAIN
normal_001699,001699.mp4,dataset/raw/normal/001699.mp4,normal,2.561,True,1280,720,10.0,50,5.0,Valid video stream.,TRAIN
normal_001700,001700.mp4,dataset/raw/normal/001700.mp4,normal,2.42,True,1280,720,10.0,50,5.0,Valid video stream.,TEST
normal_001701,001701.mp4,dataset/raw/normal/001701.mp4,normal,1.084,True,1280,720,10.0,50,5.0,Valid video stream.,TRAIN
normal_001702,001702.mp4,dataset/raw/normal/001702.mp4,normal,2.423,True,1280,720,10.0,50,5.0,Valid video stream.,TRAIN
normal_001703,001703.mp4,dataset/raw/normal/001703.mp4,normal,2.327,True,1280,720,10.0,50,5.0,Valid video stream.,VALIDATION
normal_001704,001704.mp4,dataset/raw/normal/001704.mp4,normal,1.572,True,1280,720,10.0,50,5.0,Valid video stream.,TRAIN
normal_001705,001705.mp4,dataset/raw/normal/001705.mp4,normal,1.339,True,1280,720,10.0,50,5.0,Valid video stream.,TRAIN
normal_001706,001706.mp4,dataset/raw/normal/001706.mp4,normal,1.212,True,1280,720,10.0,50,5.0,Valid video stream.,TRAIN
normal_001707,001707.mp4,dataset/raw/normal/001707.mp4,normal,1.373,True,1280,720,10.0,50,5.0,Valid video stream.,TEST
normal_001708,001708.mp4,dataset/raw/normal/001708.mp4,normal,0.876,True,1280,720,10.0,50,5.0,Valid video stream.,TRAIN
normal_001709,001709.mp4,dataset/raw/normal/001709.mp4,normal,0.796,True,1280,720,10.0,50,5.0,Valid video stream.,TRAIN
normal_001710,001710.mp4,dataset/raw/normal/001710.mp4,normal,0.927,True,1280,720,10.0,50,5.0,Valid video stream.,TRAIN
normal_001711,001711.mp4,dataset/raw/normal/001711.mp4,normal,2.744,True,1280,720,10.0,50,5.0,Valid video stream.,TEST
normal_001712,001712.mp4,dataset/raw/normal/001712.mp4,normal,3.998,True,1280,720,10.0,50,5.0,Valid video stream.,VALIDATION
normal_001713,001713.mp4,dataset/raw/normal/001713.mp4,normal,2.532,True,1280,720,10.0,50,5.0,Valid video stream.,VALIDATION
normal_001714,001714.mp4,dataset/raw/normal/001714.mp4,normal,2.608,True,1280,720,10.0,50,5.0,Valid video stream.,TRAIN
normal_001715,001715.mp4,dataset/raw/normal/001715.mp4,normal,3.873,True,1280,720,10.0,50,5.0,Valid video stream.,TEST
normal_001716,001716.mp4,dataset/raw/normal/001716.mp4,normal,1.78,True,1280,720,10.0,50,5.0,Valid video stream.,VALIDATION
normal_001717,001717.mp4,dataset/raw/normal/001717.mp4,normal,2.728,True,1280,720,10.0,50,5.0,Valid video stream.,TRAIN
normal_001718,001718.mp4,dataset/raw/normal/001718.mp4,normal,2.934,True,1280,720,10.0,50,5.0,Valid video stream.,TRAIN
normal_001719,001719.mp4,dataset/raw/normal/001719.mp4,normal,3.443,True,1280,720,10.0,50,5.0,Valid video stream.,TRAIN
normal_001720,001720.mp4,dataset/raw/normal/001720.mp4,normal,1.515,True,1280,720,10.0,50,5.0,Valid video stream.,TEST
normal_001721,001721.mp4,dataset/raw/normal/001721.mp4,normal,1.918,True,1280,720,10.0,50,5.0,Valid video stream.,TRAIN
normal_001722,001722.mp4,dataset/raw/normal/001722.mp4,normal,1.198,True,1280,720,10.0,50,5.0,Valid video stream.,TRAIN
normal_001723,001723.mp4,dataset/raw/normal/001723.mp4,normal,2.15,True,1280,720,10.0,50,5.0,Valid video stream.,TRAIN
normal_001724,001724.mp4,dataset/raw/normal/001724.mp4,normal,2.336,True,1280,720,10.0,50,5.0,Valid video stream.,TRAIN
normal_001725,001725.mp4,dataset/raw/normal/001725.mp4,normal,2.041,True,1280,720,10.0,50,5.0,Valid video stream.,TRAIN
normal_001726,001726.mp4,dataset/raw/normal/001726.mp4,normal,0.829,True,1280,720,10.0,50,5.0,Valid video stream.,TRAIN
normal_001727,001727.mp4,dataset/raw/normal/001727.mp4,normal,1.206,True,1280,720,10.0,50,5.0,Valid video stream.,TRAIN
normal_001728,001728.mp4,dataset/raw/normal/001728.mp4,normal,1.064,True,1280,720,10.0,50,5.0,Valid video stream.,TRAIN
normal_001729,001729.mp4,dataset/raw/normal/001729.mp4,normal,0.846,True,1280,720,10.0,50,5.0,Valid video stream.,TRAIN
normal_001730,001730.mp4,dataset/raw/normal/001730.mp4,normal,1.242,True,1280,720,10.0,50,5.0,Valid video stream.,TRAIN
normal_001731,001731.mp4,dataset/raw/normal/001731.mp4,normal,1.159,True,1280,720,10.0,50,5.0,Valid video stream.,TRAIN
normal_001732,001732.mp4,dataset/raw/normal/001732.mp4,normal,1.413,True,1280,720,10.0,50,5.0,Valid video stream.,TRAIN
normal_001733,001733.mp4,dataset/raw/normal/001733.mp4,normal,1.199,True,1280,720,10.0,50,5.0,Valid video stream.,TRAIN
normal_001734,001734.mp4,dataset/raw/normal/001734.mp4,normal,1.348,True,1280,720,10.0,50,5.0,Valid video stream.,TEST
normal_001735,001735.mp4,dataset/raw/normal/001735.mp4,normal,2.528,True,1280,720,10.0,50,5.0,Valid video stream.,TEST
normal_001736,001736.mp4,dataset/raw/normal/001736.mp4,normal,2.382,True,1280,720,10.0,50,5.0,Valid video stream.,TRAIN
normal_001737,001737.mp4,dataset/raw/normal/001737.mp4,normal,0.731,True,1280,720,10.0,50,5.0,Valid video stream.,TEST
normal_001738,001738.mp4,dataset/raw/normal/001738.mp4,normal,1.195,True,1280,720,10.0,50,5.0,Valid video stream.,TRAIN
normal_001739,001739.mp4,dataset/raw/normal/001739.mp4,normal,1.525,True,1280,720,10.0,50,5.0,Valid video stream.,VALIDATION
normal_001740,001740.mp4,dataset/raw/normal/001740.mp4,normal,1.307,True,1280,720,10.0,50,5.0,Valid video stream.,TRAIN
normal_001741,001741.mp4,dataset/raw/normal/001741.mp4,normal,0.991,True,1280,720,10.0,50,5.0,Valid video stream.,TRAIN
normal_001742,001742.mp4,dataset/raw/normal/001742.mp4,normal,1.269,True,1280,720,10.0,50,5.0,Valid video stream.,TRAIN
normal_001743,001743.mp4,dataset/raw/normal/001743.mp4,normal,2.154,True,1280,720,10.0,50,5.0,Valid video stream.,TRAIN
normal_001744,001744.mp4,dataset/raw/normal/001744.mp4,normal,0.7,True,1280,720,10.0,50,5.0,Valid video stream.,TRAIN
normal_001745,001745.mp4,dataset/raw/normal/001745.mp4,normal,1.316,True,1280,720,10.0,50,5.0,Valid video stream.,TRAIN
normal_001746,001746.mp4,dataset/raw/normal/001746.mp4,normal,0.66,True,1280,720,10.0,50,5.0,Valid video stream.,VALIDATION
normal_001747,001747.mp4,dataset/raw/normal/001747.mp4,normal,1.779,True,1280,720,10.0,50,5.0,Valid video stream.,TRAIN
normal_001748,001748.mp4,dataset/raw/normal/001748.mp4,normal,1.607,True,1280,720,10.0,50,5.0,Valid video stream.,TRAIN
normal_001749,001749.mp4,dataset/raw/normal/001749.mp4,normal,1.256,True,1280,720,10.0,50,5.0,Valid video stream.,TRAIN
normal_001750,001750.mp4,dataset/raw/normal/001750.mp4,normal,0.7,True,1280,720,10.0,50,5.0,Valid video stream.,TRAIN
normal_001751,001751.mp4,dataset/raw/normal/001751.mp4,normal,0.664,True,1280,720,10.0,50,5.0,Valid video stream.,TRAIN
normal_001752,001752.mp4,dataset/raw/normal/001752.mp4,normal,0.695,True,1280,720,10.0,50,5.0,Valid video stream.,TRAIN
normal_001753,001753.mp4,dataset/raw/normal/001753.mp4,normal,0.878,True,1280,720,10.0,50,5.0,Valid video stream.,TRAIN
normal_001754,001754.mp4,dataset/raw/normal/001754.mp4,normal,0.951,True,1280,720,10.0,50,5.0,Valid video stream.,TRAIN
normal_001755,001755.mp4,dataset/raw/normal/001755.mp4,normal,0.694,True,1280,720,10.0,50,5.0,Valid video stream.,TRAIN
normal_001756,001756.mp4,dataset/raw/normal/001756.mp4,normal,1.837,True,1280,720,10.0,50,5.0,Valid video stream.,TRAIN
normal_001757,001757.mp4,dataset/raw/normal/001757.mp4,normal,2.212,True,1280,720,10.0,50,5.0,Valid video stream.,TRAIN
normal_001758,001758.mp4,dataset/raw/normal/001758.mp4,normal,1.473,True,1280,720,10.0,50,5.0,Valid video stream.,TEST
normal_001759,001759.mp4,dataset/raw/normal/001759.mp4,normal,3.378,True,1280,720,10.0,50,5.0,Valid video stream.,TEST
normal_001760,001760.mp4,dataset/raw/normal/001760.mp4,normal,2.849,True,1280,720,10.0,50,5.0,Valid video stream.,TRAIN
normal_001761,001761.mp4,dataset/raw/normal/001761.mp4,normal,1.194,True,1280,720,10.0,50,5.0,Valid video stream.,TEST
normal_001762,001762.mp4,dataset/raw/normal/001762.mp4,normal,0.884,True,1280,720,10.0,50,5.0,Valid video stream.,TRAIN
normal_001763,001763.mp4,dataset/raw/normal/001763.mp4,normal,1.281,True,1280,720,10.0,50,5.0,Valid video stream.,TRAIN
normal_001764,001764.mp4,dataset/raw/normal/001764.mp4,normal,0.652,True,1280,720,10.0,50,5.0,Valid video stream.,TEST
normal_001765,001765.mp4,dataset/raw/normal/001765.mp4,normal,1.126,True,1280,720,10.0,50,5.0,Valid video stream.,TRAIN
normal_001766,001766.mp4,dataset/raw/normal/001766.mp4,normal,1.13,True,1280,720,10.0,50,5.0,Valid video stream.,VALIDATION
normal_001767,001767.mp4,dataset/raw/normal/001767.mp4,normal,1.969,True,1280,720,10.0,50,5.0,Valid video stream.,TRAIN
normal_001768,001768.mp4,dataset/raw/normal/001768.mp4,normal,1.557,True,1280,720,10.0,50,5.0,Valid video stream.,TRAIN
normal_001769,001769.mp4,dataset/raw/normal/001769.mp4,normal,1.937,True,1280,720,10.0,50,5.0,Valid video stream.,TRAIN
normal_001770,001770.mp4,dataset/raw/normal/001770.mp4,normal,0.956,True,1280,720,10.0,50,5.0,Valid video stream.,TRAIN
normal_001771,001771.mp4,dataset/raw/normal/001771.mp4,normal,1.963,True,1280,720,10.0,50,5.0,Valid video stream.,TRAIN
normal_001772,001772.mp4,dataset/raw/normal/001772.mp4,normal,1.245,True,1280,720,10.0,50,5.0,Valid video stream.,TRAIN
normal_001773,001773.mp4,dataset/raw/normal/001773.mp4,normal,1.147,True,1280,720,10.0,50,5.0,Valid video stream.,VALIDATION
normal_001774,001774.mp4,dataset/raw/normal/001774.mp4,normal,1.205,True,1280,720,10.0,50,5.0,Valid video stream.,TRAIN
normal_001775,001775.mp4,dataset/raw/normal/001775.mp4,normal,0.999,True,1280,720,10.0,50,5.0,Valid video stream.,TRAIN
normal_001776,001776.mp4,dataset/raw/normal/001776.mp4,normal,0.968,True,1280,720,10.0,50,5.0,Valid video stream.,TRAIN
normal_001777,001777.mp4,dataset/raw/normal/001777.mp4,normal,2.971,True,1280,720,10.0,50,5.0,Valid video stream.,TRAIN
normal_001778,001778.mp4,dataset/raw/normal/001778.mp4,normal,2.807,True,1280,720,10.0,50,5.0,Valid video stream.,TRAIN
normal_001779,001779.mp4,dataset/raw/normal/001779.mp4,normal,1.556,True,1280,720,10.0,50,5.0,Valid video stream.,TRAIN
normal_001780,001780.mp4,dataset/raw/normal/001780.mp4,normal,1.478,True,1280,720,10.0,50,5.0,Valid video stream.,TRAIN
normal_001781,001781.mp4,dataset/raw/normal/001781.mp4,normal,2.201,True,1280,720,10.0,50,5.0,Valid video stream.,TRAIN
normal_001782,001782.mp4,dataset/raw/normal/001782.mp4,normal,1.166,True,1280,720,10.0,50,5.0,Valid video stream.,VALIDATION
normal_001783,001783.mp4,dataset/raw/normal/001783.mp4,normal,0.663,True,1280,720,10.0,50,5.0,Valid video stream.,TRAIN
normal_001784,001784.mp4,dataset/raw/normal/001784.mp4,normal,0.718,True,1280,720,10.0,50,5.0,Valid video stream.,TRAIN
normal_001785,001785.mp4,dataset/raw/normal/001785.mp4,normal,0.523,True,1280,720,10.0,50,5.0,Valid video stream.,TEST
normal_001786,001786.mp4,dataset/raw/normal/001786.mp4,normal,1.231,True,1280,720,10.0,50,5.0,Valid video stream.,TRAIN
normal_001787,001787.mp4,dataset/raw/normal/001787.mp4,normal,1.121,True,1280,720,10.0,50,5.0,Valid video stream.,TEST
normal_001788,001788.mp4,dataset/raw/normal/001788.mp4,normal,1.125,True,1280,720,10.0,50,5.0,Valid video stream.,TRAIN
normal_001789,001789.mp4,dataset/raw/normal/001789.mp4,normal,1.123,True,1280,720,10.0,50,5.0,Valid video stream.,TEST
normal_001790,001790.mp4,dataset/raw/normal/001790.mp4,normal,1.097,True,1280,720,10.0,50,5.0,Valid video stream.,VALIDATION
normal_001791,001791.mp4,dataset/raw/normal/001791.mp4,normal,1.247,True,1280,720,10.0,50,5.0,Valid video stream.,TRAIN
normal_001792,001792.mp4,dataset/raw/normal/001792.mp4,normal,3.075,True,1280,720,10.0,50,5.0,Valid video stream.,TEST
normal_001793,001793.mp4,dataset/raw/normal/001793.mp4,normal,2.98,True,1280,720,10.0,50,5.0,Valid video stream.,TEST
normal_001794,001794.mp4,dataset/raw/normal/001794.mp4,normal,1.998,True,1280,720,10.0,50,5.0,Valid video stream.,TEST
normal_001795,001795.mp4,dataset/raw/normal/001795.mp4,normal,0.953,True,1280,720,10.0,50,5.0,Valid video stream.,VALIDATION
normal_001796,001796.mp4,dataset/raw/normal/001796.mp4,normal,2.129,True,1280,720,10.0,50,5.0,Valid video stream.,TRAIN
normal_001797,001797.mp4,dataset/raw/normal/001797.mp4,normal,1.795,True,1280,720,10.0,50,5.0,Valid video stream.,TRAIN
normal_001798,001798.mp4,dataset/raw/normal/001798.mp4,normal,1.047,True,1280,720,10.0,50,5.0,Valid video stream.,TRAIN
normal_001799,001799.mp4,dataset/raw/normal/001799.mp4,normal,1.317,True,1280,720,10.0,50,5.0,Valid video stream.,TRAIN
normal_001800,001800.mp4,dataset/raw/normal/001800.mp4,normal,0.901,True,1280,720,10.0,50,5.0,Valid video stream.,TEST
normal_001801,001801.mp4,dataset/raw/normal/001801.mp4,normal,2.108,True,1280,720,10.0,50,5.0,Valid video stream.,VALIDATION
normal_001802,001802.mp4,dataset/raw/normal/001802.mp4,normal,0.92,True,1280,720,10.0,50,5.0,Valid video stream.,TEST
normal_001803,001803.mp4,dataset/raw/normal/001803.mp4,normal,1.229,True,1280,720,10.0,50,5.0,Valid video stream.,TRAIN
normal_001804,001804.mp4,dataset/raw/normal/001804.mp4,normal,3.325,True,1280,720,10.0,50,5.0,Valid video stream.,TRAIN
normal_001805,001805.mp4,dataset/raw/normal/001805.mp4,normal,3.921,True,1280,720,10.0,50,5.0,Valid video stream.,TEST
normal_001806,001806.mp4,dataset/raw/normal/001806.mp4,normal,3.855,True,1280,720,10.0,50,5.0,Valid video stream.,TRAIN
normal_001807,001807.mp4,dataset/raw/normal/001807.mp4,normal,1.787,True,1280,720,10.0,50,5.0,Valid video stream.,VALIDATION
normal_001808,001808.mp4,dataset/raw/normal/001808.mp4,normal,1.656,True,1280,720,10.0,50,5.0,Valid video stream.,TRAIN
normal_001809,001809.mp4,dataset/raw/normal/001809.mp4,normal,1.585,True,1280,720,10.0,50,5.0,Valid video stream.,TRAIN
normal_001810,001810.mp4,dataset/raw/normal/001810.mp4,normal,1.592,True,1280,720,10.0,50,5.0,Valid video stream.,TRAIN
normal_001811,001811.mp4,dataset/raw/normal/001811.mp4,normal,0.925,True,1280,720,10.0,50,5.0,Valid video stream.,TEST
normal_001812,001812.mp4,dataset/raw/normal/001812.mp4,normal,0.858,True,1280,720,10.0,50,5.0,Valid video stream.,TEST
normal_001813,001813.mp4,dataset/raw/normal/001813.mp4,normal,1.032,True,1280,720,10.0,50,5.0,Valid video stream.,TRAIN
normal_001814,001814.mp4,dataset/raw/normal/001814.mp4,normal,1.957,True,1280,720,10.0,50,5.0,Valid video stream.,TRAIN
normal_001815,001815.mp4,dataset/raw/normal/001815.mp4,normal,0.616,True,1280,720,10.0,50,5.0,Valid video stream.,TEST
normal_001816,001816.mp4,dataset/raw/normal/001816.mp4,normal,1.903,True,1280,720,10.0,50,5.0,Valid video stream.,TRAIN
normal_001817,001817.mp4,dataset/raw/normal/001817.mp4,normal,1.907,True,1280,720,10.0,50,5.0,Valid video stream.,TRAIN
normal_001818,001818.mp4,dataset/raw/normal/001818.mp4,normal,2.64,True,1280,720,10.0,50,5.0,Valid video stream.,TRAIN
normal_001819,001819.mp4,dataset/raw/normal/001819.mp4,normal,0.817,True,1280,720,10.0,50,5.0,Valid video stream.,VALIDATION
normal_001820,001820.mp4,dataset/raw/normal/001820.mp4,normal,1.33,True,1280,720,10.0,50,5.0,Valid video stream.,TEST
normal_001821,001821.mp4,dataset/raw/normal/001821.mp4,normal,1.143,True,1280,720,10.0,50,5.0,Valid video stream.,TRAIN
normal_001822,001822.mp4,dataset/raw/normal/001822.mp4,normal,1.056,True,1280,720,10.0,50,5.0,Valid video stream.,TRAIN
normal_001823,001823.mp4,dataset/raw/normal/001823.mp4,normal,1.012,True,1280,720,10.0,50,5.0,Valid video stream.,TRAIN
normal_001824,001824.mp4,dataset/raw/normal/001824.mp4,normal,1.053,True,1280,720,10.0,50,5.0,Valid video stream.,VALIDATION
normal_001825,001825.mp4,dataset/raw/normal/001825.mp4,normal,1.706,True,1280,720,10.0,50,5.0,Valid video stream.,TRAIN
normal_001826,001826.mp4,dataset/raw/normal/001826.mp4,normal,0.929,True,1280,720,10.0,50,5.0,Valid video stream.,TRAIN
normal_001827,001827.mp4,dataset/raw/normal/001827.mp4,normal,1.319,True,1280,720,10.0,50,5.0,Valid video stream.,VALIDATION
normal_001828,001828.mp4,dataset/raw/normal/001828.mp4,normal,1.698,True,1280,720,10.0,50,5.0,Valid video stream.,VALIDATION
normal_001829,001829.mp4,dataset/raw/normal/001829.mp4,normal,3.041,True,1280,720,10.0,50,5.0,Valid video stream.,TRAIN
normal_001830,001830.mp4,dataset/raw/normal/001830.mp4,normal,1.781,True,1280,720,10.0,50,5.0,Valid video stream.,TRAIN
normal_001831,001831.mp4,dataset/raw/normal/001831.mp4,normal,1.702,True,1280,720,10.0,50,5.0,Valid video stream.,TRAIN
normal_001832,001832.mp4,dataset/raw/normal/001832.mp4,normal,1.318,True,1280,720,10.0,50,5.0,Valid video stream.,VALIDATION
normal_001833,001833.mp4,dataset/raw/normal/001833.mp4,normal,1.688,True,1280,720,10.0,50,5.0,Valid video stream.,TRAIN
normal_001834,001834.mp4,dataset/raw/normal/001834.mp4,normal,1.178,True,1280,720,10.0,50,5.0,Valid video stream.,TRAIN
normal_001835,001835.mp4,dataset/raw/normal/001835.mp4,normal,1.411,True,1280,720,10.0,50,5.0,Valid video stream.,TRAIN
normal_001836,001836.mp4,dataset/raw/normal/001836.mp4,normal,0.76,True,1280,720,10.0,50,5.0,Valid video stream.,TRAIN
normal_001837,001837.mp4,dataset/raw/normal/001837.mp4,normal,2.333,True,1280,720,10.0,50,5.0,Valid video stream.,TRAIN
normal_001838,001838.mp4,dataset/raw/normal/001838.mp4,normal,5.959,True,1280,720,10.0,50,5.0,Valid video stream.,TEST
normal_001839,001839.mp4,dataset/raw/normal/001839.mp4,normal,1.951,True,1280,720,10.0,50,5.0,Valid video stream.,TEST
normal_001840,001840.mp4,dataset/raw/normal/001840.mp4,normal,0.935,True,1280,720,10.0,50,5.0,Valid video stream.,TRAIN
normal_001841,001841.mp4,dataset/raw/normal/001841.mp4,normal,2.003,True,1280,720,10.0,50,5.0,Valid video stream.,TEST
normal_001842,001842.mp4,dataset/raw/normal/001842.mp4,normal,1.72,True,1280,720,10.0,50,5.0,Valid video stream.,VALIDATION
normal_001843,001843.mp4,dataset/raw/normal/001843.mp4,normal,1.614,True,1280,720,10.0,50,5.0,Valid video stream.,TEST
normal_001844,001844.mp4,dataset/raw/normal/001844.mp4,normal,3.543,True,1280,720,10.0,50,5.0,Valid video stream.,VALIDATION
normal_001845,001845.mp4,dataset/raw/normal/001845.mp4,normal,3.189,True,1280,720,10.0,50,5.0,Valid video stream.,VALIDATION
normal_001846,001846.mp4,dataset/raw/normal/001846.mp4,normal,1.715,True,1280,720,10.0,50,5.0,Valid video stream.,TEST
normal_001847,001847.mp4,dataset/raw/normal/001847.mp4,normal,1.981,True,1280,720,10.0,50,5.0,Valid video stream.,TRAIN
normal_001848,001848.mp4,dataset/raw/normal/001848.mp4,normal,1.057,True,1280,720,10.0,50,5.0,Valid video stream.,TEST
normal_001849,001849.mp4,dataset/raw/normal/001849.mp4,normal,4.512,True,1280,720,10.0,50,5.0,Valid video stream.,TRAIN
normal_001850,001850.mp4,dataset/raw/normal/001850.mp4,normal,4.262,True,1280,720,10.0,50,5.0,Valid video stream.,TRAIN
normal_001851,001851.mp4,dataset/raw/normal/001851.mp4,normal,4.473,True,1280,720,10.0,50,5.0,Valid video stream.,TRAIN
normal_001852,001852.mp4,dataset/raw/normal/001852.mp4,normal,2.074,True,1280,720,10.0,50,5.0,Valid video stream.,TEST
normal_001853,001853.mp4,dataset/raw/normal/001853.mp4,normal,2.765,True,1280,720,10.0,50,5.0,Valid video stream.,TRAIN
normal_001854,001854.mp4,dataset/raw/normal/001854.mp4,normal,1.367,True,1280,720,10.0,50,5.0,Valid video stream.,TRAIN
normal_001855,001855.mp4,dataset/raw/normal/001855.mp4,normal,2.42,True,1280,720,10.0,50,5.0,Valid video stream.,TRAIN
normal_001856,001856.mp4,dataset/raw/normal/001856.mp4,normal,1.802,True,1280,720,10.0,50,5.0,Valid video stream.,TRAIN
normal_001857,001857.mp4,dataset/raw/normal/001857.mp4,normal,2.391,True,1280,720,10.0,50,5.0,Valid video stream.,TRAIN
normal_001858,001858.mp4,dataset/raw/normal/001858.mp4,normal,3.006,True,1280,720,10.0,50,5.0,Valid video stream.,VALIDATION
normal_001859,001859.mp4,dataset/raw/normal/001859.mp4,normal,2.72,True,1280,720,10.0,50,5.0,Valid video stream.,TEST
normal_001860,001860.mp4,dataset/raw/normal/001860.mp4,normal,2.804,True,1280,720,10.0,50,5.0,Valid video stream.,TRAIN
normal_001861,001861.mp4,dataset/raw/normal/001861.mp4,normal,0.91,True,1280,720,10.0,50,5.0,Valid video stream.,TRAIN
normal_001862,001862.mp4,dataset/raw/normal/001862.mp4,normal,1.004,True,1280,720,10.0,50,5.0,Valid video stream.,TRAIN
normal_001863,001863.mp4,dataset/raw/normal/001863.mp4,normal,0.973,True,1280,720,10.0,50,5.0,Valid video stream.,TRAIN
normal_001864,001864.mp4,dataset/raw/normal/001864.mp4,normal,1.242,True,1280,720,10.0,50,5.0,Valid video stream.,TRAIN
normal_001865,001865.mp4,dataset/raw/normal/001865.mp4,normal,3.392,True,1280,720,10.0,50,5.0,Valid video stream.,TRAIN
normal_001866,001866.mp4,dataset/raw/normal/001866.mp4,normal,4.666,True,1280,720,10.0,50,5.0,Valid video stream.,TRAIN
normal_001867,001867.mp4,dataset/raw/normal/001867.mp4,normal,2.598,True,1280,720,10.0,50,5.0,Valid video stream.,TRAIN
normal_001868,001868.mp4,dataset/raw/normal/001868.mp4,normal,2.798,True,1280,720,10.0,50,5.0,Valid video stream.,TRAIN
normal_001869,001869.mp4,dataset/raw/normal/001869.mp4,normal,2.387,True,1280,720,10.0,50,5.0,Valid video stream.,TRAIN
normal_001870,001870.mp4,dataset/raw/normal/001870.mp4,normal,3.446,True,1280,720,10.0,50,5.0,Valid video stream.,TRAIN
normal_001871,001871.mp4,dataset/raw/normal/001871.mp4,normal,2.709,True,1280,720,10.0,50,5.0,Valid video stream.,TRAIN
normal_001872,001872.mp4,dataset/raw/normal/001872.mp4,normal,1.336,True,1280,720,10.0,50,5.0,Valid video stream.,VALIDATION
normal_001873,001873.mp4,dataset/raw/normal/001873.mp4,normal,3.052,True,1280,720,10.0,50,5.0,Valid video stream.,TEST
normal_001874,001874.mp4,dataset/raw/normal/001874.mp4,normal,2.748,True,1280,720,10.0,50,5.0,Valid video stream.,TRAIN
normal_001875,001875.mp4,dataset/raw/normal/001875.mp4,normal,2.503,True,1280,720,10.0,50,5.0,Valid video stream.,VALIDATION
normal_001876,001876.mp4,dataset/raw/normal/001876.mp4,normal,1.438,True,1280,720,10.0,50,5.0,Valid video stream.,TRAIN
normal_001877,001877.mp4,dataset/raw/normal/001877.mp4,normal,1.522,True,1280,720,10.0,50,5.0,Valid video stream.,TRAIN
normal_001878,001878.mp4,dataset/raw/normal/001878.mp4,normal,1.468,True,1280,720,10.0,50,5.0,Valid video stream.,TRAIN
normal_001879,001879.mp4,dataset/raw/normal/001879.mp4,normal,1.304,True,1280,720,10.0,50,5.0,Valid video stream.,TRAIN
normal_001880,001880.mp4,dataset/raw/normal/001880.mp4,normal,1.508,True,1280,720,10.0,50,5.0,Valid video stream.,TRAIN
normal_001881,001881.mp4,dataset/raw/normal/001881.mp4,normal,1.757,True,1280,720,10.0,50,5.0,Valid video stream.,TRAIN
normal_001882,001882.mp4,dataset/raw/normal/001882.mp4,normal,1.884,True,1280,720,10.0,50,5.0,Valid video stream.,TRAIN
normal_001883,001883.mp4,dataset/raw/normal/001883.mp4,normal,2.279,True,1280,720,10.0,50,5.0,Valid video stream.,VALIDATION
normal_001884,001884.mp4,dataset/raw/normal/001884.mp4,normal,3.823,True,1280,720,10.0,50,5.0,Valid video stream.,TEST
normal_001885,001885.mp4,dataset/raw/normal/001885.mp4,normal,2.84,True,1280,720,10.0,50,5.0,Valid video stream.,TEST
normal_001886,001886.mp4,dataset/raw/normal/001886.mp4,normal,2.533,True,1280,720,10.0,50,5.0,Valid video stream.,TRAIN
normal_001887,001887.mp4,dataset/raw/normal/001887.mp4,normal,2.405,True,1280,720,10.0,50,5.0,Valid video stream.,TRAIN
normal_001888,001888.mp4,dataset/raw/normal/001888.mp4,normal,3.466,True,1280,720,10.0,50,5.0,Valid video stream.,TRAIN
normal_001889,001889.mp4,dataset/raw/normal/001889.mp4,normal,2.521,True,1280,720,10.0,50,5.0,Valid video stream.,TRAIN
normal_001890,001890.mp4,dataset/raw/normal/001890.mp4,normal,3.123,True,1280,720,10.0,50,5.0,Valid video stream.,TRAIN
normal_001891,001891.mp4,dataset/raw/normal/001891.mp4,normal,0.885,True,1280,720,10.0,50,5.0,Valid video stream.,TRAIN
normal_001892,001892.mp4,dataset/raw/normal/001892.mp4,normal,1.091,True,1280,720,10.0,50,5.0,Valid video stream.,TEST
normal_001893,001893.mp4,dataset/raw/normal/001893.mp4,normal,0.554,True,1280,720,10.0,50,5.0,Valid video stream.,TRAIN
normal_001894,001894.mp4,dataset/raw/normal/001894.mp4,normal,7.626,True,1280,720,10.0,50,5.0,Valid video stream.,TRAIN
normal_001895,001895.mp4,dataset/raw/normal/001895.mp4,normal,4.532,True,1280,720,10.0,50,5.0,Valid video stream.,TRAIN
normal_001896,001896.mp4,dataset/raw/normal/001896.mp4,normal,4.584,True,1280,720,10.0,50,5.0,Valid video stream.,TEST
normal_001897,001897.mp4,dataset/raw/normal/001897.mp4,normal,1.178,True,1280,720,10.0,50,5.0,Valid video stream.,TRAIN
normal_001898,001898.mp4,dataset/raw/normal/001898.mp4,normal,1.196,True,1280,720,10.0,50,5.0,Valid video stream.,TRAIN
normal_001899,001899.mp4,dataset/raw/normal/001899.mp4,normal,0.805,True,1280,720,10.0,50,5.0,Valid video stream.,TRAIN
normal_001900,001900.mp4,dataset/raw/normal/001900.mp4,normal,1.527,True,1280,720,10.0,50,5.0,Valid video stream.,TRAIN
normal_001901,001901.mp4,dataset/raw/normal/001901.mp4,normal,1.41,True,1280,720,10.0,50,5.0,Valid video stream.,TEST
normal_001902,001902.mp4,dataset/raw/normal/001902.mp4,normal,1.516,True,1280,720,10.0,50,5.0,Valid video stream.,TRAIN
normal_001903,001903.mp4,dataset/raw/normal/001903.mp4,normal,0.883,True,1280,720,10.0,50,5.0,Valid video stream.,VALIDATION
normal_001904,001904.mp4,dataset/raw/normal/001904.mp4,normal,0.971,True,1280,720,10.0,50,5.0,Valid video stream.,VALIDATION
normal_001905,001905.mp4,dataset/raw/normal/001905.mp4,normal,1.031,True,1280,720,10.0,50,5.0,Valid video stream.,TRAIN
normal_001906,001906.mp4,dataset/raw/normal/001906.mp4,normal,0.703,True,1280,720,10.0,50,5.0,Valid video stream.,TRAIN
normal_001907,001907.mp4,dataset/raw/normal/001907.mp4,normal,1.139,True,1280,720,10.0,50,5.0,Valid video stream.,TRAIN
normal_001908,001908.mp4,dataset/raw/normal/001908.mp4,normal,0.718,True,1280,720,10.0,50,5.0,Valid video stream.,TRAIN
normal_001909,001909.mp4,dataset/raw/normal/001909.mp4,normal,0.762,True,1280,720,10.0,50,5.0,Valid video stream.,VALIDATION
normal_001910,001910.mp4,dataset/raw/normal/001910.mp4,normal,0.752,True,1280,720,10.0,50,5.0,Valid video stream.,TRAIN
normal_001911,001911.mp4,dataset/raw/normal/001911.mp4,normal,0.771,True,1280,720,10.0,50,5.0,Valid video stream.,VALIDATION
normal_001912,001912.mp4,dataset/raw/normal/001912.mp4,normal,1.701,True,1280,720,10.0,50,5.0,Valid video stream.,TRAIN
normal_001913,001913.mp4,dataset/raw/normal/001913.mp4,normal,3.313,True,1280,720,10.0,50,5.0,Valid video stream.,VALIDATION
normal_001914,001914.mp4,dataset/raw/normal/001914.mp4,normal,3.66,True,1280,720,10.0,50,5.0,Valid video stream.,TRAIN
normal_001915,001915.mp4,dataset/raw/normal/001915.mp4,normal,1.322,True,1280,720,10.0,50,5.0,Valid video stream.,VALIDATION
normal_001916,001916.mp4,dataset/raw/normal/001916.mp4,normal,1.381,True,1280,720,10.0,50,5.0,Valid video stream.,TRAIN
normal_001917,001917.mp4,dataset/raw/normal/001917.mp4,normal,1.23,True,1280,720,10.0,50,5.0,Valid video stream.,TRAIN
normal_001918,001918.mp4,dataset/raw/normal/001918.mp4,normal,1.763,True,1280,720,10.0,50,5.0,Valid video stream.,TRAIN
normal_001919,001919.mp4,dataset/raw/normal/001919.mp4,normal,3.68,True,1280,720,10.0,50,5.0,Valid video stream.,TRAIN
normal_001920,001920.mp4,dataset/raw/normal/001920.mp4,normal,2.535,True,1280,720,10.0,50,5.0,Valid video stream.,TRAIN
normal_001921,001921.mp4,dataset/raw/normal/001921.mp4,normal,4.322,True,1280,720,10.0,50,5.0,Valid video stream.,TEST
normal_001922,001922.mp4,dataset/raw/normal/001922.mp4,normal,3.877,True,1280,720,10.0,50,5.0,Valid video stream.,TEST
normal_001923,001923.mp4,dataset/raw/normal/001923.mp4,normal,1.249,True,1280,720,10.0,50,5.0,Valid video stream.,TRAIN
normal_001924,001924.mp4,dataset/raw/normal/001924.mp4,normal,0.718,True,1280,720,10.0,50,5.0,Valid video stream.,TRAIN
normal_001925,001925.mp4,dataset/raw/normal/001925.mp4,normal,0.73,True,1280,720,10.0,50,5.0,Valid video stream.,TRAIN
normal_001926,001926.mp4,dataset/raw/normal/001926.mp4,normal,0.774,True,1280,720,10.0,50,5.0,Valid video stream.,VALIDATION
normal_001927,001927.mp4,dataset/raw/normal/001927.mp4,normal,0.795,True,1280,720,10.0,50,5.0,Valid video stream.,TRAIN
normal_001928,001928.mp4,dataset/raw/normal/001928.mp4,normal,1.109,True,1280,720,10.0,50,5.0,Valid video stream.,VALIDATION
normal_001929,001929.mp4,dataset/raw/normal/001929.mp4,normal,1.703,True,1280,720,10.0,50,5.0,Valid video stream.,TRAIN
normal_001930,001930.mp4,dataset/raw/normal/001930.mp4,normal,3.64,True,1280,720,10.0,50,5.0,Valid video stream.,TRAIN
normal_001931,001931.mp4,dataset/raw/normal/001931.mp4,normal,4.969,True,1280,720,10.0,50,5.0,Valid video stream.,TRAIN
normal_001932,001932.mp4,dataset/raw/normal/001932.mp4,normal,5.536,True,1280,720,10.0,50,5.0,Valid video stream.,VALIDATION
normal_001933,001933.mp4,dataset/raw/normal/001933.mp4,normal,1.755,True,1280,720,10.0,50,5.0,Valid video stream.,TRAIN
normal_001934,001934.mp4,dataset/raw/normal/001934.mp4,normal,2.415,True,1280,720,10.0,50,5.0,Valid video stream.,TRAIN
normal_001935,001935.mp4,dataset/raw/normal/001935.mp4,normal,2.598,True,1280,720,10.0,50,5.0,Valid video stream.,VALIDATION
normal_001936,001936.mp4,dataset/raw/normal/001936.mp4,normal,3.731,True,1280,720,10.0,50,5.0,Valid video stream.,TEST
normal_001937,001937.mp4,dataset/raw/normal/001937.mp4,normal,4.436,True,1280,720,10.0,50,5.0,Valid video stream.,TRAIN
normal_001938,001938.mp4,dataset/raw/normal/001938.mp4,normal,2.775,True,1280,720,10.0,50,5.0,Valid video stream.,TRAIN
normal_001939,001939.mp4,dataset/raw/normal/001939.mp4,normal,1.761,True,1280,720,10.0,50,5.0,Valid video stream.,TRAIN
normal_001940,001940.mp4,dataset/raw/normal/001940.mp4,normal,1.861,True,1280,720,10.0,50,5.0,Valid video stream.,VALIDATION
normal_001941,001941.mp4,dataset/raw/normal/001941.mp4,normal,1.322,True,1280,720,10.0,50,5.0,Valid video stream.,VALIDATION
normal_001942,001942.mp4,dataset/raw/normal/001942.mp4,normal,1.157,True,1280,720,10.0,50,5.0,Valid video stream.,TRAIN
normal_001943,001943.mp4,dataset/raw/normal/001943.mp4,normal,1.539,True,1280,720,10.0,50,5.0,Valid video stream.,TRAIN
normal_001944,001944.mp4,dataset/raw/normal/001944.mp4,normal,1.384,True,1280,720,10.0,50,5.0,Valid video stream.,VALIDATION
normal_001945,001945.mp4,dataset/raw/normal/001945.mp4,normal,2.129,True,1280,720,10.0,50,5.0,Valid video stream.,TRAIN
normal_001946,001946.mp4,dataset/raw/normal/001946.mp4,normal,2.242,True,1280,720,10.0,50,5.0,Valid video stream.,VALIDATION
normal_001947,001947.mp4,dataset/raw/normal/001947.mp4,normal,2.335,True,1280,720,10.0,50,5.0,Valid video stream.,TRAIN
normal_001948,001948.mp4,dataset/raw/normal/001948.mp4,normal,1.829,True,1280,720,10.0,50,5.0,Valid video stream.,TRAIN
normal_001949,001949.mp4,dataset/raw/normal/001949.mp4,normal,1.729,True,1280,720,10.0,50,5.0,Valid video stream.,TEST
normal_001950,001950.mp4,dataset/raw/normal/001950.mp4,normal,1.506,True,1280,720,10.0,50,5.0,Valid video stream.,TRAIN
normal_001951,001951.mp4,dataset/raw/normal/001951.mp4,normal,1.264,True,1280,720,10.0,50,5.0,Valid video stream.,TRAIN
normal_001952,001952.mp4,dataset/raw/normal/001952.mp4,normal,1.695,True,1280,720,10.0,50,5.0,Valid video stream.,TRAIN
normal_001953,001953.mp4,dataset/raw/normal/001953.mp4,normal,1.195,True,1280,720,10.0,50,5.0,Valid video stream.,TRAIN
normal_001954,001954.mp4,dataset/raw/normal/001954.mp4,normal,1.294,True,1280,720,10.0,50,5.0,Valid video stream.,TRAIN
normal_001955,001955.mp4,dataset/raw/normal/001955.mp4,normal,1.224,True,1280,720,10.0,50,5.0,Valid video stream.,TRAIN
normal_001956,001956.mp4,dataset/raw/normal/001956.mp4,normal,1.33,True,1280,720,10.0,50,5.0,Valid video stream.,VALIDATION
normal_001957,001957.mp4,dataset/raw/normal/001957.mp4,normal,1.328,True,1280,720,10.0,50,5.0,Valid video stream.,TRAIN
normal_001958,001958.mp4,dataset/raw/normal/001958.mp4,normal,1.403,True,1280,720,10.0,50,5.0,Valid video stream.,TRAIN
normal_001959,001959.mp4,dataset/raw/normal/001959.mp4,normal,0.958,True,1280,720,10.0,50,5.0,Valid video stream.,TRAIN
normal_001960,001960.mp4,dataset/raw/normal/001960.mp4,normal,1.884,True,1280,720,10.0,50,5.0,Valid video stream.,VALIDATION
normal_001961,001961.mp4,dataset/raw/normal/001961.mp4,normal,1.943,True,1280,720,10.0,50,5.0,Valid video stream.,VALIDATION
normal_001962,001962.mp4,dataset/raw/normal/001962.mp4,normal,1.474,True,1280,720,10.0,50,5.0,Valid video stream.,TRAIN
normal_001963,001963.mp4,dataset/raw/normal/001963.mp4,normal,4.047,True,1280,720,10.0,50,5.0,Valid video stream.,VALIDATION
normal_001964,001964.mp4,dataset/raw/normal/001964.mp4,normal,2.981,True,1280,720,10.0,50,5.0,Valid video stream.,TRAIN
normal_001965,001965.mp4,dataset/raw/normal/001965.mp4,normal,4.859,True,1280,720,10.0,50,5.0,Valid video stream.,TRAIN
normal_001966,001966.mp4,dataset/raw/normal/001966.mp4,normal,1.782,True,1280,720,10.0,50,5.0,Valid video stream.,VALIDATION
normal_001967,001967.mp4,dataset/raw/normal/001967.mp4,normal,3.711,True,1280,720,10.0,50,5.0,Valid video stream.,TRAIN
normal_001968,001968.mp4,dataset/raw/normal/001968.mp4,normal,3.561,True,1280,720,10.0,50,5.0,Valid video stream.,VALIDATION
normal_001969,001969.mp4,dataset/raw/normal/001969.mp4,normal,1.855,True,1280,720,10.0,50,5.0,Valid video stream.,TEST
normal_001970,001970.mp4,dataset/raw/normal/001970.mp4,normal,2.948,True,1280,720,10.0,50,5.0,Valid video stream.,TRAIN
normal_001971,001971.mp4,dataset/raw/normal/001971.mp4,normal,2.028,True,1280,720,10.0,50,5.0,Valid video stream.,TRAIN
normal_001972,001972.mp4,dataset/raw/normal/001972.mp4,normal,3.564,True,1280,720,10.0,50,5.0,Valid video stream.,TRAIN
normal_001973,001973.mp4,dataset/raw/normal/001973.mp4,normal,3.868,True,1280,720,10.0,50,5.0,Valid video stream.,TRAIN
normal_001974,001974.mp4,dataset/raw/normal/001974.mp4,normal,3.574,True,1280,720,10.0,50,5.0,Valid video stream.,TRAIN
normal_001975,001975.mp4,dataset/raw/normal/001975.mp4,normal,1.079,True,1280,720,10.0,50,5.0,Valid video stream.,TRAIN
normal_001976,001976.mp4,dataset/raw/normal/001976.mp4,normal,1.763,True,1280,720,10.0,50,5.0,Valid video stream.,TEST
normal_001977,001977.mp4,dataset/raw/normal/001977.mp4,normal,0.67,True,1280,720,10.0,50,5.0,Valid video stream.,TRAIN
normal_001978,001978.mp4,dataset/raw/normal/001978.mp4,normal,0.707,True,1280,720,10.0,50,5.0,Valid video stream.,TRAIN
normal_001979,001979.mp4,dataset/raw/normal/001979.mp4,normal,0.889,True,1280,720,10.0,50,5.0,Valid video stream.,VALIDATION
normal_001980,001980.mp4,dataset/raw/normal/001980.mp4,normal,0.735,True,1280,720,10.0,50,5.0,Valid video stream.,TRAIN
normal_001981,001981.mp4,dataset/raw/normal/001981.mp4,normal,1.799,True,1280,720,10.0,50,5.0,Valid video stream.,TRAIN
normal_001982,001982.mp4,dataset/raw/normal/001982.mp4,normal,1.602,True,1280,720,10.0,50,5.0,Valid video stream.,TRAIN
normal_001983,001983.mp4,dataset/raw/normal/001983.mp4,normal,1.232,True,1280,720,10.0,50,5.0,Valid video stream.,TRAIN
normal_001984,001984.mp4,dataset/raw/normal/001984.mp4,normal,0.575,True,1280,720,10.0,50,5.0,Valid video stream.,VALIDATION
normal_001985,001985.mp4,dataset/raw/normal/001985.mp4,normal,0.512,True,1280,720,10.0,50,5.0,Valid video stream.,TRAIN
normal_001986,001986.mp4,dataset/raw/normal/001986.mp4,normal,0.484,True,1280,720,10.0,50,5.0,Valid video stream.,TRAIN
normal_001987,001987.mp4,dataset/raw/normal/001987.mp4,normal,1.295,True,1280,720,10.0,50,5.0,Valid video stream.,TRAIN
normal_001988,001988.mp4,dataset/raw/normal/001988.mp4,normal,1.62,True,1280,720,10.0,50,5.0,Valid video stream.,TRAIN
normal_001989,001989.mp4,dataset/raw/normal/001989.mp4,normal,0.931,True,1280,720,10.0,50,5.0,Valid video stream.,TRAIN
normal_001990,001990.mp4,dataset/raw/normal/001990.mp4,normal,2.924,True,1280,720,10.0,50,5.0,Valid video stream.,TEST
normal_001991,001991.mp4,dataset/raw/normal/001991.mp4,normal,3.824,True,1280,720,10.0,50,5.0,Valid video stream.,TRAIN
normal_001992,001992.mp4,dataset/raw/normal/001992.mp4,normal,3.422,True,1280,720,10.0,50,5.0,Valid video stream.,TEST
normal_001993,001993.mp4,dataset/raw/normal/001993.mp4,normal,1.186,True,1280,720,10.0,50,5.0,Valid video stream.,TRAIN
normal_001994,001994.mp4,dataset/raw/normal/001994.mp4,normal,0.948,True,1280,720,10.0,50,5.0,Valid video stream.,TEST
normal_001995,001995.mp4,dataset/raw/normal/001995.mp4,normal,0.871,True,1280,720,10.0,50,5.0,Valid video stream.,TRAIN
normal_001996,001996.mp4,dataset/raw/normal/001996.mp4,normal,1.667,True,1280,720,10.0,50,5.0,Valid video stream.,TRAIN
normal_001997,001997.mp4,dataset/raw/normal/001997.mp4,normal,1.548,True,1280,720,10.0,50,5.0,Valid video stream.,TRAIN
normal_001998,001998.mp4,dataset/raw/normal/001998.mp4,normal,1.45,True,1280,720,10.0,50,5.0,Valid video stream.,TRAIN
normal_001999,001999.mp4,dataset/raw/normal/001999.mp4,normal,1.507,True,1280,720,10.0,50,5.0,Valid video stream.,TRAIN
normal_002000,002000.mp4,dataset/raw/normal/002000.mp4,normal,3.845,True,1280,720,10.0,50,5.0,Valid video stream.,TRAIN
normal_002001,002001.mp4,dataset/raw/normal/002001.mp4,normal,0.791,True,1280,720,10.0,50,5.0,Valid video stream.,TRAIN
normal_002002,002002.mp4,dataset/raw/normal/002002.mp4,normal,2.288,True,1280,720,10.0,50,5.0,Valid video stream.,TRAIN
normal_002003,002003.mp4,dataset/raw/normal/002003.mp4,normal,2.443,True,1280,720,10.0,50,5.0,Valid video stream.,VALIDATION
normal_002004,002004.mp4,dataset/raw/normal/002004.mp4,normal,1.399,True,1280,720,10.0,50,5.0,Valid video stream.,TRAIN
normal_002005,002005.mp4,dataset/raw/normal/002005.mp4,normal,1.172,True,1280,720,10.0,50,5.0,Valid video stream.,TRAIN
normal_002006,002006.mp4,dataset/raw/normal/002006.mp4,normal,1.404,True,1280,720,10.0,50,5.0,Valid video stream.,TRAIN
normal_002007,002007.mp4,dataset/raw/normal/002007.mp4,normal,1.122,True,1280,720,10.0,50,5.0,Valid video stream.,VALIDATION
normal_002008,002008.mp4,dataset/raw/normal/002008.mp4,normal,1.458,True,1280,720,10.0,50,5.0,Valid video stream.,TRAIN
normal_002009,002009.mp4,dataset/raw/normal/002009.mp4,normal,0.816,True,1280,720,10.0,50,5.0,Valid video stream.,TRAIN
normal_002010,002010.mp4,dataset/raw/normal/002010.mp4,normal,0.663,True,1280,720,10.0,50,5.0,Valid video stream.,TRAIN
normal_002011,002011.mp4,dataset/raw/normal/002011.mp4,normal,0.362,True,1280,720,10.0,50,5.0,Valid video stream.,TRAIN
normal_002012,002012.mp4,dataset/raw/normal/002012.mp4,normal,0.691,True,1280,720,10.0,50,5.0,Valid video stream.,VALIDATION
normal_002013,002013.mp4,dataset/raw/normal/002013.mp4,normal,0.596,True,1280,720,10.0,50,5.0,Valid video stream.,TRAIN
normal_002014,002014.mp4,dataset/raw/normal/002014.mp4,normal,3.802,True,1280,720,10.0,50,5.0,Valid video stream.,TRAIN
normal_002015,002015.mp4,dataset/raw/normal/002015.mp4,normal,5.448,True,1280,720,10.0,50,5.0,Valid video stream.,TRAIN
normal_002016,002016.mp4,dataset/raw/normal/002016.mp4,normal,2.659,True,1280,720,10.0,50,5.0,Valid video stream.,TRAIN
normal_002017,002017.mp4,dataset/raw/normal/002017.mp4,normal,2.866,True,1280,720,10.0,50,5.0,Valid video stream.,TRAIN
normal_002018,002018.mp4,dataset/raw/normal/002018.mp4,normal,3.965,True,1280,720,10.0,50,5.0,Valid video stream.,TRAIN
normal_002019,002019.mp4,dataset/raw/normal/002019.mp4,normal,2.258,True,1280,720,10.0,50,5.0,Valid video stream.,TRAIN
normal_002020,002020.mp4,dataset/raw/normal/002020.mp4,normal,2.412,True,1280,720,10.0,50,5.0,Valid video stream.,TRAIN
normal_002021,002021.mp4,dataset/raw/normal/002021.mp4,normal,3.106,True,1280,720,10.0,50,5.0,Valid video stream.,TRAIN
normal_002022,002022.mp4,dataset/raw/normal/002022.mp4,normal,1.748,True,1280,720,10.0,50,5.0,Valid video stream.,TRAIN
normal_002023,002023.mp4,dataset/raw/normal/002023.mp4,normal,1.997,True,1280,720,10.0,50,5.0,Valid video stream.,TRAIN
normal_002024,002024.mp4,dataset/raw/normal/002024.mp4,normal,1.99,True,1280,720,10.0,50,5.0,Valid video stream.,TEST
normal_002025,002025.mp4,dataset/raw/normal/002025.mp4,normal,1.313,True,1280,720,10.0,50,5.0,Valid video stream.,TRAIN
normal_002026,002026.mp4,dataset/raw/normal/002026.mp4,normal,2.114,True,1280,720,10.0,50,5.0,Valid video stream.,TRAIN
normal_002027,002027.mp4,dataset/raw/normal/002027.mp4,normal,2.028,True,1280,720,10.0,50,5.0,Valid video stream.,TRAIN
normal_002028,002028.mp4,dataset/raw/normal/002028.mp4,normal,3.005,True,1280,720,10.0,50,5.0,Valid video stream.,VALIDATION
normal_002029,002029.mp4,dataset/raw/normal/002029.mp4,normal,0.868,True,1280,720,10.0,50,5.0,Valid video stream.,TRAIN
normal_002030,002030.mp4,dataset/raw/normal/002030.mp4,normal,1.041,True,1280,720,10.0,50,5.0,Valid video stream.,TRAIN
normal_002031,002031.mp4,dataset/raw/normal/002031.mp4,normal,0.882,True,1280,720,10.0,50,5.0,Valid video stream.,TRAIN
normal_002032,002032.mp4,dataset/raw/normal/002032.mp4,normal,2.855,True,1280,720,10.0,50,5.0,Valid video stream.,TRAIN
normal_002033,002033.mp4,dataset/raw/normal/002033.mp4,normal,2.194,True,1280,720,10.0,50,5.0,Valid video stream.,VALIDATION
normal_002034,002034.mp4,dataset/raw/normal/002034.mp4,normal,2.634,True,1280,720,10.0,50,5.0,Valid video stream.,TRAIN
normal_002035,002035.mp4,dataset/raw/normal/002035.mp4,normal,1.356,True,1280,720,10.0,50,5.0,Valid video stream.,TRAIN
normal_002036,002036.mp4,dataset/raw/normal/002036.mp4,normal,1.156,True,1280,720,10.0,50,5.0,Valid video stream.,TRAIN
normal_002037,002037.mp4,dataset/raw/normal/002037.mp4,normal,1.774,True,1280,720,10.0,50,5.0,Valid video stream.,TRAIN
normal_002038,002038.mp4,dataset/raw/normal/002038.mp4,normal,0.571,True,1280,720,10.0,50,5.0,Valid video stream.,TEST
normal_002039,002039.mp4,dataset/raw/normal/002039.mp4,normal,0.605,True,1280,720,10.0,50,5.0,Valid video stream.,TRAIN
normal_002040,002040.mp4,dataset/raw/normal/002040.mp4,normal,0.661,True,1280,720,10.0,50,5.0,Valid video stream.,VALIDATION
normal_002041,002041.mp4,dataset/raw/normal/002041.mp4,normal,0.695,True,1280,720,10.0,50,5.0,Valid video stream.,VALIDATION
normal_002042,002042.mp4,dataset/raw/normal/002042.mp4,normal,0.748,True,1280,720,10.0,50,5.0,Valid video stream.,TRAIN
normal_002043,002043.mp4,dataset/raw/normal/002043.mp4,normal,0.798,True,1280,720,10.0,50,5.0,Valid video stream.,VALIDATION
normal_002044,002044.mp4,dataset/raw/normal/002044.mp4,normal,2.167,True,1280,720,10.0,50,5.0,Valid video stream.,TRAIN
normal_002045,002045.mp4,dataset/raw/normal/002045.mp4,normal,2.036,True,1280,720,10.0,50,5.0,Valid video stream.,VALIDATION
normal_002046,002046.mp4,dataset/raw/normal/002046.mp4,normal,2.077,True,1280,720,10.0,50,5.0,Valid video stream.,TRAIN
normal_002047,002047.mp4,dataset/raw/normal/002047.mp4,normal,2.192,True,1280,720,10.0,50,5.0,Valid video stream.,TRAIN
normal_002048,002048.mp4,dataset/raw/normal/002048.mp4,normal,1.74,True,1280,720,10.0,50,5.0,Valid video stream.,TEST
normal_002049,002049.mp4,dataset/raw/normal/002049.mp4,normal,2.169,True,1280,720,10.0,50,5.0,Valid video stream.,VALIDATION
normal_002050,002050.mp4,dataset/raw/normal/002050.mp4,normal,1.526,True,1280,720,10.0,50,5.0,Valid video stream.,TEST
normal_002051,002051.mp4,dataset/raw/normal/002051.mp4,normal,1.591,True,1280,720,10.0,50,5.0,Valid video stream.,TRAIN
normal_002052,002052.mp4,dataset/raw/normal/002052.mp4,normal,1.718,True,1280,720,10.0,50,5.0,Valid video stream.,TRAIN
normal_002053,002053.mp4,dataset/raw/normal/002053.mp4,normal,1.15,True,1280,720,10.0,50,5.0,Valid video stream.,TRAIN
normal_002054,002054.mp4,dataset/raw/normal/002054.mp4,normal,0.823,True,1280,720,10.0,50,5.0,Valid video stream.,TEST
normal_002055,002055.mp4,dataset/raw/normal/002055.mp4,normal,1.104,True,1280,720,10.0,50,5.0,Valid video stream.,TRAIN
normal_002056,002056.mp4,dataset/raw/normal/002056.mp4,normal,2.935,True,1280,720,10.0,50,5.0,Valid video stream.,VALIDATION
normal_002057,002057.mp4,dataset/raw/normal/002057.mp4,normal,3.076,True,1280,720,10.0,50,5.0,Valid video stream.,TEST
normal_002058,002058.mp4,dataset/raw/normal/002058.mp4,normal,2.804,True,1280,720,10.0,49,4.9,Valid video stream.,TRAIN
normal_002059,002059.mp4,dataset/raw/normal/002059.mp4,normal,3.898,True,1280,720,10.0,50,5.0,Valid video stream.,VALIDATION
normal_002060,002060.mp4,dataset/raw/normal/002060.mp4,normal,4.181,True,1280,720,10.0,50,5.0,Valid video stream.,TEST
normal_002061,002061.mp4,dataset/raw/normal/002061.mp4,normal,3.941,True,1280,720,10.0,50,5.0,Valid video stream.,TRAIN
normal_002062,002062.mp4,dataset/raw/normal/002062.mp4,normal,1.3,True,1280,720,10.0,50,5.0,Valid video stream.,TRAIN
normal_002063,002063.mp4,dataset/raw/normal/002063.mp4,normal,1.318,True,1280,720,10.0,50,5.0,Valid video stream.,TRAIN
normal_002064,002064.mp4,dataset/raw/normal/002064.mp4,normal,1.213,True,1280,720,10.0,50,5.0,Valid video stream.,TRAIN
normal_002065,002065.mp4,dataset/raw/normal/002065.mp4,normal,1.351,True,1280,720,10.0,50,5.0,Valid video stream.,TRAIN
normal_002066,002066.mp4,dataset/raw/normal/002066.mp4,normal,1.292,True,1280,720,10.0,50,5.0,Valid video stream.,VALIDATION
normal_002067,002067.mp4,dataset/raw/normal/002067.mp4,normal,0.928,True,1280,720,10.0,50,5.0,Valid video stream.,TEST
normal_002068,002068.mp4,dataset/raw/normal/002068.mp4,normal,1.486,True,1280,720,10.0,50,5.0,Valid video stream.,TRAIN
normal_002069,002069.mp4,dataset/raw/normal/002069.mp4,normal,1.718,True,1280,720,10.0,50,5.0,Valid video stream.,TRAIN
normal_002070,002070.mp4,dataset/raw/normal/002070.mp4,normal,0.876,True,1280,720,10.0,50,5.0,Valid video stream.,TRAIN
normal_002071,002071.mp4,dataset/raw/normal/002071.mp4,normal,1.402,True,1280,720,10.0,50,5.0,Valid video stream.,VALIDATION
normal_002072,002072.mp4,dataset/raw/normal/002072.mp4,normal,1.216,True,1280,720,10.0,50,5.0,Valid video stream.,TRAIN
normal_002073,002073.mp4,dataset/raw/normal/002073.mp4,normal,1.17,True,1280,720,10.0,50,5.0,Valid video stream.,TRAIN
normal_002074,002074.mp4,dataset/raw/normal/002074.mp4,normal,4.654,True,1280,720,10.0,50,5.0,Valid video stream.,TRAIN
normal_002075,002075.mp4,dataset/raw/normal/002075.mp4,normal,4.431,True,1280,720,10.0,50,5.0,Valid video stream.,TRAIN
normal_002076,002076.mp4,dataset/raw/normal/002076.mp4,normal,2.383,True,1280,720,10.0,50,5.0,Valid video stream.,TRAIN
normal_002077,002077.mp4,dataset/raw/normal/002077.mp4,normal,0.92,True,1280,720,10.0,50,5.0,Valid video stream.,TEST
normal_002078,002078.mp4,dataset/raw/normal/002078.mp4,normal,1.335,True,1280,720,10.0,50,5.0,Valid video stream.,VALIDATION
normal_002079,002079.mp4,dataset/raw/normal/002079.mp4,normal,0.719,True,1280,720,10.0,50,5.0,Valid video stream.,TEST
normal_002080,002080.mp4,dataset/raw/normal/002080.mp4,normal,0.941,True,1280,720,10.0,50,5.0,Valid video stream.,TEST
normal_002081,002081.mp4,dataset/raw/normal/002081.mp4,normal,0.579,True,1280,720,10.0,50,5.0,Valid video stream.,TRAIN
normal_002082,002082.mp4,dataset/raw/normal/002082.mp4,normal,0.49,True,1280,720,10.0,50,5.0,Valid video stream.,TRAIN
normal_002083,002083.mp4,dataset/raw/normal/002083.mp4,normal,1.052,True,1280,720,10.0,50,5.0,Valid video stream.,TEST
normal_002084,002084.mp4,dataset/raw/normal/002084.mp4,normal,2.279,True,1280,720,10.0,50,5.0,Valid video stream.,VALIDATION
normal_002085,002085.mp4,dataset/raw/normal/002085.mp4,normal,1.706,True,1280,720,10.0,50,5.0,Valid video stream.,TRAIN
normal_002086,002086.mp4,dataset/raw/normal/002086.mp4,normal,4.379,True,1280,720,10.0,50,5.0,Valid video stream.,VALIDATION
normal_002087,002087.mp4,dataset/raw/normal/002087.mp4,normal,3.644,True,1280,720,10.0,50,5.0,Valid video stream.,TRAIN
normal_002088,002088.mp4,dataset/raw/normal/002088.mp4,normal,6.11,True,1280,720,10.0,50,5.0,Valid video stream.,VALIDATION
normal_002089,002089.mp4,dataset/raw/normal/002089.mp4,normal,5.0,True,1280,720,10.0,50,5.0,Valid video stream.,TEST
normal_002090,002090.mp4,dataset/raw/normal/002090.mp4,normal,6.477,True,1280,720,10.0,50,5.0,Valid video stream.,TRAIN
normal_002091,002091.mp4,dataset/raw/normal/002091.mp4,normal,3.051,True,1280,720,10.0,50,5.0,Valid video stream.,TEST
normal_002092,002092.mp4,dataset/raw/normal/002092.mp4,normal,0.777,True,1280,720,10.0,50,5.0,Valid video stream.,TRAIN
normal_002093,002093.mp4,dataset/raw/normal/002093.mp4,normal,1.5,True,1280,720,10.0,50,5.0,Valid video stream.,TRAIN
normal_002094,002094.mp4,dataset/raw/normal/002094.mp4,normal,1.269,True,1280,720,10.0,50,5.0,Valid video stream.,TRAIN
normal_002095,002095.mp4,dataset/raw/normal/002095.mp4,normal,1.318,True,1280,720,10.0,50,5.0,Valid video stream.,TRAIN
normal_002096,002096.mp4,dataset/raw/normal/002096.mp4,normal,1.328,True,1280,720,10.0,50,5.0,Valid video stream.,TRAIN
normal_002097,002097.mp4,dataset/raw/normal/002097.mp4,normal,1.294,True,1280,720,10.0,50,5.0,Valid video stream.,TRAIN
normal_002098,002098.mp4,dataset/raw/normal/002098.mp4,normal,1.381,True,1280,720,10.0,50,5.0,Valid video stream.,TRAIN
normal_002099,002099.mp4,dataset/raw/normal/002099.mp4,normal,1.405,True,1280,720,10.0,50,5.0,Valid video stream.,TEST
normal_002100,002100.mp4,dataset/raw/normal/002100.mp4,normal,0.816,True,1280,720,10.0,50,5.0,Valid video stream.,TRAIN
normal_002101,002101.mp4,dataset/raw/normal/002101.mp4,normal,2.28,True,1280,720,10.0,50,5.0,Valid video stream.,TRAIN
normal_002102,002102.mp4,dataset/raw/normal/002102.mp4,normal,2.677,True,1280,720,10.0,50,5.0,Valid video stream.,VALIDATION
normal_002103,002103.mp4,dataset/raw/normal/002103.mp4,normal,2.694,True,1280,720,10.0,50,5.0,Valid video stream.,TEST
normal_002104,002104.mp4,dataset/raw/normal/002104.mp4,normal,4.43,True,1280,720,10.0,50,5.0,Valid video stream.,TRAIN
normal_002105,002105.mp4,dataset/raw/normal/002105.mp4,normal,2.016,True,1280,720,10.0,50,5.0,Valid video stream.,TRAIN
normal_002106,002106.mp4,dataset/raw/normal/002106.mp4,normal,1.972,True,1280,720,10.0,50,5.0,Valid video stream.,TRAIN
normal_002107,002107.mp4,dataset/raw/normal/002107.mp4,normal,1.302,True,1280,720,10.0,50,5.0,Valid video stream.,TRAIN
normal_002108,002108.mp4,dataset/raw/normal/002108.mp4,normal,1.896,True,1280,720,10.0,50,5.0,Valid video stream.,TRAIN
normal_002109,002109.mp4,dataset/raw/normal/002109.mp4,normal,1.257,True,1280,720,10.0,50,5.0,Valid video stream.,VALIDATION
normal_002110,002110.mp4,dataset/raw/normal/002110.mp4,normal,1.09,True,1280,720,10.0,50,5.0,Valid video stream.,VALIDATION
normal_002111,002111.mp4,dataset/raw/normal/002111.mp4,normal,2.267,True,1280,720,10.0,50,5.0,Valid video stream.,TEST
normal_002112,002112.mp4,dataset/raw/normal/002112.mp4,normal,3.297,True,1280,720,10.0,50,5.0,Valid video stream.,VALIDATION
normal_002113,002113.mp4,dataset/raw/normal/002113.mp4,normal,5.024,True,1280,720,10.0,50,5.0,Valid video stream.,TRAIN
normal_002114,002114.mp4,dataset/raw/normal/002114.mp4,normal,4.519,True,1280,720,10.0,50,5.0,Valid video stream.,TEST
normal_002115,002115.mp4,dataset/raw/normal/002115.mp4,normal,2.592,True,1280,720,10.0,50,5.0,Valid video stream.,TRAIN
normal_002116,002116.mp4,dataset/raw/normal/002116.mp4,normal,2.414,True,1280,720,10.0,50,5.0,Valid video stream.,TRAIN
normal_002117,002117.mp4,dataset/raw/normal/002117.mp4,normal,2.275,True,1280,720,10.0,50,5.0,Valid video stream.,TRAIN
normal_002118,002118.mp4,dataset/raw/normal/002118.mp4,normal,1.379,True,1280,720,10.0,50,5.0,Valid video stream.,TRAIN
normal_002119,002119.mp4,dataset/raw/normal/002119.mp4,normal,3.21,True,1280,720,10.0,50,5.0,Valid video stream.,TRAIN
normal_002120,002120.mp4,dataset/raw/normal/002120.mp4,normal,3.57,True,1280,720,10.0,50,5.0,Valid video stream.,VALIDATION
normal_002121,002121.mp4,dataset/raw/normal/002121.mp4,normal,1.203,True,1280,720,10.0,50,5.0,Valid video stream.,VALIDATION
normal_002122,002122.mp4,dataset/raw/normal/002122.mp4,normal,3.395,True,1280,720,10.0,50,5.0,Valid video stream.,TRAIN
normal_002123,002123.mp4,dataset/raw/normal/002123.mp4,normal,1.992,True,1280,720,10.0,50,5.0,Valid video stream.,VALIDATION
normal_002124,002124.mp4,dataset/raw/normal/002124.mp4,normal,1.663,True,1280,720,10.0,50,5.0,Valid video stream.,TRAIN
normal_002125,002125.mp4,dataset/raw/normal/002125.mp4,normal,1.182,True,1280,720,10.0,50,5.0,Valid video stream.,VALIDATION
normal_002126,002126.mp4,dataset/raw/normal/002126.mp4,normal,1.581,True,1280,720,10.0,50,5.0,Valid video stream.,VALIDATION
normal_002127,002127.mp4,dataset/raw/normal/002127.mp4,normal,1.013,True,1280,720,10.0,50,5.0,Valid video stream.,VALIDATION
normal_002128,002128.mp4,dataset/raw/normal/002128.mp4,normal,1.105,True,1280,720,10.0,50,5.0,Valid video stream.,VALIDATION
normal_002129,002129.mp4,dataset/raw/normal/002129.mp4,normal,0.961,True,1280,720,10.0,50,5.0,Valid video stream.,TRAIN
normal_002130,002130.mp4,dataset/raw/normal/002130.mp4,normal,0.681,True,1280,720,10.0,50,5.0,Valid video stream.,TRAIN
normal_002131,002131.mp4,dataset/raw/normal/002131.mp4,normal,2.317,True,1280,720,10.0,50,5.0,Valid video stream.,TRAIN
normal_002132,002132.mp4,dataset/raw/normal/002132.mp4,normal,2.38,True,1280,720,10.0,50,5.0,Valid video stream.,TRAIN
normal_002133,002133.mp4,dataset/raw/normal/002133.mp4,normal,2.467,True,1280,720,10.0,50,5.0,Valid video stream.,TRAIN
normal_002134,002134.mp4,dataset/raw/normal/002134.mp4,normal,3.106,True,1280,720,10.0,50,5.0,Valid video stream.,TRAIN
normal_002135,002135.mp4,dataset/raw/normal/002135.mp4,normal,2.763,True,1280,720,10.0,50,5.0,Valid video stream.,TRAIN
normal_002136,002136.mp4,dataset/raw/normal/002136.mp4,normal,3.381,True,1280,720,10.0,50,5.0,Valid video stream.,TRAIN
normal_002137,002137.mp4,dataset/raw/normal/002137.mp4,normal,1.262,True,1280,720,10.0,50,5.0,Valid video stream.,TRAIN
normal_002138,002138.mp4,dataset/raw/normal/002138.mp4,normal,1.683,True,1280,720,10.0,50,5.0,Valid video stream.,TRAIN
normal_002139,002139.mp4,dataset/raw/normal/002139.mp4,normal,1.301,True,1280,720,10.0,50,5.0,Valid video stream.,TRAIN
normal_002140,002140.mp4,dataset/raw/normal/002140.mp4,normal,5.701,True,1280,720,10.0,50,5.0,Valid video stream.,TRAIN
normal_002141,002141.mp4,dataset/raw/normal/002141.mp4,normal,4.765,True,1280,720,10.0,50,5.0,Valid video stream.,TRAIN
normal_002142,002142.mp4,dataset/raw/normal/002142.mp4,normal,6.389,True,1280,720,10.0,50,5.0,Valid video stream.,TEST
normal_002143,002143.mp4,dataset/raw/normal/002143.mp4,normal,1.274,True,1280,720,10.0,50,5.0,Valid video stream.,TRAIN
normal_002144,002144.mp4,dataset/raw/normal/002144.mp4,normal,1.682,True,1280,720,10.0,50,5.0,Valid video stream.,TRAIN
normal_002145,002145.mp4,dataset/raw/normal/002145.mp4,normal,1.245,True,1280,720,10.0,50,5.0,Valid video stream.,TEST
normal_002146,002146.mp4,dataset/raw/normal/002146.mp4,normal,1.599,True,1280,720,10.0,50,5.0,Valid video stream.,TRAIN
normal_002147,002147.mp4,dataset/raw/normal/002147.mp4,normal,1.811,True,1280,720,10.0,50,5.0,Valid video stream.,TEST
normal_002148,002148.mp4,dataset/raw/normal/002148.mp4,normal,0.96,True,1280,720,10.0,50,5.0,Valid video stream.,VALIDATION
normal_002149,002149.mp4,dataset/raw/normal/002149.mp4,normal,1.264,True,1280,720,10.0,50,5.0,Valid video stream.,TRAIN
normal_002150,002150.mp4,dataset/raw/normal/002150.mp4,normal,1.682,True,1280,720,10.0,50,5.0,Valid video stream.,VALIDATION
normal_002151,002151.mp4,dataset/raw/normal/002151.mp4,normal,1.409,True,1280,720,10.0,50,5.0,Valid video stream.,TRAIN
normal_002152,002152.mp4,dataset/raw/normal/002152.mp4,normal,1.801,True,1280,720,10.0,50,5.0,Valid video stream.,TRAIN
normal_002153,002153.mp4,dataset/raw/normal/002153.mp4,normal,2.277,True,1280,720,10.0,50,5.0,Valid video stream.,VALIDATION
normal_002154,002154.mp4,dataset/raw/normal/002154.mp4,normal,2.457,True,1280,720,10.0,50,5.0,Valid video stream.,VALIDATION
normal_002155,002155.mp4,dataset/raw/normal/002155.mp4,normal,1.472,True,1280,720,10.0,50,5.0,Valid video stream.,TEST
normal_002156,002156.mp4,dataset/raw/normal/002156.mp4,normal,1.378,True,1280,720,10.0,50,5.0,Valid video stream.,TRAIN
normal_002157,002157.mp4,dataset/raw/normal/002157.mp4,normal,1.545,True,1280,720,10.0,50,5.0,Valid video stream.,TEST
normal_002158,002158.mp4,dataset/raw/normal/002158.mp4,normal,3.551,True,1280,720,10.0,50,5.0,Valid video stream.,TRAIN
normal_002159,002159.mp4,dataset/raw/normal/002159.mp4,normal,3.482,True,1280,720,10.0,50,5.0,Valid video stream.,TEST
normal_002160,002160.mp4,dataset/raw/normal/002160.mp4,normal,2.807,True,1280,720,10.0,50,5.0,Valid video stream.,TRAIN
normal_002161,002161.mp4,dataset/raw/normal/002161.mp4,normal,1.096,True,1280,720,10.0,50,5.0,Valid video stream.,TEST
normal_002162,002162.mp4,dataset/raw/normal/002162.mp4,normal,0.758,True,1280,720,10.0,50,5.0,Valid video stream.,TEST
normal_002163,002163.mp4,dataset/raw/normal/002163.mp4,normal,0.672,True,1280,720,10.0,50,5.0,Valid video stream.,TRAIN
normal_002164,002164.mp4,dataset/raw/normal/002164.mp4,normal,1.204,True,1280,720,10.0,50,5.0,Valid video stream.,TRAIN
normal_002165,002165.mp4,dataset/raw/normal/002165.mp4,normal,1.05,True,1280,720,10.0,50,5.0,Valid video stream.,TRAIN
normal_002166,002166.mp4,dataset/raw/normal/002166.mp4,normal,1.421,True,1280,720,10.0,50,5.0,Valid video stream.,TRAIN
normal_002167,002167.mp4,dataset/raw/normal/002167.mp4,normal,2.599,True,1280,720,10.0,50,5.0,Valid video stream.,TRAIN
normal_002168,002168.mp4,dataset/raw/normal/002168.mp4,normal,1.921,True,1280,720,10.0,50,5.0,Valid video stream.,TRAIN
normal_002169,002169.mp4,dataset/raw/normal/002169.mp4,normal,0.831,True,1280,720,10.0,50,5.0,Valid video stream.,VALIDATION
normal_002170,002170.mp4,dataset/raw/normal/002170.mp4,normal,0.92,True,1280,720,10.0,50,5.0,Valid video stream.,TRAIN
normal_002171,002171.mp4,dataset/raw/normal/002171.mp4,normal,1.023,True,1280,720,10.0,50,5.0,Valid video stream.,TRAIN
normal_002172,002172.mp4,dataset/raw/normal/002172.mp4,normal,0.767,True,1280,720,10.0,50,5.0,Valid video stream.,TRAIN
normal_002173,002173.mp4,dataset/raw/normal/002173.mp4,normal,1.905,True,1280,720,10.0,50,5.0,Valid video stream.,TEST
normal_002174,002174.mp4,dataset/raw/normal/002174.mp4,normal,1.272,True,1280,720,10.0,50,5.0,Valid video stream.,TEST
normal_002175,002175.mp4,dataset/raw/normal/002175.mp4,normal,1.41,True,1280,720,10.0,50,5.0,Valid video stream.,VALIDATION
normal_002176,002176.mp4,dataset/raw/normal/002176.mp4,normal,1.086,True,1280,720,10.0,50,5.0,Valid video stream.,TRAIN
normal_002177,002177.mp4,dataset/raw/normal/002177.mp4,normal,0.759,True,1280,720,10.0,50,5.0,Valid video stream.,TRAIN
normal_002178,002178.mp4,dataset/raw/normal/002178.mp4,normal,0.787,True,1280,720,10.0,50,5.0,Valid video stream.,TRAIN
normal_002179,002179.mp4,dataset/raw/normal/002179.mp4,normal,0.88,True,1280,720,10.0,50,5.0,Valid video stream.,TRAIN
normal_002180,002180.mp4,dataset/raw/normal/002180.mp4,normal,1.155,True,1280,720,10.0,50,5.0,Valid video stream.,TRAIN
normal_002181,002181.mp4,dataset/raw/normal/002181.mp4,normal,1.324,True,1280,720,10.0,50,5.0,Valid video stream.,VALIDATION
normal_002182,002182.mp4,dataset/raw/normal/002182.mp4,normal,1.679,True,1280,720,10.0,50,5.0,Valid video stream.,TEST
normal_002183,002183.mp4,dataset/raw/normal/002183.mp4,normal,2.074,True,1280,720,10.0,50,5.0,Valid video stream.,TRAIN
normal_002184,002184.mp4,dataset/raw/normal/002184.mp4,normal,1.399,True,1280,720,10.0,50,5.0,Valid video stream.,TRAIN
normal_002185,002185.mp4,dataset/raw/normal/002185.mp4,normal,2.513,True,1280,720,10.0,50,5.0,Valid video stream.,TRAIN
normal_002186,002186.mp4,dataset/raw/normal/002186.mp4,normal,2.008,True,1280,720,10.0,50,5.0,Valid video stream.,VALIDATION
normal_002187,002187.mp4,dataset/raw/normal/002187.mp4,normal,2.619,True,1280,720,10.0,50,5.0,Valid video stream.,TRAIN
normal_002188,002188.mp4,dataset/raw/normal/002188.mp4,normal,0.594,True,1280,720,10.0,50,5.0,Valid video stream.,TEST
normal_002189,002189.mp4,dataset/raw/normal/002189.mp4,normal,1.268,True,1280,720,10.0,50,5.0,Valid video stream.,TRAIN
normal_002190,002190.mp4,dataset/raw/normal/002190.mp4,normal,0.567,True,1280,720,10.0,50,5.0,Valid video stream.,TRAIN
normal_002191,002191.mp4,dataset/raw/normal/002191.mp4,normal,1.046,True,1280,720,10.0,50,5.0,Valid video stream.,TRAIN
normal_002192,002192.mp4,dataset/raw/normal/002192.mp4,normal,7.832,True,1280,720,10.0,50,5.0,Valid video stream.,TRAIN
normal_002193,002193.mp4,dataset/raw/normal/002193.mp4,normal,5.229,True,1280,720,10.0,50,5.0,Valid video stream.,TRAIN
normal_002194,002194.mp4,dataset/raw/normal/002194.mp4,normal,4.406,True,1280,720,10.0,50,5.0,Valid video stream.,TRAIN
normal_002195,002195.mp4,dataset/raw/normal/002195.mp4,normal,3.803,True,1280,720,10.0,50,5.0,Valid video stream.,TRAIN
normal_002196,002196.mp4,dataset/raw/normal/002196.mp4,normal,2.133,True,1280,720,10.0,50,5.0,Valid video stream.,TEST
normal_002197,002197.mp4,dataset/raw/normal/002197.mp4,normal,3.197,True,1280,720,10.0,50,5.0,Valid video stream.,TRAIN
normal_002198,002198.mp4,dataset/raw/normal/002198.mp4,normal,3.904,True,1280,720,10.0,50,5.0,Valid video stream.,TRAIN
normal_002199,002199.mp4,dataset/raw/normal/002199.mp4,normal,3.578,True,1280,720,10.0,50,5.0,Valid video stream.,VALIDATION
normal_002200,002200.mp4,dataset/raw/normal/002200.mp4,normal,1.141,True,1280,720,10.0,50,5.0,Valid video stream.,TRAIN
normal_002201,002201.mp4,dataset/raw/normal/002201.mp4,normal,0.638,True,1280,720,10.0,50,5.0,Valid video stream.,TRAIN
normal_002202,002202.mp4,dataset/raw/normal/002202.mp4,normal,0.599,True,1280,720,10.0,50,5.0,Valid video stream.,TRAIN
normal_002203,002203.mp4,dataset/raw/normal/002203.mp4,normal,2.546,True,1280,720,10.0,50,5.0,Valid video stream.,TRAIN
normal_002204,002204.mp4,dataset/raw/normal/002204.mp4,normal,2.705,True,1280,720,10.0,50,5.0,Valid video stream.,TRAIN
normal_002205,002205.mp4,dataset/raw/normal/002205.mp4,normal,1.615,True,1280,720,10.0,50,5.0,Valid video stream.,TRAIN
normal_002206,002206.mp4,dataset/raw/normal/002206.mp4,normal,1.909,True,1280,720,10.0,50,5.0,Valid video stream.,TRAIN
normal_002207,002207.mp4,dataset/raw/normal/002207.mp4,normal,1.589,True,1280,720,10.0,50,5.0,Valid video stream.,TRAIN
normal_002208,002208.mp4,dataset/raw/normal/002208.mp4,normal,1.016,True,1280,720,10.0,50,5.0,Valid video stream.,TRAIN
normal_002209,002209.mp4,dataset/raw/normal/002209.mp4,normal,5.934,True,1280,720,10.0,50,5.0,Valid video stream.,TRAIN
normal_002210,002210.mp4,dataset/raw/normal/002210.mp4,normal,5.776,True,1280,720,10.0,50,5.0,Valid video stream.,TRAIN
normal_002211,002211.mp4,dataset/raw/normal/002211.mp4,normal,6.381,True,1280,720,10.0,50,5.0,Valid video stream.,TEST
normal_002212,002212.mp4,dataset/raw/normal/002212.mp4,normal,2.864,True,1280,720,10.0,50,5.0,Valid video stream.,TRAIN
normal_002213,002213.mp4,dataset/raw/normal/002213.mp4,normal,3.056,True,1280,720,10.0,50,5.0,Valid video stream.,TRAIN
normal_002214,002214.mp4,dataset/raw/normal/002214.mp4,normal,3.904,True,1280,720,10.0,50,5.0,Valid video stream.,TRAIN
normal_002215,002215.mp4,dataset/raw/normal/002215.mp4,normal,0.728,True,1280,720,10.0,50,5.0,Valid video stream.,TRAIN
normal_002216,002216.mp4,dataset/raw/normal/002216.mp4,normal,0.686,True,1280,720,10.0,50,5.0,Valid video stream.,TRAIN
normal_002217,002217.mp4,dataset/raw/normal/002217.mp4,normal,0.625,True,1280,720,10.0,50,5.0,Valid video stream.,TRAIN
normal_002218,002218.mp4,dataset/raw/normal/002218.mp4,normal,2.544,True,1280,720,10.0,50,5.0,Valid video stream.,TRAIN
normal_002219,002219.mp4,dataset/raw/normal/002219.mp4,normal,2.805,True,1280,720,10.0,50,5.0,Valid video stream.,TRAIN
normal_002220,002220.mp4,dataset/raw/normal/002220.mp4,normal,1.625,True,1280,720,10.0,50,5.0,Valid video stream.,TRAIN
normal_002221,002221.mp4,dataset/raw/normal/002221.mp4,normal,5.541,True,1280,720,10.0,50,5.0,Valid video stream.,VALIDATION
normal_002222,002222.mp4,dataset/raw/normal/002222.mp4,normal,3.738,True,1280,720,10.0,50,5.0,Valid video stream.,TRAIN
normal_002223,002223.mp4,dataset/raw/normal/002223.mp4,normal,5.554,True,1280,720,10.0,50,5.0,Valid video stream.,TRAIN
normal_002224,002224.mp4,dataset/raw/normal/002224.mp4,normal,1.697,True,1280,720,10.0,50,5.0,Valid video stream.,TRAIN
normal_002225,002225.mp4,dataset/raw/normal/002225.mp4,normal,4.688,True,1280,720,10.0,50,5.0,Valid video stream.,VALIDATION
normal_002226,002226.mp4,dataset/raw/normal/002226.mp4,normal,4.797,True,1280,720,10.0,50,5.0,Valid video stream.,TRAIN
normal_002227,002227.mp4,dataset/raw/normal/002227.mp4,normal,4.149,True,1280,720,10.0,50,5.0,Valid video stream.,TRAIN
normal_002228,002228.mp4,dataset/raw/normal/002228.mp4,normal,2.975,True,1280,720,10.0,50,5.0,Valid video stream.,TRAIN
normal_002229,002229.mp4,dataset/raw/normal/002229.mp4,normal,2.659,True,1280,720,10.0,50,5.0,Valid video stream.,TEST
normal_002230,002230.mp4,dataset/raw/normal/002230.mp4,normal,3.15,True,1280,720,10.0,50,5.0,Valid video stream.,TRAIN
normal_002231,002231.mp4,dataset/raw/normal/002231.mp4,normal,2.053,True,1280,720,10.0,50,5.0,Valid video stream.,TRAIN
normal_002232,002232.mp4,dataset/raw/normal/002232.mp4,normal,2.161,True,1280,720,10.0,50,5.0,Valid video stream.,TRAIN
normal_002233,002233.mp4,dataset/raw/normal/002233.mp4,normal,0.542,True,1280,720,10.0,50,5.0,Valid video stream.,TRAIN
normal_002234,002234.mp4,dataset/raw/normal/002234.mp4,normal,0.591,True,1280,720,10.0,50,5.0,Valid video stream.,TRAIN
normal_002235,002235.mp4,dataset/raw/normal/002235.mp4,normal,0.594,True,1280,720,10.0,50,5.0,Valid video stream.,VALIDATION
normal_002236,002236.mp4,dataset/raw/normal/002236.mp4,normal,1.17,True,1280,720,10.0,50,5.0,Valid video stream.,TRAIN
normal_002237,002237.mp4,dataset/raw/normal/002237.mp4,normal,0.82,True,1280,720,10.0,50,5.0,Valid video stream.,VALIDATION
normal_002238,002238.mp4,dataset/raw/normal/002238.mp4,normal,0.839,True,1280,720,10.0,50,5.0,Valid video stream.,TRAIN
normal_002239,002239.mp4,dataset/raw/normal/002239.mp4,normal,1.498,True,1280,720,10.0,50,5.0,Valid video stream.,TRAIN
normal_002240,002240.mp4,dataset/raw/normal/002240.mp4,normal,1.447,True,1280,720,10.0,50,5.0,Valid video stream.,TRAIN
normal_002241,002241.mp4,dataset/raw/normal/002241.mp4,normal,2.937,True,1280,720,10.0,50,5.0,Valid video stream.,TRAIN
normal_002242,002242.mp4,dataset/raw/normal/002242.mp4,normal,1.2,True,1280,720,10.0,50,5.0,Valid video stream.,TRAIN
normal_002243,002243.mp4,dataset/raw/normal/002243.mp4,normal,0.856,True,1280,720,10.0,50,5.0,Valid video stream.,TRAIN
normal_002244,002244.mp4,dataset/raw/normal/002244.mp4,normal,1.271,True,1280,720,10.0,50,5.0,Valid video stream.,TRAIN
normal_002245,002245.mp4,dataset/raw/normal/002245.mp4,normal,1.424,True,1280,720,10.0,50,5.0,Valid video stream.,TRAIN
normal_002246,002246.mp4,dataset/raw/normal/002246.mp4,normal,1.63,True,1280,720,10.0,50,5.0,Valid video stream.,TRAIN
normal_002247,002247.mp4,dataset/raw/normal/002247.mp4,normal,1.098,True,1280,720,10.0,50,5.0,Valid video stream.,TRAIN
normal_002248,002248.mp4,dataset/raw/normal/002248.mp4,normal,2.969,True,1280,720,10.0,50,5.0,Valid video stream.,TEST
normal_002249,002249.mp4,dataset/raw/normal/002249.mp4,normal,4.844,True,1280,720,10.0,50,5.0,Valid video stream.,TRAIN
normal_002250,002250.mp4,dataset/raw/normal/002250.mp4,normal,4.976,True,1280,720,10.0,50,5.0,Valid video stream.,TRAIN
normal_002251,002251.mp4,dataset/raw/normal/002251.mp4,normal,1.766,True,1280,720,10.0,50,5.0,Valid video stream.,TRAIN
normal_002252,002252.mp4,dataset/raw/normal/002252.mp4,normal,1.571,True,1280,720,10.0,50,5.0,Valid video stream.,TRAIN
normal_002253,002253.mp4,dataset/raw/normal/002253.mp4,normal,1.648,True,1280,720,10.0,50,5.0,Valid video stream.,VALIDATION
normal_002254,002254.mp4,dataset/raw/normal/002254.mp4,normal,1.011,True,1280,720,10.0,50,5.0,Valid video stream.,VALIDATION
normal_002255,002255.mp4,dataset/raw/normal/002255.mp4,normal,0.831,True,1280,720,10.0,50,5.0,Valid video stream.,TRAIN
normal_002256,002256.mp4,dataset/raw/normal/002256.mp4,normal,0.401,True,1280,720,10.0,50,5.0,Valid video stream.,TRAIN
normal_002257,002257.mp4,dataset/raw/normal/002257.mp4,normal,2.235,True,1280,720,10.0,50,5.0,Valid video stream.,VALIDATION
normal_002258,002258.mp4,dataset/raw/normal/002258.mp4,normal,2.499,True,1280,720,10.0,50,5.0,Valid video stream.,TRAIN
normal_002259,002259.mp4,dataset/raw/normal/002259.mp4,normal,1.407,True,1280,720,10.0,50,5.0,Valid video stream.,VALIDATION
normal_002260,002260.mp4,dataset/raw/normal/002260.mp4,normal,0.813,True,1280,720,10.0,50,5.0,Valid video stream.,VALIDATION
normal_002261,002261.mp4,dataset/raw/normal/002261.mp4,normal,0.874,True,1280,720,10.0,50,5.0,Valid video stream.,TRAIN
normal_002262,002262.mp4,dataset/raw/normal/002262.mp4,normal,0.571,True,1280,720,10.0,50,5.0,Valid video stream.,TRAIN
normal_002263,002263.mp4,dataset/raw/normal/002263.mp4,normal,1.411,True,1280,720,10.0,50,5.0,Valid video stream.,TRAIN
normal_002264,002264.mp4,dataset/raw/normal/002264.mp4,normal,1.905,True,1280,720,10.0,50,5.0,Valid video stream.,TRAIN
normal_002265,002265.mp4,dataset/raw/normal/002265.mp4,normal,0.798,True,1280,720,10.0,50,5.0,Valid video stream.,TRAIN
normal_002266,002266.mp4,dataset/raw/normal/002266.mp4,normal,1.584,True,1280,720,10.0,50,5.0,Valid video stream.,TRAIN
normal_002267,002267.mp4,dataset/raw/normal/002267.mp4,normal,2.965,True,1280,720,10.0,50,5.0,Valid video stream.,TRAIN
normal_002268,002268.mp4,dataset/raw/normal/002268.mp4,normal,2.037,True,1280,720,10.0,50,5.0,Valid video stream.,VALIDATION
normal_002269,002269.mp4,dataset/raw/normal/002269.mp4,normal,1.199,True,1280,720,10.0,50,5.0,Valid video stream.,TRAIN
normal_002270,002270.mp4,dataset/raw/normal/002270.mp4,normal,1.299,True,1280,720,10.0,50,5.0,Valid video stream.,TEST
normal_002271,002271.mp4,dataset/raw/normal/002271.mp4,normal,1.799,True,1280,720,10.0,50,5.0,Valid video stream.,TEST
normal_002272,002272.mp4,dataset/raw/normal/002272.mp4,normal,3.887,True,1280,720,10.0,50,5.0,Valid video stream.,TEST
normal_002273,002273.mp4,dataset/raw/normal/002273.mp4,normal,2.637,True,1280,720,10.0,50,5.0,Valid video stream.,TRAIN
normal_002274,002274.mp4,dataset/raw/normal/002274.mp4,normal,4.872,True,1280,720,10.0,50,5.0,Valid video stream.,TRAIN
normal_002275,002275.mp4,dataset/raw/normal/002275.mp4,normal,1.286,True,1280,720,10.0,50,5.0,Valid video stream.,TRAIN
normal_002276,002276.mp4,dataset/raw/normal/002276.mp4,normal,1.277,True,1280,720,10.0,50,5.0,Valid video stream.,TRAIN
normal_002277,002277.mp4,dataset/raw/normal/002277.mp4,normal,1.375,True,1280,720,10.0,50,5.0,Valid video stream.,TRAIN
normal_002278,002278.mp4,dataset/raw/normal/002278.mp4,normal,2.042,True,1280,720,10.0,50,5.0,Valid video stream.,TRAIN
normal_002279,002279.mp4,dataset/raw/normal/002279.mp4,normal,0.909,True,1280,720,10.0,50,5.0,Valid video stream.,TEST
normal_002280,002280.mp4,dataset/raw/normal/002280.mp4,normal,0.93,True,1280,720,10.0,50,5.0,Valid video stream.,TRAIN
normal_002281,002281.mp4,dataset/raw/normal/002281.mp4,normal,1.255,True,1280,720,10.0,50,5.0,Valid video stream.,TEST
normal_002282,002282.mp4,dataset/raw/normal/002282.mp4,normal,1.855,True,1280,720,10.0,50,5.0,Valid video stream.,TRAIN
normal_002283,002283.mp4,dataset/raw/normal/002283.mp4,normal,0.991,True,1280,720,10.0,50,5.0,Valid video stream.,TRAIN
normal_002284,002284.mp4,dataset/raw/normal/002284.mp4,normal,1.637,True,1280,720,10.0,50,5.0,Valid video stream.,TRAIN
normal_002285,002285.mp4,dataset/raw/normal/002285.mp4,normal,1.736,True,1280,720,10.0,50,5.0,Valid video stream.,TRAIN
normal_002286,002286.mp4,dataset/raw/normal/002286.mp4,normal,1.448,True,1280,720,10.0,50,5.0,Valid video stream.,TEST
normal_002287,002287.mp4,dataset/raw/normal/002287.mp4,normal,3.857,True,1280,720,10.0,50,5.0,Valid video stream.,TRAIN
normal_002288,002288.mp4,dataset/raw/normal/002288.mp4,normal,5.047,True,1280,720,10.0,50,5.0,Valid video stream.,TRAIN
normal_002289,002289.mp4,dataset/raw/normal/002289.mp4,normal,5.166,True,1280,720,10.0,50,5.0,Valid video stream.,TEST
normal_002290,002290.mp4,dataset/raw/normal/002290.mp4,normal,2.103,True,1280,720,10.0,50,5.0,Valid video stream.,TEST
normal_002291,002291.mp4,dataset/raw/normal/002291.mp4,normal,1.579,True,1280,720,10.0,50,5.0,Valid video stream.,TRAIN
normal_002292,002292.mp4,dataset/raw/normal/002292.mp4,normal,0.75,True,1280,720,10.0,50,5.0,Valid video stream.,TRAIN
normal_002293,002293.mp4,dataset/raw/normal/002293.mp4,normal,4.258,True,1280,720,10.0,50,5.0,Valid video stream.,VALIDATION
normal_002294,002294.mp4,dataset/raw/normal/002294.mp4,normal,1.783,True,1280,720,10.0,50,5.0,Valid video stream.,VALIDATION
normal_002295,002295.mp4,dataset/raw/normal/002295.mp4,normal,1.133,True,1280,720,10.0,50,5.0,Valid video stream.,TRAIN
normal_002296,002296.mp4,dataset/raw/normal/002296.mp4,normal,1.59,True,1280,720,10.0,50,5.0,Valid video stream.,TRAIN
normal_002297,002297.mp4,dataset/raw/normal/002297.mp4,normal,1.002,True,1280,720,10.0,50,5.0,Valid video stream.,TRAIN
normal_002298,002298.mp4,dataset/raw/normal/002298.mp4,normal,0.952,True,1280,720,10.0,50,5.0,Valid video stream.,TEST
normal_002299,002299.mp4,dataset/raw/normal/002299.mp4,normal,1.288,True,1280,720,10.0,50,5.0,Valid video stream.,TRAIN
normal_002300,002300.mp4,dataset/raw/normal/002300.mp4,normal,1.695,True,1280,720,10.0,50,5.0,Valid video stream.,TRAIN
normal_002301,002301.mp4,dataset/raw/normal/002301.mp4,normal,1.878,True,1280,720,10.0,50,5.0,Valid video stream.,VALIDATION
normal_002302,002302.mp4,dataset/raw/normal/002302.mp4,normal,5.52,True,1280,720,10.0,50,5.0,Valid video stream.,TRAIN
normal_002303,002303.mp4,dataset/raw/normal/002303.mp4,normal,3.137,True,1280,720,10.0,50,5.0,Valid video stream.,TRAIN
normal_002304,002304.mp4,dataset/raw/normal/002304.mp4,normal,4.424,True,1280,720,10.0,50,5.0,Valid video stream.,TRAIN
normal_002305,002305.mp4,dataset/raw/normal/002305.mp4,normal,2.54,True,1280,720,10.0,50,5.0,Valid video stream.,TRAIN
normal_002306,002306.mp4,dataset/raw/normal/002306.mp4,normal,3.552,True,1280,720,10.0,50,5.0,Valid video stream.,TRAIN
normal_002307,002307.mp4,dataset/raw/normal/002307.mp4,normal,5.228,True,1280,720,10.0,50,5.0,Valid video stream.,TRAIN
normal_002308,002308.mp4,dataset/raw/normal/002308.mp4,normal,0.972,True,1280,720,10.0,50,5.0,Valid video stream.,TRAIN
normal_002309,002309.mp4,dataset/raw/normal/002309.mp4,normal,1.237,True,1280,720,10.0,50,5.0,Valid video stream.,VALIDATION
normal_002310,002310.mp4,dataset/raw/normal/002310.mp4,normal,1.661,True,1280,720,10.0,50,5.0,Valid video stream.,TEST
normal_002311,002311.mp4,dataset/raw/normal/002311.mp4,normal,2.91,True,1280,720,10.0,50,5.0,Valid video stream.,VALIDATION
normal_002312,002312.mp4,dataset/raw/normal/002312.mp4,normal,2.46,True,1280,720,10.0,50,5.0,Valid video stream.,TRAIN
normal_002313,002313.mp4,dataset/raw/normal/002313.mp4,normal,2.421,True,1280,720,10.0,50,5.0,Valid video stream.,TEST
normal_002314,002314.mp4,dataset/raw/normal/002314.mp4,normal,1.469,True,1280,720,10.0,50,5.0,Valid video stream.,VALIDATION
normal_002315,002315.mp4,dataset/raw/normal/002315.mp4,normal,1.249,True,1280,720,10.0,50,5.0,Valid video stream.,TRAIN
normal_002316,002316.mp4,dataset/raw/normal/002316.mp4,normal,1.501,True,1280,720,10.0,50,5.0,Valid video stream.,VALIDATION
normal_002317,002317.mp4,dataset/raw/normal/002317.mp4,normal,1.049,True,1280,720,10.0,50,5.0,Valid video stream.,TRAIN
normal_002318,002318.mp4,dataset/raw/normal/002318.mp4,normal,1.089,True,1280,720,10.0,50,5.0,Valid video stream.,TRAIN
normal_002319,002319.mp4,dataset/raw/normal/002319.mp4,normal,1.135,True,1280,720,10.0,50,5.0,Valid video stream.,TRAIN
normal_002320,002320.mp4,dataset/raw/normal/002320.mp4,normal,3.095,True,1280,720,10.0,50,5.0,Valid video stream.,TEST
normal_002321,002321.mp4,dataset/raw/normal/002321.mp4,normal,3.524,True,1280,720,10.0,50,5.0,Valid video stream.,TRAIN
normal_002322,002322.mp4,dataset/raw/normal/002322.mp4,normal,3.228,True,1280,720,10.0,50,5.0,Valid video stream.,TRAIN
normal_002323,002323.mp4,dataset/raw/normal/002323.mp4,normal,2.751,True,1280,720,10.0,50,5.0,Valid video stream.,TRAIN
normal_002324,002324.mp4,dataset/raw/normal/002324.mp4,normal,2.804,True,1280,720,10.0,50,5.0,Valid video stream.,VALIDATION
normal_002325,002325.mp4,dataset/raw/normal/002325.mp4,normal,2.399,True,1280,720,10.0,50,5.0,Valid video stream.,TEST
normal_002326,002326.mp4,dataset/raw/normal/002326.mp4,normal,2.119,True,1280,720,10.0,50,5.0,Valid video stream.,TRAIN
normal_002327,002327.mp4,dataset/raw/normal/002327.mp4,normal,2.356,True,1280,720,10.0,50,5.0,Valid video stream.,TRAIN
normal_002328,002328.mp4,dataset/raw/normal/002328.mp4,normal,1.368,True,1280,720,10.0,50,5.0,Valid video stream.,TRAIN
normal_002329,002329.mp4,dataset/raw/normal/002329.mp4,normal,1.776,True,1280,720,10.0,50,5.0,Valid video stream.,TRAIN
normal_002330,002330.mp4,dataset/raw/normal/002330.mp4,normal,2.461,True,1280,720,10.0,50,5.0,Valid video stream.,TRAIN
normal_002331,002331.mp4,dataset/raw/normal/002331.mp4,normal,3.202,True,1280,720,10.0,50,5.0,Valid video stream.,TRAIN
normal_002332,002332.mp4,dataset/raw/normal/002332.mp4,normal,1.375,True,1280,720,10.0,50,5.0,Valid video stream.,VALIDATION
normal_002333,002333.mp4,dataset/raw/normal/002333.mp4,normal,1.211,True,1280,720,10.0,50,5.0,Valid video stream.,TRAIN
normal_002334,002334.mp4,dataset/raw/normal/002334.mp4,normal,0.924,True,1280,720,10.0,50,5.0,Valid video stream.,TRAIN
normal_002335,002335.mp4,dataset/raw/normal/002335.mp4,normal,3.884,True,1280,720,10.0,50,5.0,Valid video stream.,TRAIN
normal_002336,002336.mp4,dataset/raw/normal/002336.mp4,normal,2.841,True,1280,720,10.0,50,5.0,Valid video stream.,TRAIN
normal_002337,002337.mp4,dataset/raw/normal/002337.mp4,normal,1.278,True,1280,720,10.0,50,5.0,Valid video stream.,TEST
normal_002338,002338.mp4,dataset/raw/normal/002338.mp4,normal,2.932,True,1280,720,10.0,50,5.0,Valid video stream.,TEST
normal_002339,002339.mp4,dataset/raw/normal/002339.mp4,normal,3.512,True,1280,720,10.0,50,5.0,Valid video stream.,TRAIN
normal_002340,002340.mp4,dataset/raw/normal/002340.mp4,normal,2.272,True,1280,720,10.0,50,5.0,Valid video stream.,TRAIN
normal_002341,002341.mp4,dataset/raw/normal/002341.mp4,normal,1.452,True,1280,720,10.0,50,5.0,Valid video stream.,TRAIN
normal_002342,002342.mp4,dataset/raw/normal/002342.mp4,normal,1.06,True,1280,720,10.0,50,5.0,Valid video stream.,TEST
normal_002343,002343.mp4,dataset/raw/normal/002343.mp4,normal,0.887,True,1280,720,10.0,50,5.0,Valid video stream.,TRAIN
normal_002344,002344.mp4,dataset/raw/normal/002344.mp4,normal,1.607,True,1280,720,10.0,50,5.0,Valid video stream.,TRAIN
normal_002345,002345.mp4,dataset/raw/normal/002345.mp4,normal,3.834,True,1280,720,10.0,50,5.0,Valid video stream.,VALIDATION
normal_002346,002346.mp4,dataset/raw/normal/002346.mp4,normal,2.371,True,1280,720,10.0,50,5.0,Valid video stream.,TRAIN
normal_002347,002347.mp4,dataset/raw/normal/002347.mp4,normal,1.812,True,1280,720,10.0,50,5.0,Valid video stream.,TRAIN
normal_002348,002348.mp4,dataset/raw/normal/002348.mp4,normal,3.317,True,1280,720,10.0,50,5.0,Valid video stream.,TRAIN
normal_002349,002349.mp4,dataset/raw/normal/002349.mp4,normal,5.298,True,1280,720,10.0,50,5.0,Valid video stream.,TEST
normal_002350,002350.mp4,dataset/raw/normal/002350.mp4,normal,2.162,True,1280,720,10.0,50,5.0,Valid video stream.,VALIDATION
normal_002351,002351.mp4,dataset/raw/normal/002351.mp4,normal,2.709,True,1280,720,10.0,50,5.0,Valid video stream.,VALIDATION
normal_002352,002352.mp4,dataset/raw/normal/002352.mp4,normal,2.468,True,1280,720,10.0,50,5.0,Valid video stream.,TEST
normal_002353,002353.mp4,dataset/raw/normal/002353.mp4,normal,1.074,True,1280,720,10.0,50,5.0,Valid video stream.,VALIDATION
normal_002354,002354.mp4,dataset/raw/normal/002354.mp4,normal,1.182,True,1280,720,10.0,50,5.0,Valid video stream.,TRAIN
normal_002355,002355.mp4,dataset/raw/normal/002355.mp4,normal,1.413,True,1280,720,10.0,50,5.0,Valid video stream.,VALIDATION
normal_002356,002356.mp4,dataset/raw/normal/002356.mp4,normal,1.69,True,1280,720,10.0,50,5.0,Valid video stream.,TEST
normal_002357,002357.mp4,dataset/raw/normal/002357.mp4,normal,1.437,True,1280,720,10.0,50,5.0,Valid video stream.,TRAIN
normal_002358,002358.mp4,dataset/raw/normal/002358.mp4,normal,1.845,True,1280,720,10.0,50,5.0,Valid video stream.,TRAIN
normal_002359,002359.mp4,dataset/raw/normal/002359.mp4,normal,2.701,True,1280,720,10.0,50,5.0,Valid video stream.,TEST
normal_002360,002360.mp4,dataset/raw/normal/002360.mp4,normal,2.186,True,1280,720,10.0,50,5.0,Valid video stream.,TRAIN
normal_002361,002361.mp4,dataset/raw/normal/002361.mp4,normal,1.306,True,1280,720,10.0,50,5.0,Valid video stream.,TRAIN
normal_002362,002362.mp4,dataset/raw/normal/002362.mp4,normal,1.891,True,1280,720,10.0,50,5.0,Valid video stream.,TRAIN
normal_002363,002363.mp4,dataset/raw/normal/002363.mp4,normal,2.759,True,1280,720,10.0,50,5.0,Valid video stream.,TRAIN
normal_002364,002364.mp4,dataset/raw/normal/002364.mp4,normal,3.102,True,1280,720,10.0,50,5.0,Valid video stream.,TRAIN
normal_002365,002365.mp4,dataset/raw/normal/002365.mp4,normal,2.014,True,1280,720,10.0,50,5.0,Valid video stream.,TRAIN
normal_002366,002366.mp4,dataset/raw/normal/002366.mp4,normal,2.166,True,1280,720,10.0,50,5.0,Valid video stream.,TRAIN
normal_002367,002367.mp4,dataset/raw/normal/002367.mp4,normal,2.131,True,1280,720,10.0,50,5.0,Valid video stream.,TRAIN
normal_002368,002368.mp4,dataset/raw/normal/002368.mp4,normal,5.015,True,1280,720,10.0,50,5.0,Valid video stream.,TEST
normal_002369,002369.mp4,dataset/raw/normal/002369.mp4,normal,4.694,True,1280,720,10.0,50,5.0,Valid video stream.,TRAIN
normal_002370,002370.mp4,dataset/raw/normal/002370.mp4,normal,2.017,True,1280,720,10.0,50,5.0,Valid video stream.,TRAIN
normal_002371,002371.mp4,dataset/raw/normal/002371.mp4,normal,1.771,True,1280,720,10.0,50,5.0,Valid video stream.,TRAIN
normal_002372,002372.mp4,dataset/raw/normal/002372.mp4,normal,1.658,True,1280,720,10.0,50,5.0,Valid video stream.,TRAIN
normal_002373,002373.mp4,dataset/raw/normal/002373.mp4,normal,0.601,True,1280,720,10.0,50,5.0,Valid video stream.,TRAIN
normal_002374,002374.mp4,dataset/raw/normal/002374.mp4,normal,2.72,True,1280,720,10.0,50,5.0,Valid video stream.,TEST
normal_002375,002375.mp4,dataset/raw/normal/002375.mp4,normal,1.789,True,1280,720,10.0,50,5.0,Valid video stream.,TRAIN
normal_002376,002376.mp4,dataset/raw/normal/002376.mp4,normal,1.178,True,1280,720,10.0,50,5.0,Valid video stream.,TRAIN
normal_002377,002377.mp4,dataset/raw/normal/002377.mp4,normal,5.219,True,1280,720,10.0,50,5.0,Valid video stream.,VALIDATION
normal_002378,002378.mp4,dataset/raw/normal/002378.mp4,normal,5.401,True,1280,720,10.0,50,5.0,Valid video stream.,TEST
normal_002379,002379.mp4,dataset/raw/normal/002379.mp4,normal,5.963,True,1280,720,10.0,50,5.0,Valid video stream.,TRAIN
normal_002380,002380.mp4,dataset/raw/normal/002380.mp4,normal,2.542,True,1280,720,10.0,50,5.0,Valid video stream.,TRAIN
normal_002381,002381.mp4,dataset/raw/normal/002381.mp4,normal,2.26,True,1280,720,10.0,50,5.0,Valid video stream.,TRAIN
normal_002382,002382.mp4,dataset/raw/normal/002382.mp4,normal,2.416,True,1280,720,10.0,50,5.0,Valid video stream.,TRAIN
normal_002383,002383.mp4,dataset/raw/normal/002383.mp4,normal,3.002,True,1280,720,10.0,50,5.0,Valid video stream.,TRAIN
normal_002384,002384.mp4,dataset/raw/normal/002384.mp4,normal,3.02,True,1280,720,10.0,50,5.0,Valid video stream.,VALIDATION
normal_002385,002385.mp4,dataset/raw/normal/002385.mp4,normal,2.709,True,1280,720,10.0,50,5.0,Valid video stream.,TRAIN
normal_002386,002386.mp4,dataset/raw/normal/002386.mp4,normal,0.923,True,1280,720,10.0,50,5.0,Valid video stream.,TRAIN
normal_002387,002387.mp4,dataset/raw/normal/002387.mp4,normal,1.386,True,1280,720,10.0,50,5.0,Valid video stream.,TEST
normal_002388,002388.mp4,dataset/raw/normal/002388.mp4,normal,1.317,True,1280,720,10.0,50,5.0,Valid video stream.,TRAIN
normal_002389,002389.mp4,dataset/raw/normal/002389.mp4,normal,1.626,True,1280,720,10.0,50,5.0,Valid video stream.,TRAIN
normal_002390,002390.mp4,dataset/raw/normal/002390.mp4,normal,2.276,True,1280,720,10.0,50,5.0,Valid video stream.,TRAIN
normal_002391,002391.mp4,dataset/raw/normal/002391.mp4,normal,4.159,True,1280,720,10.0,50,5.0,Valid video stream.,TRAIN
normal_002392,002392.mp4,dataset/raw/normal/002392.mp4,normal,0.979,True,1280,720,10.0,50,5.0,Valid video stream.,TRAIN
normal_002393,002393.mp4,dataset/raw/normal/002393.mp4,normal,1.061,True,1280,720,10.0,50,5.0,Valid video stream.,TRAIN
normal_002394,002394.mp4,dataset/raw/normal/002394.mp4,normal,1.124,True,1280,720,10.0,50,5.0,Valid video stream.,TRAIN
normal_002395,002395.mp4,dataset/raw/normal/002395.mp4,normal,2.495,True,1280,720,10.0,50,5.0,Valid video stream.,TRAIN
normal_002396,002396.mp4,dataset/raw/normal/002396.mp4,normal,1.96,True,1280,720,10.0,50,5.0,Valid video stream.,TRAIN
normal_002397,002397.mp4,dataset/raw/normal/002397.mp4,normal,2.102,True,1280,720,10.0,50,5.0,Valid video stream.,TRAIN
normal_002398,002398.mp4,dataset/raw/normal/002398.mp4,normal,2.057,True,1280,720,10.0,50,5.0,Valid video stream.,TRAIN
normal_002399,002399.mp4,dataset/raw/normal/002399.mp4,normal,2.133,True,1280,720,10.0,50,5.0,Valid video stream.,TRAIN
normal_002400,002400.mp4,dataset/raw/normal/002400.mp4,normal,2.222,True,1280,720,10.0,50,5.0,Valid video stream.,TRAIN
normal_002401,002401.mp4,dataset/raw/normal/002401.mp4,normal,1.596,True,1280,720,10.0,50,5.0,Valid video stream.,TRAIN
normal_002402,002402.mp4,dataset/raw/normal/002402.mp4,normal,1.458,True,1280,720,10.0,50,5.0,Valid video stream.,TRAIN
normal_002403,002403.mp4,dataset/raw/normal/002403.mp4,normal,1.696,True,1280,720,10.0,50,5.0,Valid video stream.,TRAIN
normal_002404,002404.mp4,dataset/raw/normal/002404.mp4,normal,1.33,True,1280,720,10.0,50,5.0,Valid video stream.,TRAIN
normal_002405,002405.mp4,dataset/raw/normal/002405.mp4,normal,1.017,True,1280,720,10.0,50,5.0,Valid video stream.,TRAIN
normal_002406,002406.mp4,dataset/raw/normal/002406.mp4,normal,1.001,True,1280,720,10.0,50,5.0,Valid video stream.,TRAIN
normal_002407,002407.mp4,dataset/raw/normal/002407.mp4,normal,0.957,True,1280,720,10.0,50,5.0,Valid video stream.,TRAIN
normal_002408,002408.mp4,dataset/raw/normal/002408.mp4,normal,1.523,True,1280,720,10.0,50,5.0,Valid video stream.,VALIDATION
normal_002409,002409.mp4,dataset/raw/normal/002409.mp4,normal,1.451,True,1280,720,10.0,50,5.0,Valid video stream.,TRAIN
normal_002410,002410.mp4,dataset/raw/normal/002410.mp4,normal,0.893,True,1280,720,10.0,50,5.0,Valid video stream.,TRAIN
normal_002411,002411.mp4,dataset/raw/normal/002411.mp4,normal,1.191,True,1280,720,10.0,50,5.0,Valid video stream.,TRAIN
normal_002412,002412.mp4,dataset/raw/normal/002412.mp4,normal,1.284,True,1280,720,10.0,50,5.0,Valid video stream.,TRAIN
normal_002413,002413.mp4,dataset/raw/normal/002413.mp4,normal,1.517,True,1280,720,10.0,50,5.0,Valid video stream.,TEST
normal_002414,002414.mp4,dataset/raw/normal/002414.mp4,normal,1.483,True,1280,720,10.0,50,5.0,Valid video stream.,TRAIN
normal_002415,002415.mp4,dataset/raw/normal/002415.mp4,normal,1.211,True,1280,720,10.0,50,5.0,Valid video stream.,TRAIN
normal_002416,002416.mp4,dataset/raw/normal/002416.mp4,normal,4.253,True,1280,720,10.0,50,5.0,Valid video stream.,TRAIN
normal_002417,002417.mp4,dataset/raw/normal/002417.mp4,normal,3.099,True,1280,720,10.0,50,5.0,Valid video stream.,TRAIN
normal_002418,002418.mp4,dataset/raw/normal/002418.mp4,normal,4.262,True,1280,720,10.0,50,5.0,Valid video stream.,VALIDATION
normal_002419,002419.mp4,dataset/raw/normal/002419.mp4,normal,0.908,True,1280,720,10.0,50,5.0,Valid video stream.,TRAIN
normal_002420,002420.mp4,dataset/raw/normal/002420.mp4,normal,0.833,True,1280,720,10.0,50,5.0,Valid video stream.,TRAIN
normal_002421,002421.mp4,dataset/raw/normal/002421.mp4,normal,1.357,True,1280,720,10.0,50,5.0,Valid video stream.,TRAIN
normal_002422,002422.mp4,dataset/raw/normal/002422.mp4,normal,4.022,True,1280,720,10.0,50,5.0,Valid video stream.,TRAIN
normal_002423,002423.mp4,dataset/raw/normal/002423.mp4,normal,3.288,True,1280,720,10.0,50,5.0,Valid video stream.,TEST
normal_002424,002424.mp4,dataset/raw/normal/002424.mp4,normal,4.727,True,1280,720,10.0,50,5.0,Valid video stream.,TRAIN
normal_002425,002425.mp4,dataset/raw/normal/002425.mp4,normal,4.383,True,1280,720,10.0,50,5.0,Valid video stream.,TRAIN
normal_002426,002426.mp4,dataset/raw/normal/002426.mp4,normal,2.462,True,1280,720,10.0,50,5.0,Valid video stream.,TRAIN
normal_002427,002427.mp4,dataset/raw/normal/002427.mp4,normal,1.539,True,1280,720,10.0,50,5.0,Valid video stream.,TRAIN
normal_002428,002428.mp4,dataset/raw/normal/002428.mp4,normal,4.806,True,1280,720,10.0,50,5.0,Valid video stream.,TRAIN
normal_002429,002429.mp4,dataset/raw/normal/002429.mp4,normal,4.207,True,1280,720,10.0,50,5.0,Valid video stream.,VALIDATION
normal_002430,002430.mp4,dataset/raw/normal/002430.mp4,normal,4.753,True,1280,720,10.0,50,5.0,Valid video stream.,TEST
normal_002431,002431.mp4,dataset/raw/normal/002431.mp4,normal,1.61,True,1280,720,10.0,50,5.0,Valid video stream.,TRAIN
normal_002432,002432.mp4,dataset/raw/normal/002432.mp4,normal,2.193,True,1280,720,10.0,50,5.0,Valid video stream.,TRAIN
normal_002433,002433.mp4,dataset/raw/normal/002433.mp4,normal,1.422,True,1280,720,10.0,50,5.0,Valid video stream.,TRAIN
normal_002434,002434.mp4,dataset/raw/normal/002434.mp4,normal,2.125,True,1280,720,10.0,50,5.0,Valid video stream.,TEST
normal_002435,002435.mp4,dataset/raw/normal/002435.mp4,normal,2.589,True,1280,720,10.0,50,5.0,Valid video stream.,TRAIN
normal_002436,002436.mp4,dataset/raw/normal/002436.mp4,normal,2.971,True,1280,720,10.0,50,5.0,Valid video stream.,TRAIN
normal_002437,002437.mp4,dataset/raw/normal/002437.mp4,normal,1.056,True,1280,720,10.0,50,5.0,Valid video stream.,TRAIN
normal_002438,002438.mp4,dataset/raw/normal/002438.mp4,normal,0.98,True,1280,720,10.0,50,5.0,Valid video stream.,TEST
normal_002439,002439.mp4,dataset/raw/normal/002439.mp4,normal,0.939,True,1280,720,10.0,50,5.0,Valid video stream.,VALIDATION
normal_002440,002440.mp4,dataset/raw/normal/002440.mp4,normal,0.749,True,1280,720,10.0,50,5.0,Valid video stream.,TRAIN
normal_002441,002441.mp4,dataset/raw/normal/002441.mp4,normal,1.488,True,1280,720,10.0,50,5.0,Valid video stream.,TRAIN
normal_002442,002442.mp4,dataset/raw/normal/002442.mp4,normal,1.618,True,1280,720,10.0,50,5.0,Valid video stream.,VALIDATION
normal_002443,002443.mp4,dataset/raw/normal/002443.mp4,normal,1.103,True,1280,720,10.0,50,5.0,Valid video stream.,TEST
normal_002444,002444.mp4,dataset/raw/normal/002444.mp4,normal,1.202,True,1280,720,10.0,50,5.0,Valid video stream.,TRAIN
normal_002445,002445.mp4,dataset/raw/normal/002445.mp4,normal,1.77,True,1280,720,10.0,50,5.0,Valid video stream.,TEST
normal_002446,002446.mp4,dataset/raw/normal/002446.mp4,normal,1.707,True,1280,720,10.0,50,5.0,Valid video stream.,TRAIN
normal_002447,002447.mp4,dataset/raw/normal/002447.mp4,normal,1.7,True,1280,720,10.0,50,5.0,Valid video stream.,TEST
normal_002448,002448.mp4,dataset/raw/normal/002448.mp4,normal,2.002,True,1280,720,10.0,50,5.0,Valid video stream.,TRAIN
normal_002449,002449.mp4,dataset/raw/normal/002449.mp4,normal,3.195,True,1280,720,10.0,50,5.0,Valid video stream.,TEST
normal_002450,002450.mp4,dataset/raw/normal/002450.mp4,normal,2.704,True,1280,720,10.0,50,5.0,Valid video stream.,TRAIN
normal_002451,002451.mp4,dataset/raw/normal/002451.mp4,normal,1.774,True,1280,720,10.0,50,5.0,Valid video stream.,TRAIN
normal_002452,002452.mp4,dataset/raw/normal/002452.mp4,normal,5.468,True,1280,720,10.0,50,5.0,Valid video stream.,TRAIN
normal_002453,002453.mp4,dataset/raw/normal/002453.mp4,normal,5.289,True,1280,720,10.0,50,5.0,Valid video stream.,TRAIN
normal_002454,002454.mp4,dataset/raw/normal/002454.mp4,normal,2.688,True,1280,720,10.0,50,5.0,Valid video stream.,TRAIN
normal_002455,002455.mp4,dataset/raw/normal/002455.mp4,normal,2.792,True,1280,720,10.0,50,5.0,Valid video stream.,TEST
normal_002456,002456.mp4,dataset/raw/normal/002456.mp4,normal,2.612,True,1280,720,10.0,50,5.0,Valid video stream.,TRAIN
normal_002457,002457.mp4,dataset/raw/normal/002457.mp4,normal,3.306,True,1280,720,10.0,50,5.0,Valid video stream.,TRAIN
normal_002458,002458.mp4,dataset/raw/normal/002458.mp4,normal,3.468,True,1280,720,10.0,50,5.0,Valid video stream.,TRAIN
normal_002459,002459.mp4,dataset/raw/normal/002459.mp4,normal,7.705,True,1280,720,10.0,50,5.0,Valid video stream.,TRAIN
normal_002460,002460.mp4,dataset/raw/normal/002460.mp4,normal,7.238,True,1280,720,10.0,50,5.0,Valid video stream.,TEST
normal_002461,002461.mp4,dataset/raw/normal/002461.mp4,normal,3.733,True,1280,720,10.0,50,5.0,Valid video stream.,TRAIN
normal_002462,002462.mp4,dataset/raw/normal/002462.mp4,normal,2.946,True,1280,720,10.0,50,5.0,Valid video stream.,TRAIN
normal_002463,002463.mp4,dataset/raw/normal/002463.mp4,normal,2.714,True,1280,720,10.0,50,5.0,Valid video stream.,TRAIN
normal_002464,002464.mp4,dataset/raw/normal/002464.mp4,normal,1.437,True,1280,720,10.0,50,5.0,Valid video stream.,TRAIN
normal_002465,002465.mp4,dataset/raw/normal/002465.mp4,normal,1.153,True,1280,720,10.0,50,5.0,Valid video stream.,VALIDATION
normal_002466,002466.mp4,dataset/raw/normal/002466.mp4,normal,1.352,True,1280,720,10.0,50,5.0,Valid video stream.,TRAIN
normal_002467,002467.mp4,dataset/raw/normal/002467.mp4,normal,1.69,True,1280,720,10.0,50,5.0,Valid video stream.,TRAIN
normal_002468,002468.mp4,dataset/raw/normal/002468.mp4,normal,1.948,True,1280,720,10.0,50,5.0,Valid video stream.,TEST
normal_002469,002469.mp4,dataset/raw/normal/002469.mp4,normal,1.961,True,1280,720,10.0,50,5.0,Valid video stream.,TEST
normal_002470,002470.mp4,dataset/raw/normal/002470.mp4,normal,6.857,True,1280,720,10.0,50,5.0,Valid video stream.,TRAIN
normal_002471,002471.mp4,dataset/raw/normal/002471.mp4,normal,6.114,True,1280,720,10.0,50,5.0,Valid video stream.,TRAIN
normal_002472,002472.mp4,dataset/raw/normal/002472.mp4,normal,4.085,True,1280,720,10.0,50,5.0,Valid video stream.,TRAIN
normal_002473,002473.mp4,dataset/raw/normal/002473.mp4,normal,1.34,True,1280,720,10.0,50,5.0,Valid video stream.,TRAIN
normal_002474,002474.mp4,dataset/raw/normal/002474.mp4,normal,1.307,True,1280,720,10.0,50,5.0,Valid video stream.,VALIDATION
normal_002475,002475.mp4,dataset/raw/normal/002475.mp4,normal,1.512,True,1280,720,10.0,50,5.0,Valid video stream.,TRAIN
normal_002476,002476.mp4,dataset/raw/normal/002476.mp4,normal,2.002,True,1280,720,10.0,50,5.0,Valid video stream.,TRAIN
normal_002477,002477.mp4,dataset/raw/normal/002477.mp4,normal,1.67,True,1280,720,10.0,50,5.0,Valid video stream.,TEST
normal_002478,002478.mp4,dataset/raw/normal/002478.mp4,normal,0.871,True,1280,720,10.0,50,5.0,Valid video stream.,TRAIN
normal_002479,002479.mp4,dataset/raw/normal/002479.mp4,normal,3.476,True,1280,720,10.0,50,5.0,Valid video stream.,TEST
normal_002480,002480.mp4,dataset/raw/normal/002480.mp4,normal,1.996,True,1280,720,10.0,50,5.0,Valid video stream.,TRAIN
normal_002481,002481.mp4,dataset/raw/normal/002481.mp4,normal,0.95,True,1280,720,10.0,50,5.0,Valid video stream.,VALIDATION
normal_002482,002482.mp4,dataset/raw/normal/002482.mp4,normal,0.832,True,1280,720,10.0,50,5.0,Valid video stream.,TRAIN
normal_002483,002483.mp4,dataset/raw/normal/002483.mp4,normal,1.357,True,1280,720,10.0,50,5.0,Valid video stream.,TRAIN
normal_002484,002484.mp4,dataset/raw/normal/002484.mp4,normal,1.876,True,1280,720,10.0,50,5.0,Valid video stream.,VALIDATION
normal_002485,002485.mp4,dataset/raw/normal/002485.mp4,normal,2.057,True,1280,720,10.0,50,5.0,Valid video stream.,TRAIN
normal_002486,002486.mp4,dataset/raw/normal/002486.mp4,normal,2.296,True,1280,720,10.0,50,5.0,Valid video stream.,VALIDATION
normal_002487,002487.mp4,dataset/raw/normal/002487.mp4,normal,1.654,True,1280,720,10.0,50,5.0,Valid video stream.,TEST
normal_002488,002488.mp4,dataset/raw/normal/002488.mp4,normal,1.165,True,1280,720,10.0,50,5.0,Valid video stream.,VALIDATION
normal_002489,002489.mp4,dataset/raw/normal/002489.mp4,normal,2.433,True,1280,720,10.0,50,5.0,Valid video stream.,TRAIN
normal_002490,002490.mp4,dataset/raw/normal/002490.mp4,normal,2.898,True,1280,720,10.0,50,5.0,Valid video stream.,VALIDATION
normal_002491,002491.mp4,dataset/raw/normal/002491.mp4,normal,3.283,True,1280,720,10.0,50,5.0,Valid video stream.,TRAIN
normal_002492,002492.mp4,dataset/raw/normal/002492.mp4,normal,3.697,True,1280,720,10.0,50,5.0,Valid video stream.,TRAIN
normal_002493,002493.mp4,dataset/raw/normal/002493.mp4,normal,3.512,True,1280,720,10.0,50,5.0,Valid video stream.,TRAIN
normal_002494,002494.mp4,dataset/raw/normal/002494.mp4,normal,4.654,True,1280,720,10.0,50,5.0,Valid video stream.,TEST
normal_002495,002495.mp4,dataset/raw/normal/002495.mp4,normal,3.466,True,1280,720,10.0,50,5.0,Valid video stream.,TEST
normal_002496,002496.mp4,dataset/raw/normal/002496.mp4,normal,4.842,True,1280,720,10.0,50,5.0,Valid video stream.,VALIDATION
normal_002497,002497.mp4,dataset/raw/normal/002497.mp4,normal,1.725,True,1280,720,10.0,50,5.0,Valid video stream.,TRAIN
normal_002498,002498.mp4,dataset/raw/normal/002498.mp4,normal,1.568,True,1280,720,10.0,50,5.0,Valid video stream.,TEST
normal_002499,002499.mp4,dataset/raw/normal/002499.mp4,normal,1.714,True,1280,720,10.0,50,5.0,Valid video stream.,VALIDATION
normal_002500,002500.mp4,dataset/raw/normal/002500.mp4,normal,1.303,True,1280,720,10.0,50,5.0,Valid video stream.,TRAIN
normal_002501,002501.mp4,dataset/raw/normal/002501.mp4,normal,1.355,True,1280,720,10.0,50,5.0,Valid video stream.,TEST
normal_002502,002502.mp4,dataset/raw/normal/002502.mp4,normal,0.792,True,1280,720,10.0,50,5.0,Valid video stream.,TRAIN
normal_002503,002503.mp4,dataset/raw/normal/002503.mp4,normal,1.034,True,1280,720,10.0,50,5.0,Valid video stream.,TRAIN
normal_002504,002504.mp4,dataset/raw/normal/002504.mp4,normal,1.617,True,1280,720,10.0,50,5.0,Valid video stream.,TRAIN
normal_002505,002505.mp4,dataset/raw/normal/002505.mp4,normal,1.178,True,1280,720,10.0,50,5.0,Valid video stream.,TRAIN
normal_002506,002506.mp4,dataset/raw/normal/002506.mp4,normal,1.12,True,1280,720,10.0,50,5.0,Valid video stream.,TRAIN
normal_002507,002507.mp4,dataset/raw/normal/002507.mp4,normal,1.108,True,1280,720,10.0,50,5.0,Valid video stream.,TRAIN
normal_002508,002508.mp4,dataset/raw/normal/002508.mp4,normal,0.946,True,1280,720,10.0,50,5.0,Valid video stream.,TRAIN
normal_002509,002509.mp4,dataset/raw/normal/002509.mp4,normal,1.472,True,1280,720,10.0,50,5.0,Valid video stream.,TRAIN
normal_002510,002510.mp4,dataset/raw/normal/002510.mp4,normal,2.213,True,1280,720,10.0,50,5.0,Valid video stream.,TRAIN
normal_002511,002511.mp4,dataset/raw/normal/002511.mp4,normal,2.01,True,1280,720,10.0,50,5.0,Valid video stream.,TRAIN
normal_002512,002512.mp4,dataset/raw/normal/002512.mp4,normal,1.063,True,1280,720,10.0,50,5.0,Valid video stream.,TRAIN
normal_002513,002513.mp4,dataset/raw/normal/002513.mp4,normal,1.281,True,1280,720,10.0,50,5.0,Valid video stream.,TRAIN
normal_002514,002514.mp4,dataset/raw/normal/002514.mp4,normal,0.936,True,1280,720,10.0,50,5.0,Valid video stream.,TEST
normal_002515,002515.mp4,dataset/raw/normal/002515.mp4,normal,1.307,True,1280,720,10.0,50,5.0,Valid video stream.,TRAIN
normal_002516,002516.mp4,dataset/raw/normal/002516.mp4,normal,0.857,True,1280,720,10.0,50,5.0,Valid video stream.,TRAIN
normal_002517,002517.mp4,dataset/raw/normal/002517.mp4,normal,0.723,True,1280,720,10.0,50,5.0,Valid video stream.,VALIDATION
normal_002518,002518.mp4,dataset/raw/normal/002518.mp4,normal,1.978,True,1280,720,10.0,50,5.0,Valid video stream.,TRAIN
normal_002519,002519.mp4,dataset/raw/normal/002519.mp4,normal,1.702,True,1280,720,10.0,50,5.0,Valid video stream.,TEST
normal_002520,002520.mp4,dataset/raw/normal/002520.mp4,normal,1.835,True,1280,720,10.0,50,5.0,Valid video stream.,TEST
normal_002521,002521.mp4,dataset/raw/normal/002521.mp4,normal,1.659,True,1280,720,10.0,50,5.0,Valid video stream.,TEST
normal_002522,002522.mp4,dataset/raw/normal/002522.mp4,normal,1.493,True,1280,720,10.0,50,5.0,Valid video stream.,TRAIN
normal_002523,002523.mp4,dataset/raw/normal/002523.mp4,normal,1.444,True,1280,720,10.0,50,5.0,Valid video stream.,TRAIN
normal_002524,002524.mp4,dataset/raw/normal/002524.mp4,normal,3.72,True,1280,720,10.0,50,5.0,Valid video stream.,TRAIN
normal_002525,002525.mp4,dataset/raw/normal/002525.mp4,normal,3.27,True,1280,720,10.0,50,5.0,Valid video stream.,TRAIN
normal_002526,002526.mp4,dataset/raw/normal/002526.mp4,normal,2.822,True,1280,720,10.0,50,5.0,Valid video stream.,TRAIN
normal_002527,002527.mp4,dataset/raw/normal/002527.mp4,normal,1.857,True,1280,720,10.0,50,5.0,Valid video stream.,TRAIN
normal_002528,002528.mp4,dataset/raw/normal/002528.mp4,normal,3.932,True,1280,720,10.0,50,5.0,Valid video stream.,TRAIN
normal_002529,002529.mp4,dataset/raw/normal/002529.mp4,normal,2.177,True,1280,720,10.0,50,5.0,Valid video stream.,TRAIN
normal_002530,002530.mp4,dataset/raw/normal/002530.mp4,normal,1.464,True,1280,720,10.0,50,5.0,Valid video stream.,VALIDATION
normal_002531,002531.mp4,dataset/raw/normal/002531.mp4,normal,1.065,True,1280,720,10.0,50,5.0,Valid video stream.,TEST
normal_002532,002532.mp4,dataset/raw/normal/002532.mp4,normal,0.495,True,1280,720,10.0,50,5.0,Valid video stream.,TEST
normal_002533,002533.mp4,dataset/raw/normal/002533.mp4,normal,2.119,True,1280,720,10.0,50,5.0,Valid video stream.,TRAIN
normal_002534,002534.mp4,dataset/raw/normal/002534.mp4,normal,2.344,True,1280,720,10.0,50,5.0,Valid video stream.,TRAIN
normal_002535,002535.mp4,dataset/raw/normal/002535.mp4,normal,2.67,True,1280,720,10.0,50,5.0,Valid video stream.,TRAIN
normal_002536,002536.mp4,dataset/raw/normal/002536.mp4,normal,2.136,True,1280,720,10.0,50,5.0,Valid video stream.,TRAIN
normal_002537,002537.mp4,dataset/raw/normal/002537.mp4,normal,2.646,True,1280,720,10.0,50,5.0,Valid video stream.,TRAIN
normal_002538,002538.mp4,dataset/raw/normal/002538.mp4,normal,2.616,True,1280,720,10.0,50,5.0,Valid video stream.,TRAIN
normal_002539,002539.mp4,dataset/raw/normal/002539.mp4,normal,1.555,True,1280,720,10.0,50,5.0,Valid video stream.,TRAIN
normal_002540,002540.mp4,dataset/raw/normal/002540.mp4,normal,1.429,True,1280,720,10.0,50,5.0,Valid video stream.,TRAIN
normal_002541,002541.mp4,dataset/raw/normal/002541.mp4,normal,1.097,True,1280,720,10.0,50,5.0,Valid video stream.,TRAIN
normal_002542,002542.mp4,dataset/raw/normal/002542.mp4,normal,0.738,True,1280,720,10.0,50,5.0,Valid video stream.,TRAIN
normal_002543,002543.mp4,dataset/raw/normal/002543.mp4,normal,1.02,True,1280,720,10.0,50,5.0,Valid video stream.,TRAIN
normal_002544,002544.mp4,dataset/raw/normal/002544.mp4,normal,0.16,True,1280,720,10.0,50,5.0,Valid video stream.,VALIDATION
normal_002545,002545.mp4,dataset/raw/normal/002545.mp4,normal,1.036,True,1280,720,10.0,50,5.0,Valid video stream.,TRAIN
normal_002546,002546.mp4,dataset/raw/normal/002546.mp4,normal,1.524,True,1280,720,10.0,50,5.0,Valid video stream.,TRAIN
normal_002547,002547.mp4,dataset/raw/normal/002547.mp4,normal,1.674,True,1280,720,10.0,50,5.0,Valid video stream.,TEST
normal_002548,002548.mp4,dataset/raw/normal/002548.mp4,normal,0.446,True,1280,720,10.0,50,5.0,Valid video stream.,TRAIN
normal_002549,002549.mp4,dataset/raw/normal/002549.mp4,normal,0.262,True,1280,720,10.0,50,5.0,Valid video stream.,TRAIN
normal_002550,002550.mp4,dataset/raw/normal/002550.mp4,normal,0.298,True,1280,720,10.0,50,5.0,Valid video stream.,TRAIN
normal_002551,002551.mp4,dataset/raw/normal/002551.mp4,normal,1.829,True,1280,720,10.0,50,5.0,Valid video stream.,TRAIN
normal_002552,002552.mp4,dataset/raw/normal/002552.mp4,normal,1.834,True,1280,720,10.0,50,5.0,Valid video stream.,TEST
normal_002553,002553.mp4,dataset/raw/normal/002553.mp4,normal,1.325,True,1280,720,10.0,50,5.0,Valid video stream.,VALIDATION
normal_002554,002554.mp4,dataset/raw/normal/002554.mp4,normal,1.587,True,1280,720,10.0,50,5.0,Valid video stream.,TRAIN
normal_002555,002555.mp4,dataset/raw/normal/002555.mp4,normal,3.476,True,1280,720,10.0,50,5.0,Valid video stream.,TRAIN
normal_002556,002556.mp4,dataset/raw/normal/002556.mp4,normal,3.1,True,1280,720,10.0,50,5.0,Valid video stream.,TRAIN
normal_002557,002557.mp4,dataset/raw/normal/002557.mp4,normal,1.842,True,1280,720,10.0,50,5.0,Valid video stream.,TRAIN
normal_002558,002558.mp4,dataset/raw/normal/002558.mp4,normal,1.367,True,1280,720,10.0,50,5.0,Valid video stream.,TRAIN
normal_002559,002559.mp4,dataset/raw/normal/002559.mp4,normal,0.647,True,1280,720,10.0,50,5.0,Valid video stream.,TEST
normal_002560,002560.mp4,dataset/raw/normal/002560.mp4,normal,1.931,True,1280,720,10.0,50,5.0,Valid video stream.,TRAIN
normal_002561,002561.mp4,dataset/raw/normal/002561.mp4,normal,1.765,True,1280,720,10.0,50,5.0,Valid video stream.,TRAIN
normal_002562,002562.mp4,dataset/raw/normal/002562.mp4,normal,1.857,True,1280,720,10.0,50,5.0,Valid video stream.,TRAIN
normal_002563,002563.mp4,dataset/raw/normal/002563.mp4,normal,1.756,True,1280,720,10.0,50,5.0,Valid video stream.,VALIDATION
normal_002564,002564.mp4,dataset/raw/normal/002564.mp4,normal,2.103,True,1280,720,10.0,50,5.0,Valid video stream.,TRAIN
normal_002565,002565.mp4,dataset/raw/normal/002565.mp4,normal,1.61,True,1280,720,10.0,50,5.0,Valid video stream.,TRAIN
normal_002566,002566.mp4,dataset/raw/normal/002566.mp4,normal,1.292,True,1280,720,10.0,50,5.0,Valid video stream.,VALIDATION
normal_002567,002567.mp4,dataset/raw/normal/002567.mp4,normal,1.217,True,1280,720,10.0,50,5.0,Valid video stream.,TRAIN
normal_002568,002568.mp4,dataset/raw/normal/002568.mp4,normal,1.423,True,1280,720,10.0,50,5.0,Valid video stream.,TRAIN
normal_002569,002569.mp4,dataset/raw/normal/002569.mp4,normal,0.761,True,1280,720,10.0,50,5.0,Valid video stream.,TRAIN
normal_002570,002570.mp4,dataset/raw/normal/002570.mp4,normal,1.181,True,1280,720,10.0,50,5.0,Valid video stream.,TEST
normal_002571,002571.mp4,dataset/raw/normal/002571.mp4,normal,1.539,True,1280,720,10.0,50,5.0,Valid video stream.,VALIDATION
normal_002572,002572.mp4,dataset/raw/normal/002572.mp4,normal,2.832,True,1280,720,10.0,50,5.0,Valid video stream.,VALIDATION
normal_002573,002573.mp4,dataset/raw/normal/002573.mp4,normal,2.656,True,1280,720,10.0,50,5.0,Valid video stream.,TEST
normal_002574,002574.mp4,dataset/raw/normal/002574.mp4,normal,1.645,True,1280,720,10.0,50,5.0,Valid video stream.,TRAIN
normal_002575,002575.mp4,dataset/raw/normal/002575.mp4,normal,2.463,True,1280,720,10.0,50,5.0,Valid video stream.,TRAIN
normal_002576,002576.mp4,dataset/raw/normal/002576.mp4,normal,3.017,True,1280,720,10.0,50,5.0,Valid video stream.,TRAIN
normal_002577,002577.mp4,dataset/raw/normal/002577.mp4,normal,2.247,True,1280,720,10.0,50,5.0,Valid video stream.,TRAIN
normal_002578,002578.mp4,dataset/raw/normal/002578.mp4,normal,1.486,True,1280,720,10.0,50,5.0,Valid video stream.,TRAIN
normal_002579,002579.mp4,dataset/raw/normal/002579.mp4,normal,1.161,True,1280,720,10.0,50,5.0,Valid video stream.,TRAIN
normal_002580,002580.mp4,dataset/raw/normal/002580.mp4,normal,1.132,True,1280,720,10.0,50,5.0,Valid video stream.,TRAIN
normal_002581,002581.mp4,dataset/raw/normal/002581.mp4,normal,2.665,True,1280,720,10.0,50,5.0,Valid video stream.,VALIDATION
normal_002582,002582.mp4,dataset/raw/normal/002582.mp4,normal,2.852,True,1280,720,10.0,50,5.0,Valid video stream.,TRAIN
normal_002583,002583.mp4,dataset/raw/normal/002583.mp4,normal,2.965,True,1280,720,10.0,50,5.0,Valid video stream.,TRAIN
normal_002584,002584.mp4,dataset/raw/normal/002584.mp4,normal,2.547,True,1280,720,10.0,50,5.0,Valid video stream.,TRAIN
normal_002585,002585.mp4,dataset/raw/normal/002585.mp4,normal,2.751,True,1280,720,10.0,50,5.0,Valid video stream.,TEST
normal_002586,002586.mp4,dataset/raw/normal/002586.mp4,normal,3.548,True,1280,720,10.0,50,5.0,Valid video stream.,VALIDATION
normal_002587,002587.mp4,dataset/raw/normal/002587.mp4,normal,1.676,True,1280,720,10.0,50,5.0,Valid video stream.,TEST
normal_002588,002588.mp4,dataset/raw/normal/002588.mp4,normal,3.599,True,1280,720,10.0,50,5.0,Valid video stream.,TRAIN
normal_002589,002589.mp4,dataset/raw/normal/002589.mp4,normal,2.986,True,1280,720,10.0,50,5.0,Valid video stream.,TRAIN
normal_002590,002590.mp4,dataset/raw/normal/002590.mp4,normal,1.238,True,1280,720,10.0,50,5.0,Valid video stream.,TRAIN
normal_002591,002591.mp4,dataset/raw/normal/002591.mp4,normal,3.378,True,1280,720,10.0,50,5.0,Valid video stream.,TRAIN
normal_002592,002592.mp4,dataset/raw/normal/002592.mp4,normal,3.882,True,1280,720,10.0,50,5.0,Valid video stream.,TRAIN
normal_002593,002593.mp4,dataset/raw/normal/002593.mp4,normal,5.481,True,1280,720,10.0,50,5.0,Valid video stream.,TRAIN
normal_002594,002594.mp4,dataset/raw/normal/002594.mp4,normal,2.915,True,1280,720,10.0,50,5.0,Valid video stream.,TEST
normal_002595,002595.mp4,dataset/raw/normal/002595.mp4,normal,2.423,True,1280,720,10.0,50,5.0,Valid video stream.,TRAIN
normal_002596,002596.mp4,dataset/raw/normal/002596.mp4,normal,2.097,True,1280,720,10.0,50,5.0,Valid video stream.,TRAIN
normal_002597,002597.mp4,dataset/raw/normal/002597.mp4,normal,1.788,True,1280,720,10.0,50,5.0,Valid video stream.,TRAIN
normal_002598,002598.mp4,dataset/raw/normal/002598.mp4,normal,1.726,True,1280,720,10.0,50,5.0,Valid video stream.,VALIDATION
normal_002599,002599.mp4,dataset/raw/normal/002599.mp4,normal,4.724,True,1280,720,10.0,50,5.0,Valid video stream.,TRAIN
normal_002600,002600.mp4,dataset/raw/normal/002600.mp4,normal,5.18,True,1280,720,10.0,50,5.0,Valid video stream.,VALIDATION
normal_002601,002601.mp4,dataset/raw/normal/002601.mp4,normal,0.273,True,1280,720,10.0,50,5.0,Valid video stream.,TRAIN
normal_002602,002602.mp4,dataset/raw/normal/002602.mp4,normal,1.675,True,1280,720,10.0,50,5.0,Valid video stream.,TRAIN
normal_002603,002603.mp4,dataset/raw/normal/002603.mp4,normal,2.647,True,1280,720,10.0,50,5.0,Valid video stream.,TEST
normal_002604,002604.mp4,dataset/raw/normal/002604.mp4,normal,2.911,True,1280,720,10.0,50,5.0,Valid video stream.,VALIDATION
normal_002605,002605.mp4,dataset/raw/normal/002605.mp4,normal,0.814,True,1280,720,10.0,50,5.0,Valid video stream.,TRAIN
normal_002606,002606.mp4,dataset/raw/normal/002606.mp4,normal,0.757,True,1280,720,10.0,50,5.0,Valid video stream.,TRAIN
normal_002607,002607.mp4,dataset/raw/normal/002607.mp4,normal,0.596,True,1280,720,10.0,50,5.0,Valid video stream.,TRAIN
normal_002608,002608.mp4,dataset/raw/normal/002608.mp4,normal,3.674,True,1280,720,10.0,50,5.0,Valid video stream.,VALIDATION
normal_002609,002609.mp4,dataset/raw/normal/002609.mp4,normal,3.449,True,1280,720,10.0,50,5.0,Valid video stream.,TRAIN
normal_002610,002610.mp4,dataset/raw/normal/002610.mp4,normal,2.885,True,1280,720,10.0,50,5.0,Valid video stream.,TRAIN
normal_002611,002611.mp4,dataset/raw/normal/002611.mp4,normal,1.766,True,1280,720,10.0,50,5.0,Valid video stream.,TRAIN
normal_002612,002612.mp4,dataset/raw/normal/002612.mp4,normal,1.289,True,1280,720,10.0,50,5.0,Valid video stream.,TRAIN
normal_002613,002613.mp4,dataset/raw/normal/002613.mp4,normal,1.437,True,1280,720,10.0,50,5.0,Valid video stream.,TRAIN
normal_002614,002614.mp4,dataset/raw/normal/002614.mp4,normal,2.182,True,1280,720,10.0,50,5.0,Valid video stream.,TRAIN
normal_002615,002615.mp4,dataset/raw/normal/002615.mp4,normal,2.198,True,1280,720,10.0,50,5.0,Valid video stream.,TRAIN
normal_002616,002616.mp4,dataset/raw/normal/002616.mp4,normal,2.227,True,1280,720,10.0,50,5.0,Valid video stream.,TRAIN
normal_002617,002617.mp4,dataset/raw/normal/002617.mp4,normal,1.847,True,1280,720,10.0,50,5.0,Valid video stream.,TRAIN
normal_002618,002618.mp4,dataset/raw/normal/002618.mp4,normal,2.963,True,1280,720,10.0,50,5.0,Valid video stream.,TRAIN
normal_002619,002619.mp4,dataset/raw/normal/002619.mp4,normal,1.86,True,1280,720,10.0,50,5.0,Valid video stream.,TRAIN
normal_002620,002620.mp4,dataset/raw/normal/002620.mp4,normal,2.418,True,1280,720,10.0,50,5.0,Valid video stream.,TRAIN
normal_002621,002621.mp4,dataset/raw/normal/002621.mp4,normal,2.295,True,1280,720,10.0,50,5.0,Valid video stream.,TRAIN
normal_002622,002622.mp4,dataset/raw/normal/002622.mp4,normal,1.34,True,1280,720,10.0,50,5.0,Valid video stream.,TRAIN
normal_002623,002623.mp4,dataset/raw/normal/002623.mp4,normal,3.187,True,1280,720,10.0,50,5.0,Valid video stream.,TEST
normal_002624,002624.mp4,dataset/raw/normal/002624.mp4,normal,2.948,True,1280,720,10.0,50,5.0,Valid video stream.,VALIDATION
normal_002625,002625.mp4,dataset/raw/normal/002625.mp4,normal,1.986,True,1280,720,10.0,50,5.0,Valid video stream.,TRAIN
normal_002626,002626.mp4,dataset/raw/normal/002626.mp4,normal,1.1,True,1280,720,10.0,50,5.0,Valid video stream.,TRAIN
normal_002627,002627.mp4,dataset/raw/normal/002627.mp4,normal,1.0,True,1280,720,10.0,50,5.0,Valid video stream.,TEST
normal_002628,002628.mp4,dataset/raw/normal/002628.mp4,normal,1.137,True,1280,720,10.0,50,5.0,Valid video stream.,TRAIN
normal_002629,002629.mp4,dataset/raw/normal/002629.mp4,normal,2.374,True,1280,720,10.0,50,5.0,Valid video stream.,TRAIN
normal_002630,002630.mp4,dataset/raw/normal/002630.mp4,normal,1.381,True,1280,720,10.0,50,5.0,Valid video stream.,TRAIN
normal_002631,002631.mp4,dataset/raw/normal/002631.mp4,normal,0.76,True,1280,720,10.0,50,5.0,Valid video stream.,TRAIN
normal_002632,002632.mp4,dataset/raw/normal/002632.mp4,normal,1.061,True,1280,720,10.0,50,5.0,Valid video stream.,TRAIN
normal_002633,002633.mp4,dataset/raw/normal/002633.mp4,normal,0.664,True,1280,720,10.0,50,5.0,Valid video stream.,TEST
normal_002634,002634.mp4,dataset/raw/normal/002634.mp4,normal,0.75,True,1280,720,10.0,50,5.0,Valid video stream.,TEST
normal_002635,002635.mp4,dataset/raw/normal/002635.mp4,normal,1.177,True,1280,720,10.0,50,5.0,Valid video stream.,TRAIN
normal_002636,002636.mp4,dataset/raw/normal/002636.mp4,normal,1.63,True,1280,720,10.0,50,5.0,Valid video stream.,TEST
normal_002637,002637.mp4,dataset/raw/normal/002637.mp4,normal,1.714,True,1280,720,10.0,50,5.0,Valid video stream.,TRAIN
normal_002638,002638.mp4,dataset/raw/normal/002638.mp4,normal,3.346,True,1280,720,10.0,50,5.0,Valid video stream.,TRAIN
normal_002639,002639.mp4,dataset/raw/normal/002639.mp4,normal,3.622,True,1280,720,10.0,50,5.0,Valid video stream.,VALIDATION
normal_002640,002640.mp4,dataset/raw/normal/002640.mp4,normal,3.408,True,1280,720,10.0,50,5.0,Valid video stream.,TRAIN
normal_002641,002641.mp4,dataset/raw/normal/002641.mp4,normal,0.892,True,1280,720,10.0,50,5.0,Valid video stream.,TEST
normal_002642,002642.mp4,dataset/raw/normal/002642.mp4,normal,1.104,True,1280,720,10.0,50,5.0,Valid video stream.,TRAIN
normal_002643,002643.mp4,dataset/raw/normal/002643.mp4,normal,1.088,True,1280,720,10.0,50,5.0,Valid video stream.,TRAIN
normal_002644,002644.mp4,dataset/raw/normal/002644.mp4,normal,1.033,True,1280,720,10.0,50,5.0,Valid video stream.,TEST
normal_002645,002645.mp4,dataset/raw/normal/002645.mp4,normal,0.954,True,1280,720,10.0,50,5.0,Valid video stream.,TRAIN
normal_002646,002646.mp4,dataset/raw/normal/002646.mp4,normal,0.909,True,1280,720,10.0,50,5.0,Valid video stream.,TRAIN
normal_002647,002647.mp4,dataset/raw/normal/002647.mp4,normal,2.643,True,1280,720,10.0,50,5.0,Valid video stream.,TEST
normal_002648,002648.mp4,dataset/raw/normal/002648.mp4,normal,2.444,True,1280,720,10.0,50,5.0,Valid video stream.,VALIDATION
normal_002649,002649.mp4,dataset/raw/normal/002649.mp4,normal,1.493,True,1280,720,10.0,50,5.0,Valid video stream.,VALIDATION
normal_002650,002650.mp4,dataset/raw/normal/002650.mp4,normal,3.827,True,1280,720,10.0,50,5.0,Valid video stream.,TRAIN
normal_002651,002651.mp4,dataset/raw/normal/002651.mp4,normal,4.664,True,1280,720,10.0,50,5.0,Valid video stream.,TRAIN
normal_002652,002652.mp4,dataset/raw/normal/002652.mp4,normal,3.963,True,1280,720,10.0,50,5.0,Valid video stream.,TEST
normal_002653,002653.mp4,dataset/raw/normal/002653.mp4,normal,0.91,True,1280,720,10.0,50,5.0,Valid video stream.,TRAIN
normal_002654,002654.mp4,dataset/raw/normal/002654.mp4,normal,0.874,True,1280,720,10.0,50,5.0,Valid video stream.,TRAIN
normal_002655,002655.mp4,dataset/raw/normal/002655.mp4,normal,1.005,True,1280,720,10.0,50,5.0,Valid video stream.,TRAIN
normal_002656,002656.mp4,dataset/raw/normal/002656.mp4,normal,1.463,True,1280,720,10.0,50,5.0,Valid video stream.,TRAIN
normal_002657,002657.mp4,dataset/raw/normal/002657.mp4,normal,1.931,True,1280,720,10.0,50,5.0,Valid video stream.,TRAIN
normal_002658,002658.mp4,dataset/raw/normal/002658.mp4,normal,1.215,True,1280,720,10.0,50,5.0,Valid video stream.,TRAIN
normal_002659,002659.mp4,dataset/raw/normal/002659.mp4,normal,1.699,True,1280,720,10.0,50,5.0,Valid video stream.,TRAIN
normal_002660,002660.mp4,dataset/raw/normal/002660.mp4,normal,2.377,True,1280,720,10.0,50,5.0,Valid video stream.,TEST
normal_002661,002661.mp4,dataset/raw/normal/002661.mp4,normal,2.249,True,1280,720,10.0,50,5.0,Valid video stream.,TRAIN
normal_002662,002662.mp4,dataset/raw/normal/002662.mp4,normal,1.568,True,1280,720,10.0,50,5.0,Valid video stream.,TRAIN
normal_002663,002663.mp4,dataset/raw/normal/002663.mp4,normal,0.902,True,1280,720,10.0,50,5.0,Valid video stream.,TRAIN
normal_002664,002664.mp4,dataset/raw/normal/002664.mp4,normal,0.775,True,1280,720,10.0,50,5.0,Valid video stream.,TRAIN
normal_002665,002665.mp4,dataset/raw/normal/002665.mp4,normal,0.639,True,1280,720,10.0,50,5.0,Valid video stream.,TRAIN
normal_002666,002666.mp4,dataset/raw/normal/002666.mp4,normal,1.024,True,1280,720,10.0,50,5.0,Valid video stream.,TEST
normal_002667,002667.mp4,dataset/raw/normal/002667.mp4,normal,1.106,True,1280,720,10.0,50,5.0,Valid video stream.,TRAIN
normal_002668,002668.mp4,dataset/raw/normal/002668.mp4,normal,3.952,True,1280,720,10.0,50,5.0,Valid video stream.,TRAIN
normal_002669,002669.mp4,dataset/raw/normal/002669.mp4,normal,3.341,True,1280,720,10.0,50,5.0,Valid video stream.,TRAIN
normal_002670,002670.mp4,dataset/raw/normal/002670.mp4,normal,2.59,True,1280,720,10.0,50,5.0,Valid video stream.,TEST
normal_002671,002671.mp4,dataset/raw/normal/002671.mp4,normal,1.619,True,1280,720,10.0,50,5.0,Valid video stream.,VALIDATION
normal_002672,002672.mp4,dataset/raw/normal/002672.mp4,normal,1.361,True,1280,720,10.0,50,5.0,Valid video stream.,VALIDATION
normal_002673,002673.mp4,dataset/raw/normal/002673.mp4,normal,2.495,True,1280,720,10.0,50,5.0,Valid video stream.,TRAIN
normal_002674,002674.mp4,dataset/raw/normal/002674.mp4,normal,2.8,True,1280,720,10.0,50,5.0,Valid video stream.,TRAIN
normal_002675,002675.mp4,dataset/raw/normal/002675.mp4,normal,2.663,True,1280,720,10.0,50,5.0,Valid video stream.,TRAIN
normal_002676,002676.mp4,dataset/raw/normal/002676.mp4,normal,2.632,True,1280,720,10.0,50,5.0,Valid video stream.,TRAIN
normal_002677,002677.mp4,dataset/raw/normal/002677.mp4,normal,1.54,True,1280,720,10.0,50,5.0,Valid video stream.,TRAIN
normal_002678,002678.mp4,dataset/raw/normal/002678.mp4,normal,2.199,True,1280,720,10.0,50,5.0,Valid video stream.,VALIDATION
normal_002679,002679.mp4,dataset/raw/normal/002679.mp4,normal,1.775,True,1280,720,10.0,50,5.0,Valid video stream.,VALIDATION
normal_002680,002680.mp4,dataset/raw/normal/002680.mp4,normal,2.549,True,1280,720,10.0,50,5.0,Valid video stream.,TRAIN
normal_002681,002681.mp4,dataset/raw/normal/002681.mp4,normal,2.532,True,1280,720,10.0,50,5.0,Valid video stream.,TRAIN
normal_002682,002682.mp4,dataset/raw/normal/002682.mp4,normal,1.882,True,1280,720,10.0,50,5.0,Valid video stream.,VALIDATION
normal_002683,002683.mp4,dataset/raw/normal/002683.mp4,normal,2.287,True,1280,720,10.0,50,5.0,Valid video stream.,TRAIN
normal_002684,002684.mp4,dataset/raw/normal/002684.mp4,normal,1.878,True,1280,720,10.0,50,5.0,Valid video stream.,TRAIN
normal_002685,002685.mp4,dataset/raw/normal/002685.mp4,normal,2.232,True,1280,720,10.0,50,5.0,Valid video stream.,TEST
normal_002686,002686.mp4,dataset/raw/normal/002686.mp4,normal,1.685,True,1280,720,10.0,50,5.0,Valid video stream.,TRAIN
normal_002687,002687.mp4,dataset/raw/normal/002687.mp4,normal,1.55,True,1280,720,10.0,50,5.0,Valid video stream.,TEST
normal_002688,002688.mp4,dataset/raw/normal/002688.mp4,normal,1.959,True,1280,720,10.0,50,5.0,Valid video stream.,TEST
normal_002689,002689.mp4,dataset/raw/normal/002689.mp4,normal,1.623,True,1280,720,10.0,50,5.0,Valid video stream.,TRAIN
normal_002690,002690.mp4,dataset/raw/normal/002690.mp4,normal,1.741,True,1280,720,10.0,50,5.0,Valid video stream.,TEST
normal_002691,002691.mp4,dataset/raw/normal/002691.mp4,normal,1.106,True,1280,720,10.0,50,5.0,Valid video stream.,TRAIN
normal_002692,002692.mp4,dataset/raw/normal/002692.mp4,normal,3.664,True,1280,720,10.0,50,5.0,Valid video stream.,TEST
normal_002693,002693.mp4,dataset/raw/normal/002693.mp4,normal,3.693,True,1280,720,10.0,50,5.0,Valid video stream.,TEST
normal_002694,002694.mp4,dataset/raw/normal/002694.mp4,normal,4.23,True,1280,720,10.0,50,5.0,Valid video stream.,TRAIN
normal_002695,002695.mp4,dataset/raw/normal/002695.mp4,normal,1.38,True,1280,720,10.0,50,5.0,Valid video stream.,TEST
normal_002696,002696.mp4,dataset/raw/normal/002696.mp4,normal,0.865,True,1280,720,10.0,50,5.0,Valid video stream.,TRAIN
normal_002697,002697.mp4,dataset/raw/normal/002697.mp4,normal,0.816,True,1280,720,10.0,50,5.0,Valid video stream.,TRAIN
normal_002698,002698.mp4,dataset/raw/normal/002698.mp4,normal,1.993,True,1280,720,10.0,50,5.0,Valid video stream.,TRAIN
normal_002699,002699.mp4,dataset/raw/normal/002699.mp4,normal,4.632,True,1280,720,10.0,50,5.0,Valid video stream.,TRAIN
normal_002700,002700.mp4,dataset/raw/normal/002700.mp4,normal,3.072,True,1280,720,10.0,50,5.0,Valid video stream.,TRAIN
normal_002701,002701.mp4,dataset/raw/normal/002701.mp4,normal,3.066,True,1280,720,10.0,50,5.0,Valid video stream.,TRAIN
normal_002702,002702.mp4,dataset/raw/normal/002702.mp4,normal,3.154,True,1280,720,10.0,50,5.0,Valid video stream.,TRAIN
normal_002703,002703.mp4,dataset/raw/normal/002703.mp4,normal,3.199,True,1280,720,10.0,50,5.0,Valid video stream.,TRAIN
normal_002704,002704.mp4,dataset/raw/normal/002704.mp4,normal,2.153,True,1280,720,10.0,50,5.0,Valid video stream.,TRAIN
normal_002705,002705.mp4,dataset/raw/normal/002705.mp4,normal,2.631,True,1280,720,10.0,50,5.0,Valid video stream.,TRAIN
normal_002706,002706.mp4,dataset/raw/normal/002706.mp4,normal,0.809,True,1280,720,10.0,50,5.0,Valid video stream.,VALIDATION
normal_002707,002707.mp4,dataset/raw/normal/002707.mp4,normal,3.012,True,1280,720,10.0,50,5.0,Valid video stream.,TEST
normal_002708,002708.mp4,dataset/raw/normal/002708.mp4,normal,3.049,True,1280,720,10.0,50,5.0,Valid video stream.,TRAIN
normal_002709,002709.mp4,dataset/raw/normal/002709.mp4,normal,2.101,True,1280,720,10.0,50,5.0,Valid video stream.,TRAIN
normal_002710,002710.mp4,dataset/raw/normal/002710.mp4,normal,1.783,True,1280,720,10.0,50,5.0,Valid video stream.,TRAIN
normal_002711,002711.mp4,dataset/raw/normal/002711.mp4,normal,1.672,True,1280,720,10.0,50,5.0,Valid video stream.,TRAIN
normal_002712,002712.mp4,dataset/raw/normal/002712.mp4,normal,1.941,True,1280,720,10.0,50,5.0,Valid video stream.,TEST
normal_002713,002713.mp4,dataset/raw/normal/002713.mp4,normal,4.165,True,1280,720,10.0,50,5.0,Valid video stream.,TEST
normal_002714,002714.mp4,dataset/raw/normal/002714.mp4,normal,4.148,True,1280,720,10.0,50,5.0,Valid video stream.,TRAIN
normal_002715,002715.mp4,dataset/raw/normal/002715.mp4,normal,2.638,True,1280,720,10.0,50,5.0,Valid video stream.,TRAIN
normal_002716,002716.mp4,dataset/raw/normal/002716.mp4,normal,2.54,True,1280,720,10.0,50,5.0,Valid video stream.,VALIDATION
normal_002717,002717.mp4,dataset/raw/normal/002717.mp4,normal,2.039,True,1280,720,10.0,50,5.0,Valid video stream.,TRAIN
normal_002718,002718.mp4,dataset/raw/normal/002718.mp4,normal,1.974,True,1280,720,10.0,50,5.0,Valid video stream.,TRAIN
normal_002719,002719.mp4,dataset/raw/normal/002719.mp4,normal,6.868,True,1280,720,10.0,50,5.0,Valid video stream.,TEST
normal_002720,002720.mp4,dataset/raw/normal/002720.mp4,normal,4.991,True,1280,720,10.0,50,5.0,Valid video stream.,VALIDATION
normal_002721,002721.mp4,dataset/raw/normal/002721.mp4,normal,1.916,True,1280,720,10.0,50,5.0,Valid video stream.,TRAIN
normal_002722,002722.mp4,dataset/raw/normal/002722.mp4,normal,1.717,True,1280,720,10.0,50,5.0,Valid video stream.,TRAIN
normal_002723,002723.mp4,dataset/raw/normal/002723.mp4,normal,3.395,True,1280,720,10.0,50,5.0,Valid video stream.,TRAIN
normal_002724,002724.mp4,dataset/raw/normal/002724.mp4,normal,2.571,True,1280,720,10.0,50,5.0,Valid video stream.,TRAIN
normal_002725,002725.mp4,dataset/raw/normal/002725.mp4,normal,2.732,True,1280,720,10.0,50,5.0,Valid video stream.,TRAIN
normal_002726,002726.mp4,dataset/raw/normal/002726.mp4,normal,3.981,True,1280,720,10.0,50,5.0,Valid video stream.,TRAIN
normal_002727,002727.mp4,dataset/raw/normal/002727.mp4,normal,2.656,True,1280,720,10.0,50,5.0,Valid video stream.,TRAIN
normal_002728,002728.mp4,dataset/raw/normal/002728.mp4,normal,5.807,True,1280,720,10.0,50,5.0,Valid video stream.,VALIDATION
normal_002729,002729.mp4,dataset/raw/normal/002729.mp4,normal,6.856,True,1280,720,10.0,50,5.0,Valid video stream.,TRAIN
normal_002730,002730.mp4,dataset/raw/normal/002730.mp4,normal,5.784,True,1280,720,10.0,50,5.0,Valid video stream.,TRAIN
normal_002731,002731.mp4,dataset/raw/normal/002731.mp4,normal,1.698,True,1280,720,10.0,50,5.0,Valid video stream.,VALIDATION
normal_002732,002732.mp4,dataset/raw/normal/002732.mp4,normal,1.265,True,1280,720,10.0,50,5.0,Valid video stream.,VALIDATION
normal_002733,002733.mp4,dataset/raw/normal/002733.mp4,normal,1.599,True,1280,720,10.0,50,5.0,Valid video stream.,TEST
normal_002734,002734.mp4,dataset/raw/normal/002734.mp4,normal,0.997,True,1280,720,10.0,50,5.0,Valid video stream.,TRAIN
normal_002735,002735.mp4,dataset/raw/normal/002735.mp4,normal,1.42,True,1280,720,10.0,50,5.0,Valid video stream.,TRAIN
normal_002736,002736.mp4,dataset/raw/normal/002736.mp4,normal,0.949,True,1280,720,10.0,50,5.0,Valid video stream.,VALIDATION
normal_002737,002737.mp4,dataset/raw/normal/002737.mp4,normal,2.347,True,1280,720,10.0,50,5.0,Valid video stream.,TEST
normal_002738,002738.mp4,dataset/raw/normal/002738.mp4,normal,2.245,True,1280,720,10.0,50,5.0,Valid video stream.,VALIDATION
normal_002739,002739.mp4,dataset/raw/normal/002739.mp4,normal,1.516,True,1280,720,10.0,50,5.0,Valid video stream.,VALIDATION
normal_002740,002740.mp4,dataset/raw/normal/002740.mp4,normal,1.373,True,1280,720,10.0,50,5.0,Valid video stream.,TRAIN
normal_002741,002741.mp4,dataset/raw/normal/002741.mp4,normal,1.771,True,1280,720,10.0,50,5.0,Valid video stream.,TRAIN
normal_002742,002742.mp4,dataset/raw/normal/002742.mp4,normal,0.849,True,1280,720,10.0,50,5.0,Valid video stream.,TRAIN
normal_002743,002743.mp4,dataset/raw/normal/002743.mp4,normal,0.902,True,1280,720,10.0,50,5.0,Valid video stream.,TRAIN
normal_002744,002744.mp4,dataset/raw/normal/002744.mp4,normal,0.909,True,1280,720,10.0,50,5.0,Valid video stream.,TRAIN
normal_002745,002745.mp4,dataset/raw/normal/002745.mp4,normal,0.879,True,1280,720,10.0,50,5.0,Valid video stream.,TRAIN
normal_002746,002746.mp4,dataset/raw/normal/002746.mp4,normal,1.514,True,1280,720,10.0,50,5.0,Valid video stream.,TRAIN
normal_002747,002747.mp4,dataset/raw/normal/002747.mp4,normal,1.505,True,1280,720,10.0,50,5.0,Valid video stream.,TRAIN
normal_002748,002748.mp4,dataset/raw/normal/002748.mp4,normal,1.399,True,1280,720,10.0,50,5.0,Valid video stream.,TRAIN
normal_002749,002749.mp4,dataset/raw/normal/002749.mp4,normal,1.744,True,1280,720,10.0,50,5.0,Valid video stream.,TRAIN
normal_002750,002750.mp4,dataset/raw/normal/002750.mp4,normal,1.703,True,1280,720,10.0,50,5.0,Valid video stream.,TRAIN
normal_002751,002751.mp4,dataset/raw/normal/002751.mp4,normal,1.113,True,1280,720,10.0,50,5.0,Valid video stream.,TRAIN
normal_002752,002752.mp4,dataset/raw/normal/002752.mp4,normal,0.743,True,1280,720,10.0,50,5.0,Valid video stream.,TRAIN
normal_002753,002753.mp4,dataset/raw/normal/002753.mp4,normal,1.597,True,1280,720,10.0,50,5.0,Valid video stream.,TRAIN
normal_002754,002754.mp4,dataset/raw/normal/002754.mp4,normal,1.923,True,1280,720,10.0,50,5.0,Valid video stream.,TRAIN
normal_002755,002755.mp4,dataset/raw/normal/002755.mp4,normal,4.948,True,1280,720,10.0,50,5.0,Valid video stream.,TRAIN
normal_002756,002756.mp4,dataset/raw/normal/002756.mp4,normal,4.986,True,1280,720,10.0,50,5.0,Valid video stream.,TRAIN
normal_002757,002757.mp4,dataset/raw/normal/002757.mp4,normal,5.653,True,1280,720,10.0,50,5.0,Valid video stream.,TEST
normal_002758,002758.mp4,dataset/raw/normal/002758.mp4,normal,2.728,True,1280,720,10.0,50,5.0,Valid video stream.,TRAIN
normal_002759,002759.mp4,dataset/raw/normal/002759.mp4,normal,2.248,True,1280,720,10.0,50,5.0,Valid video stream.,TRAIN
normal_002760,002760.mp4,dataset/raw/normal/002760.mp4,normal,3.531,True,1280,720,10.0,50,5.0,Valid video stream.,TRAIN
normal_002761,002761.mp4,dataset/raw/normal/002761.mp4,normal,1.521,True,1280,720,10.0,50,5.0,Valid video stream.,TEST
normal_002762,002762.mp4,dataset/raw/normal/002762.mp4,normal,1.459,True,1280,720,10.0,50,5.0,Valid video stream.,TRAIN
normal_002763,002763.mp4,dataset/raw/normal/002763.mp4,normal,1.398,True,1280,720,10.0,50,5.0,Valid video stream.,TRAIN
normal_002764,002764.mp4,dataset/raw/normal/002764.mp4,normal,2.105,True,1280,720,10.0,50,5.0,Valid video stream.,TRAIN
normal_002765,002765.mp4,dataset/raw/normal/002765.mp4,normal,4.736,True,1280,720,10.0,50,5.0,Valid video stream.,TEST
normal_002766,002766.mp4,dataset/raw/normal/002766.mp4,normal,1.899,True,1280,720,10.0,50,5.0,Valid video stream.,VALIDATION
normal_002767,002767.mp4,dataset/raw/normal/002767.mp4,normal,0.62,True,1280,720,10.0,50,5.0,Valid video stream.,TRAIN
normal_002768,002768.mp4,dataset/raw/normal/002768.mp4,normal,0.896,True,1280,720,10.0,50,5.0,Valid video stream.,TRAIN
normal_002769,002769.mp4,dataset/raw/normal/002769.mp4,normal,1.94,True,1280,720,10.0,50,5.0,Valid video stream.,TRAIN
normal_002770,002770.mp4,dataset/raw/normal/002770.mp4,normal,2.255,True,1280,720,10.0,50,5.0,Valid video stream.,TRAIN
normal_002771,002771.mp4,dataset/raw/normal/002771.mp4,normal,2.68,True,1280,720,10.0,50,5.0,Valid video stream.,TRAIN
normal_002772,002772.mp4,dataset/raw/normal/002772.mp4,normal,3.559,True,1280,720,10.0,50,5.0,Valid video stream.,VALIDATION
normal_002773,002773.mp4,dataset/raw/normal/002773.mp4,normal,1.707,True,1280,720,10.0,50,5.0,Valid video stream.,VALIDATION
normal_002774,002774.mp4,dataset/raw/normal/002774.mp4,normal,2.204,True,1280,720,10.0,50,5.0,Valid video stream.,TRAIN
normal_002775,002775.mp4,dataset/raw/normal/002775.mp4,normal,2.418,True,1280,720,10.0,50,5.0,Valid video stream.,TRAIN
normal_002776,002776.mp4,dataset/raw/normal/002776.mp4,normal,0.931,True,1280,720,10.0,50,5.0,Valid video stream.,TRAIN
normal_002777,002777.mp4,dataset/raw/normal/002777.mp4,normal,1.274,True,1280,720,10.0,50,5.0,Valid video stream.,TRAIN
normal_002778,002778.mp4,dataset/raw/normal/002778.mp4,normal,0.97,True,1280,720,10.0,50,5.0,Valid video stream.,TEST
normal_002779,002779.mp4,dataset/raw/normal/002779.mp4,normal,1.545,True,1280,720,10.0,50,5.0,Valid video stream.,TRAIN
normal_002780,002780.mp4,dataset/raw/normal/002780.mp4,normal,1.295,True,1280,720,10.0,50,5.0,Valid video stream.,TEST
normal_002781,002781.mp4,dataset/raw/normal/002781.mp4,normal,1.459,True,1280,720,10.0,50,5.0,Valid video stream.,TRAIN
normal_002782,002782.mp4,dataset/raw/normal/002782.mp4,normal,1.789,True,1280,720,10.0,50,5.0,Valid video stream.,TRAIN
normal_002783,002783.mp4,dataset/raw/normal/002783.mp4,normal,1.779,True,1280,720,10.0,50,5.0,Valid video stream.,VALIDATION
normal_002784,002784.mp4,dataset/raw/normal/002784.mp4,normal,1.789,True,1280,720,10.0,50,5.0,Valid video stream.,TEST
normal_002785,002785.mp4,dataset/raw/normal/002785.mp4,normal,0.728,True,1280,720,10.0,50,5.0,Valid video stream.,TRAIN
normal_002786,002786.mp4,dataset/raw/normal/002786.mp4,normal,0.923,True,1280,720,10.0,50,5.0,Valid video stream.,TRAIN
normal_002787,002787.mp4,dataset/raw/normal/002787.mp4,normal,0.451,True,1280,720,10.0,50,5.0,Valid video stream.,TEST
normal_002788,002788.mp4,dataset/raw/normal/002788.mp4,normal,1.978,True,1280,720,10.0,50,5.0,Valid video stream.,VALIDATION
normal_002789,002789.mp4,dataset/raw/normal/002789.mp4,normal,1.604,True,1280,720,10.0,50,5.0,Valid video stream.,TEST
normal_002790,002790.mp4,dataset/raw/normal/002790.mp4,normal,0.891,True,1280,720,10.0,50,5.0,Valid video stream.,TEST
normal_002791,002791.mp4,dataset/raw/normal/002791.mp4,normal,1.476,True,1280,720,10.0,50,5.0,Valid video stream.,VALIDATION
normal_002792,002792.mp4,dataset/raw/normal/002792.mp4,normal,1.18,True,1280,720,10.0,50,5.0,Valid video stream.,TEST
normal_002793,002793.mp4,dataset/raw/normal/002793.mp4,normal,1.668,True,1280,720,10.0,50,5.0,Valid video stream.,TRAIN
normal_002794,002794.mp4,dataset/raw/normal/002794.mp4,normal,2.441,True,1280,720,10.0,50,5.0,Valid video stream.,TRAIN
normal_002795,002795.mp4,dataset/raw/normal/002795.mp4,normal,2.647,True,1280,720,10.0,50,5.0,Valid video stream.,VALIDATION
normal_002796,002796.mp4,dataset/raw/normal/002796.mp4,normal,2.93,True,1280,720,10.0,50,5.0,Valid video stream.,TRAIN
normal_002797,002797.mp4,dataset/raw/normal/002797.mp4,normal,1.75,True,1280,720,10.0,50,5.0,Valid video stream.,VALIDATION
normal_002798,002798.mp4,dataset/raw/normal/002798.mp4,normal,2.215,True,1280,720,10.0,50,5.0,Valid video stream.,TRAIN
normal_002799,002799.mp4,dataset/raw/normal/002799.mp4,normal,1.988,True,1280,720,10.0,50,5.0,Valid video stream.,VALIDATION
normal_002800,002800.mp4,dataset/raw/normal/002800.mp4,normal,1.118,True,1280,720,10.0,50,5.0,Valid video stream.,TRAIN
normal_002801,002801.mp4,dataset/raw/normal/002801.mp4,normal,1.471,True,1280,720,10.0,50,5.0,Valid video stream.,TRAIN
normal_002802,002802.mp4,dataset/raw/normal/002802.mp4,normal,1.385,True,1280,720,10.0,50,5.0,Valid video stream.,VALIDATION
normal_002803,002803.mp4,dataset/raw/normal/002803.mp4,normal,1.148,True,1280,720,10.0,50,5.0,Valid video stream.,TRAIN
normal_002804,002804.mp4,dataset/raw/normal/002804.mp4,normal,1.92,True,1280,720,10.0,50,5.0,Valid video stream.,TRAIN
normal_002805,002805.mp4,dataset/raw/normal/002805.mp4,normal,2.885,True,1280,720,10.0,50,5.0,Valid video stream.,TRAIN
normal_002806,002806.mp4,dataset/raw/normal/002806.mp4,normal,2.681,True,1280,720,10.0,50,5.0,Valid video stream.,TRAIN
normal_002807,002807.mp4,dataset/raw/normal/002807.mp4,normal,2.469,True,1280,720,10.0,50,5.0,Valid video stream.,TEST
normal_002808,002808.mp4,dataset/raw/normal/002808.mp4,normal,2.237,True,1280,720,10.0,50,5.0,Valid video stream.,TRAIN
normal_002809,002809.mp4,dataset/raw/normal/002809.mp4,normal,3.476,True,1280,720,10.0,50,5.0,Valid video stream.,TRAIN
normal_002810,002810.mp4,dataset/raw/normal/002810.mp4,normal,2.833,True,1280,720,10.0,50,5.0,Valid video stream.,TRAIN
normal_002811,002811.mp4,dataset/raw/normal/002811.mp4,normal,3.96,True,1280,720,10.0,50,5.0,Valid video stream.,TRAIN
normal_002812,002812.mp4,dataset/raw/normal/002812.mp4,normal,1.104,True,1280,720,10.0,50,5.0,Valid video stream.,TEST
normal_002813,002813.mp4,dataset/raw/normal/002813.mp4,normal,1.064,True,1280,720,10.0,50,5.0,Valid video stream.,TRAIN
normal_002814,002814.mp4,dataset/raw/normal/002814.mp4,normal,1.016,True,1280,720,10.0,50,5.0,Valid video stream.,VALIDATION
normal_002815,002815.mp4,dataset/raw/normal/002815.mp4,normal,2.552,True,1280,720,10.0,50,5.0,Valid video stream.,TRAIN
normal_002816,002816.mp4,dataset/raw/normal/002816.mp4,normal,1.015,True,1280,720,10.0,50,5.0,Valid video stream.,VALIDATION
normal_002817,002817.mp4,dataset/raw/normal/002817.mp4,normal,4.118,True,1280,720,10.0,50,5.0,Valid video stream.,TRAIN
normal_002818,002818.mp4,dataset/raw/normal/002818.mp4,normal,0.902,True,1280,720,10.0,50,5.0,Valid video stream.,TRAIN
normal_002819,002819.mp4,dataset/raw/normal/002819.mp4,normal,0.618,True,1280,720,10.0,50,5.0,Valid video stream.,TRAIN
normal_002820,002820.mp4,dataset/raw/normal/002820.mp4,normal,0.694,True,1280,720,10.0,50,5.0,Valid video stream.,TRAIN
normal_002821,002821.mp4,dataset/raw/normal/002821.mp4,normal,0.825,True,1280,720,10.0,50,5.0,Valid video stream.,VALIDATION
normal_002822,002822.mp4,dataset/raw/normal/002822.mp4,normal,0.815,True,1280,720,10.0,50,5.0,Valid video stream.,VALIDATION
normal_002823,002823.mp4,dataset/raw/normal/002823.mp4,normal,0.579,True,1280,720,10.0,50,5.0,Valid video stream.,TRAIN
normal_002824,002824.mp4,dataset/raw/normal/002824.mp4,normal,3.009,True,1280,720,10.0,50,5.0,Valid video stream.,TRAIN
normal_002825,002825.mp4,dataset/raw/normal/002825.mp4,normal,2.461,True,1280,720,10.0,50,5.0,Valid video stream.,TEST
normal_002826,002826.mp4,dataset/raw/normal/002826.mp4,normal,2.463,True,1280,720,10.0,50,5.0,Valid video stream.,VALIDATION
normal_002827,002827.mp4,dataset/raw/normal/002827.mp4,normal,2.027,True,1280,720,10.0,50,5.0,Valid video stream.,TRAIN
normal_002828,002828.mp4,dataset/raw/normal/002828.mp4,normal,2.033,True,1280,720,10.0,50,5.0,Valid video stream.,TRAIN
normal_002829,002829.mp4,dataset/raw/normal/002829.mp4,normal,1.189,True,1280,720,10.0,50,5.0,Valid video stream.,TRAIN
normal_002830,002830.mp4,dataset/raw/normal/002830.mp4,normal,1.405,True,1280,720,10.0,50,5.0,Valid video stream.,TRAIN
normal_002831,002831.mp4,dataset/raw/normal/002831.mp4,normal,1.419,True,1280,720,10.0,50,5.0,Valid video stream.,TRAIN
normal_002832,002832.mp4,dataset/raw/normal/002832.mp4,normal,0.707,True,1280,720,10.0,50,5.0,Valid video stream.,TEST
normal_002833,002833.mp4,dataset/raw/normal/002833.mp4,normal,1.26,True,1280,720,10.0,50,5.0,Valid video stream.,TEST
normal_002834,002834.mp4,dataset/raw/normal/002834.mp4,normal,0.886,True,1280,720,10.0,50,5.0,Valid video stream.,TRAIN
normal_002835,002835.mp4,dataset/raw/normal/002835.mp4,normal,1.664,True,1280,720,10.0,50,5.0,Valid video stream.,TRAIN
normal_002836,002836.mp4,dataset/raw/normal/002836.mp4,normal,3.578,True,1280,720,10.0,50,5.0,Valid video stream.,TRAIN
normal_002837,002837.mp4,dataset/raw/normal/002837.mp4,normal,4.499,True,1280,720,10.0,50,5.0,Valid video stream.,TRAIN
normal_002838,002838.mp4,dataset/raw/normal/002838.mp4,normal,3.86,True,1280,720,10.0,50,5.0,Valid video stream.,TRAIN
normal_002839,002839.mp4,dataset/raw/normal/002839.mp4,normal,1.988,True,1280,720,10.0,50,5.0,Valid video stream.,TRAIN
normal_002840,002840.mp4,dataset/raw/normal/002840.mp4,normal,1.887,True,1280,720,10.0,50,5.0,Valid video stream.,TRAIN
normal_002841,002841.mp4,dataset/raw/normal/002841.mp4,normal,1.274,True,1280,720,10.0,50,5.0,Valid video stream.,TEST
normal_002842,002842.mp4,dataset/raw/normal/002842.mp4,normal,2.985,True,1280,720,10.0,50,5.0,Valid video stream.,TRAIN
normal_002843,002843.mp4,dataset/raw/normal/002843.mp4,normal,2.363,True,1280,720,10.0,50,5.0,Valid video stream.,TRAIN
normal_002844,002844.mp4,dataset/raw/normal/002844.mp4,normal,2.638,True,1280,720,10.0,50,5.0,Valid video stream.,TEST
normal_002845,002845.mp4,dataset/raw/normal/002845.mp4,normal,2.176,True,1280,720,10.0,50,5.0,Valid video stream.,TRAIN
normal_002846,002846.mp4,dataset/raw/normal/002846.mp4,normal,4.187,True,1280,720,10.0,50,5.0,Valid video stream.,TRAIN
normal_002847,002847.mp4,dataset/raw/normal/002847.mp4,normal,3.163,True,1280,720,10.0,50,5.0,Valid video stream.,TEST
normal_002848,002848.mp4,dataset/raw/normal/002848.mp4,normal,1.205,True,1280,720,10.0,50,5.0,Valid video stream.,VALIDATION
normal_002849,002849.mp4,dataset/raw/normal/002849.mp4,normal,1.126,True,1280,720,10.0,50,5.0,Valid video stream.,TRAIN
normal_002850,002850.mp4,dataset/raw/normal/002850.mp4,normal,1.024,True,1280,720,10.0,50,5.0,Valid video stream.,TRAIN
normal_002851,002851.mp4,dataset/raw/normal/002851.mp4,normal,1.342,True,1280,720,10.0,50,5.0,Valid video stream.,TRAIN
normal_002852,002852.mp4,dataset/raw/normal/002852.mp4,normal,0.939,True,1280,720,10.0,50,5.0,Valid video stream.,TRAIN
normal_002853,002853.mp4,dataset/raw/normal/002853.mp4,normal,1.153,True,1280,720,10.0,50,5.0,Valid video stream.,TRAIN
normal_002854,002854.mp4,dataset/raw/normal/002854.mp4,normal,1.046,True,1280,720,10.0,50,5.0,Valid video stream.,TRAIN
normal_002855,002855.mp4,dataset/raw/normal/002855.mp4,normal,1.11,True,1280,720,10.0,50,5.0,Valid video stream.,TEST
normal_002856,002856.mp4,dataset/raw/normal/002856.mp4,normal,1.067,True,1280,720,10.0,50,5.0,Valid video stream.,TEST
normal_002857,002857.mp4,dataset/raw/normal/002857.mp4,normal,2.42,True,1280,720,10.0,50,5.0,Valid video stream.,TRAIN
normal_002858,002858.mp4,dataset/raw/normal/002858.mp4,normal,1.096,True,1280,720,10.0,50,5.0,Valid video stream.,TEST
normal_002859,002859.mp4,dataset/raw/normal/002859.mp4,normal,1.658,True,1280,720,10.0,50,5.0,Valid video stream.,TRAIN
normal_002860,002860.mp4,dataset/raw/normal/002860.mp4,normal,1.879,True,1280,720,10.0,50,5.0,Valid video stream.,TRAIN
normal_002861,002861.mp4,dataset/raw/normal/002861.mp4,normal,1.973,True,1280,720,10.0,50,5.0,Valid video stream.,TRAIN
normal_002862,002862.mp4,dataset/raw/normal/002862.mp4,normal,1.731,True,1280,720,10.0,50,5.0,Valid video stream.,TRAIN
normal_002863,002863.mp4,dataset/raw/normal/002863.mp4,normal,1.652,True,1280,720,10.0,50,5.0,Valid video stream.,TRAIN
normal_002864,002864.mp4,dataset/raw/normal/002864.mp4,normal,1.944,True,1280,720,10.0,50,5.0,Valid video stream.,TRAIN
normal_002865,002865.mp4,dataset/raw/normal/002865.mp4,normal,1.583,True,1280,720,10.0,50,5.0,Valid video stream.,TRAIN
normal_002866,002866.mp4,dataset/raw/normal/002866.mp4,normal,2.156,True,1280,720,10.0,50,5.0,Valid video stream.,TRAIN
normal_002867,002867.mp4,dataset/raw/normal/002867.mp4,normal,2.111,True,1280,720,10.0,50,5.0,Valid video stream.,TRAIN
normal_002868,002868.mp4,dataset/raw/normal/002868.mp4,normal,1.487,True,1280,720,10.0,50,5.0,Valid video stream.,TRAIN
normal_002869,002869.mp4,dataset/raw/normal/002869.mp4,normal,1.323,True,1280,720,10.0,50,5.0,Valid video stream.,TEST
normal_002870,002870.mp4,dataset/raw/normal/002870.mp4,normal,1.099,True,1280,720,10.0,50,5.0,Valid video stream.,TRAIN
normal_002871,002871.mp4,dataset/raw/normal/002871.mp4,normal,1.068,True,1280,720,10.0,50,5.0,Valid video stream.,TRAIN
normal_002872,002872.mp4,dataset/raw/normal/002872.mp4,normal,1.986,True,1280,720,10.0,50,5.0,Valid video stream.,TRAIN
normal_002873,002873.mp4,dataset/raw/normal/002873.mp4,normal,2.382,True,1280,720,10.0,50,5.0,Valid video stream.,TRAIN
normal_002874,002874.mp4,dataset/raw/normal/002874.mp4,normal,2.634,True,1280,720,10.0,50,5.0,Valid video stream.,TRAIN
normal_002875,002875.mp4,dataset/raw/normal/002875.mp4,normal,1.826,True,1280,720,10.0,50,5.0,Valid video stream.,TRAIN
normal_002876,002876.mp4,dataset/raw/normal/002876.mp4,normal,1.601,True,1280,720,10.0,50,5.0,Valid video stream.,VALIDATION
normal_002877,002877.mp4,dataset/raw/normal/002877.mp4,normal,1.664,True,1280,720,10.0,50,5.0,Valid video stream.,VALIDATION
normal_002878,002878.mp4,dataset/raw/normal/002878.mp4,normal,1.394,True,1280,720,10.0,50,5.0,Valid video stream.,TRAIN
normal_002879,002879.mp4,dataset/raw/normal/002879.mp4,normal,1.144,True,1280,720,10.0,50,5.0,Valid video stream.,TEST
normal_002880,002880.mp4,dataset/raw/normal/002880.mp4,normal,0.583,True,1280,720,10.0,50,5.0,Valid video stream.,TRAIN
normal_002881,002881.mp4,dataset/raw/normal/002881.mp4,normal,4.049,True,1280,720,10.0,50,5.0,Valid video stream.,TRAIN
normal_002882,002882.mp4,dataset/raw/normal/002882.mp4,normal,3.522,True,1280,720,10.0,50,5.0,Valid video stream.,TRAIN
normal_002883,002883.mp4,dataset/raw/normal/002883.mp4,normal,3.156,True,1280,720,10.0,50,5.0,Valid video stream.,TEST
normal_002884,002884.mp4,dataset/raw/normal/002884.mp4,normal,1.76,True,1280,720,10.0,50,5.0,Valid video stream.,TRAIN
normal_002885,002885.mp4,dataset/raw/normal/002885.mp4,normal,2.009,True,1280,720,10.0,50,5.0,Valid video stream.,TRAIN
normal_002886,002886.mp4,dataset/raw/normal/002886.mp4,normal,1.722,True,1280,720,10.0,50,5.0,Valid video stream.,VALIDATION
normal_002887,002887.mp4,dataset/raw/normal/002887.mp4,normal,1.01,True,1280,720,10.0,50,5.0,Valid video stream.,TRAIN
normal_002888,002888.mp4,dataset/raw/normal/002888.mp4,normal,0.971,True,1280,720,10.0,50,5.0,Valid video stream.,TRAIN
normal_002889,002889.mp4,dataset/raw/normal/002889.mp4,normal,0.549,True,1280,720,10.0,50,5.0,Valid video stream.,VALIDATION
normal_002890,002890.mp4,dataset/raw/normal/002890.mp4,normal,1.499,True,1280,720,10.0,50,5.0,Valid video stream.,VALIDATION
normal_002891,002891.mp4,dataset/raw/normal/002891.mp4,normal,1.572,True,1280,720,10.0,50,5.0,Valid video stream.,TRAIN
normal_002892,002892.mp4,dataset/raw/normal/002892.mp4,normal,1.327,True,1280,720,10.0,50,5.0,Valid video stream.,TRAIN
normal_002893,002893.mp4,dataset/raw/normal/002893.mp4,normal,1.993,True,1280,720,10.0,50,5.0,Valid video stream.,VALIDATION
normal_002894,002894.mp4,dataset/raw/normal/002894.mp4,normal,1.836,True,1280,720,10.0,50,5.0,Valid video stream.,TEST
normal_002895,002895.mp4,dataset/raw/normal/002895.mp4,normal,1.991,True,1280,720,10.0,50,5.0,Valid video stream.,TRAIN
normal_002896,002896.mp4,dataset/raw/normal/002896.mp4,normal,2.996,True,1280,720,10.0,50,5.0,Valid video stream.,VALIDATION
normal_002897,002897.mp4,dataset/raw/normal/002897.mp4,normal,2.698,True,1280,720,10.0,50,5.0,Valid video stream.,TRAIN
normal_002898,002898.mp4,dataset/raw/normal/002898.mp4,normal,2.596,True,1280,720,10.0,50,5.0,Valid video stream.,TRAIN
normal_002899,002899.mp4,dataset/raw/normal/002899.mp4,normal,1.652,True,1280,720,10.0,50,5.0,Valid video stream.,TRAIN
normal_002900,002900.mp4,dataset/raw/normal/002900.mp4,normal,1.565,True,1280,720,10.0,50,5.0,Valid video stream.,TEST
normal_002901,002901.mp4,dataset/raw/normal/002901.mp4,normal,2.318,True,1280,720,10.0,50,5.0,Valid video stream.,TRAIN
normal_002902,002902.mp4,dataset/raw/normal/002902.mp4,normal,7.093,True,1280,720,10.0,50,5.0,Valid video stream.,TRAIN
normal_002903,002903.mp4,dataset/raw/normal/002903.mp4,normal,4.344,True,1280,720,10.0,50,5.0,Valid video stream.,TRAIN
normal_002904,002904.mp4,dataset/raw/normal/002904.mp4,normal,2.322,True,1280,720,10.0,50,5.0,Valid video stream.,TRAIN
normal_002905,002905.mp4,dataset/raw/normal/002905.mp4,normal,4.606,True,1280,720,10.0,50,5.0,Valid video stream.,VALIDATION
normal_002906,002906.mp4,dataset/raw/normal/002906.mp4,normal,3.262,True,1280,720,10.0,50,5.0,Valid video stream.,VALIDATION
normal_002907,002907.mp4,dataset/raw/normal/002907.mp4,normal,3.135,True,1280,720,10.0,50,5.0,Valid video stream.,TRAIN
normal_002908,002908.mp4,dataset/raw/normal/002908.mp4,normal,2.035,True,1280,720,10.0,50,5.0,Valid video stream.,TRAIN
normal_002909,002909.mp4,dataset/raw/normal/002909.mp4,normal,1.67,True,1280,720,10.0,50,5.0,Valid video stream.,TRAIN
normal_002910,002910.mp4,dataset/raw/normal/002910.mp4,normal,1.954,True,1280,720,10.0,50,5.0,Valid video stream.,TRAIN
normal_002911,002911.mp4,dataset/raw/normal/002911.mp4,normal,0.69,True,1280,720,10.0,50,5.0,Valid video stream.,TRAIN
normal_002912,002912.mp4,dataset/raw/normal/002912.mp4,normal,2.142,True,1280,720,10.0,50,5.0,Valid video stream.,TRAIN
normal_002913,002913.mp4,dataset/raw/normal/002913.mp4,normal,1.32,True,1280,720,10.0,50,5.0,Valid video stream.,TRAIN
normal_002914,002914.mp4,dataset/raw/normal/002914.mp4,normal,4.282,True,1280,720,10.0,50,5.0,Valid video stream.,TEST
normal_002915,002915.mp4,dataset/raw/normal/002915.mp4,normal,3.422,True,1280,720,10.0,50,5.0,Valid video stream.,TRAIN
normal_002916,002916.mp4,dataset/raw/normal/002916.mp4,normal,2.994,True,1280,720,10.0,50,5.0,Valid video stream.,VALIDATION
normal_002917,002917.mp4,dataset/raw/normal/002917.mp4,normal,2.173,True,1280,720,10.0,50,5.0,Valid video stream.,TRAIN
normal_002918,002918.mp4,dataset/raw/normal/002918.mp4,normal,2.496,True,1280,720,10.0,50,5.0,Valid video stream.,TRAIN
normal_002919,002919.mp4,dataset/raw/normal/002919.mp4,normal,2.195,True,1280,720,10.0,50,5.0,Valid video stream.,TRAIN
normal_002920,002920.mp4,dataset/raw/normal/002920.mp4,normal,2.313,True,1280,720,10.0,50,5.0,Valid video stream.,TRAIN
normal_002921,002921.mp4,dataset/raw/normal/002921.mp4,normal,2.372,True,1280,720,10.0,50,5.0,Valid video stream.,TRAIN
normal_002922,002922.mp4,dataset/raw/normal/002922.mp4,normal,1.661,True,1280,720,10.0,50,5.0,Valid video stream.,TRAIN
normal_002923,002923.mp4,dataset/raw/normal/002923.mp4,normal,0.788,True,1280,720,10.0,50,5.0,Valid video stream.,TRAIN
normal_002924,002924.mp4,dataset/raw/normal/002924.mp4,normal,1.674,True,1280,720,10.0,50,5.0,Valid video stream.,TRAIN
normal_002925,002925.mp4,dataset/raw/normal/002925.mp4,normal,1.069,True,1280,720,10.0,50,5.0,Valid video stream.,TRAIN
normal_002926,002926.mp4,dataset/raw/normal/002926.mp4,normal,1.421,True,1280,720,10.0,50,5.0,Valid video stream.,TRAIN
normal_002927,002927.mp4,dataset/raw/normal/002927.mp4,normal,1.384,True,1280,720,10.0,50,5.0,Valid video stream.,TRAIN
normal_002928,002928.mp4,dataset/raw/normal/002928.mp4,normal,1.847,True,1280,720,10.0,50,5.0,Valid video stream.,TRAIN
normal_002929,002929.mp4,dataset/raw/normal/002929.mp4,normal,1.266,True,1280,720,10.0,50,5.0,Valid video stream.,TEST
normal_002930,002930.mp4,dataset/raw/normal/002930.mp4,normal,1.593,True,1280,720,10.0,50,5.0,Valid video stream.,TRAIN
normal_002931,002931.mp4,dataset/raw/normal/002931.mp4,normal,1.814,True,1280,720,10.0,50,5.0,Valid video stream.,TRAIN
normal_002932,002932.mp4,dataset/raw/normal/002932.mp4,normal,2.665,True,1280,720,10.0,50,5.0,Valid video stream.,TRAIN
normal_002933,002933.mp4,dataset/raw/normal/002933.mp4,normal,2.874,True,1280,720,10.0,50,5.0,Valid video stream.,TRAIN
normal_002934,002934.mp4,dataset/raw/normal/002934.mp4,normal,4.355,True,1280,720,10.0,50,5.0,Valid video stream.,TRAIN
normal_002935,002935.mp4,dataset/raw/normal/002935.mp4,normal,1.083,True,1280,720,10.0,50,5.0,Valid video stream.,VALIDATION
normal_002936,002936.mp4,dataset/raw/normal/002936.mp4,normal,1.309,True,1280,720,10.0,50,5.0,Valid video stream.,TEST
normal_002937,002937.mp4,dataset/raw/normal/002937.mp4,normal,1.073,True,1280,720,10.0,50,5.0,Valid video stream.,TRAIN
normal_002938,002938.mp4,dataset/raw/normal/002938.mp4,normal,2.049,True,1280,720,10.0,50,5.0,Valid video stream.,TRAIN
normal_002939,002939.mp4,dataset/raw/normal/002939.mp4,normal,1.733,True,1280,720,10.0,50,5.0,Valid video stream.,TRAIN
normal_002940,002940.mp4,dataset/raw/normal/002940.mp4,normal,0.783,True,1280,720,10.0,50,5.0,Valid video stream.,TRAIN
normal_002941,002941.mp4,dataset/raw/normal/002941.mp4,normal,1.572,True,1280,720,10.0,50,5.0,Valid video stream.,TRAIN
normal_002942,002942.mp4,dataset/raw/normal/002942.mp4,normal,1.568,True,1280,720,10.0,50,5.0,Valid video stream.,TEST
normal_002943,002943.mp4,dataset/raw/normal/002943.mp4,normal,1.825,True,1280,720,10.0,50,5.0,Valid video stream.,TRAIN
normal_002944,002944.mp4,dataset/raw/normal/002944.mp4,normal,2.222,True,1280,720,10.0,50,5.0,Valid video stream.,TRAIN
normal_002945,002945.mp4,dataset/raw/normal/002945.mp4,normal,3.048,True,1280,720,10.0,50,5.0,Valid video stream.,TEST
normal_002946,002946.mp4,dataset/raw/normal/002946.mp4,normal,2.164,True,1280,720,10.0,50,5.0,Valid video stream.,TRAIN
normal_002947,002947.mp4,dataset/raw/normal/002947.mp4,normal,2.898,True,1280,720,10.0,50,5.0,Valid video stream.,VALIDATION
normal_002948,002948.mp4,dataset/raw/normal/002948.mp4,normal,2.642,True,1280,720,10.0,50,5.0,Valid video stream.,TRAIN
normal_002949,002949.mp4,dataset/raw/normal/002949.mp4,normal,2.306,True,1280,720,10.0,50,5.0,Valid video stream.,TEST
normal_002950,002950.mp4,dataset/raw/normal/002950.mp4,normal,0.855,True,1280,720,10.0,50,5.0,Valid video stream.,TRAIN
normal_002951,002951.mp4,dataset/raw/normal/002951.mp4,normal,0.814,True,1280,720,10.0,50,5.0,Valid video stream.,TEST
normal_002952,002952.mp4,dataset/raw/normal/002952.mp4,normal,0.67,True,1280,720,10.0,50,5.0,Valid video stream.,TRAIN
normal_002953,002953.mp4,dataset/raw/normal/002953.mp4,normal,1.186,True,1280,720,10.0,50,5.0,Valid video stream.,TRAIN
normal_002954,002954.mp4,dataset/raw/normal/002954.mp4,normal,1.371,True,1280,720,10.0,50,5.0,Valid video stream.,TEST
normal_002955,002955.mp4,dataset/raw/normal/002955.mp4,normal,1.094,True,1280,720,10.0,50,5.0,Valid video stream.,TRAIN
normal_002956,002956.mp4,dataset/raw/normal/002956.mp4,normal,1.421,True,1280,720,10.0,50,5.0,Valid video stream.,TRAIN
normal_002957,002957.mp4,dataset/raw/normal/002957.mp4,normal,1.795,True,1280,720,10.0,50,5.0,Valid video stream.,TRAIN
normal_002958,002958.mp4,dataset/raw/normal/002958.mp4,normal,1.833,True,1280,720,10.0,50,5.0,Valid video stream.,TRAIN
normal_002959,002959.mp4,dataset/raw/normal/002959.mp4,normal,2.093,True,1280,720,10.0,50,5.0,Valid video stream.,TRAIN
normal_002960,002960.mp4,dataset/raw/normal/002960.mp4,normal,1.795,True,1280,720,10.0,50,5.0,Valid video stream.,TRAIN
normal_002961,002961.mp4,dataset/raw/normal/002961.mp4,normal,0.843,True,1280,720,10.0,50,5.0,Valid video stream.,TRAIN
normal_002962,002962.mp4,dataset/raw/normal/002962.mp4,normal,1.405,True,1280,720,10.0,50,5.0,Valid video stream.,TEST
normal_002963,002963.mp4,dataset/raw/normal/002963.mp4,normal,2.565,True,1280,720,10.0,50,5.0,Valid video stream.,TRAIN
normal_002964,002964.mp4,dataset/raw/normal/002964.mp4,normal,3.479,True,1280,720,10.0,50,5.0,Valid video stream.,VALIDATION
normal_002965,002965.mp4,dataset/raw/normal/002965.mp4,normal,2.455,True,1280,720,10.0,50,5.0,Valid video stream.,TEST
normal_002966,002966.mp4,dataset/raw/normal/002966.mp4,normal,3.157,True,1280,720,10.0,50,5.0,Valid video stream.,TRAIN
normal_002967,002967.mp4,dataset/raw/normal/002967.mp4,normal,2.06,True,1280,720,10.0,50,5.0,Valid video stream.,VALIDATION
normal_002968,002968.mp4,dataset/raw/normal/002968.mp4,normal,0.411,True,1280,720,10.0,50,5.0,Valid video stream.,VALIDATION
normal_002969,002969.mp4,dataset/raw/normal/002969.mp4,normal,0.594,True,1280,720,10.0,50,5.0,Valid video stream.,TRAIN
normal_002970,002970.mp4,dataset/raw/normal/002970.mp4,normal,0.7,True,1280,720,10.0,50,5.0,Valid video stream.,TRAIN
normal_002971,002971.mp4,dataset/raw/normal/002971.mp4,normal,0.991,True,1280,720,10.0,50,5.0,Valid video stream.,VALIDATION
normal_002972,002972.mp4,dataset/raw/normal/002972.mp4,normal,0.992,True,1280,720,10.0,50,5.0,Valid video stream.,TRAIN
normal_002973,002973.mp4,dataset/raw/normal/002973.mp4,normal,0.568,True,1280,720,10.0,50,5.0,Valid video stream.,TRAIN
normal_002974,002974.mp4,dataset/raw/normal/002974.mp4,normal,1.365,True,1280,720,10.0,50,5.0,Valid video stream.,TRAIN
normal_002975,002975.mp4,dataset/raw/normal/002975.mp4,normal,0.852,True,1280,720,10.0,50,5.0,Valid video stream.,TRAIN
normal_002976,002976.mp4,dataset/raw/normal/002976.mp4,normal,1.273,True,1280,720,10.0,50,5.0,Valid video stream.,TRAIN
normal_002977,002977.mp4,dataset/raw/normal/002977.mp4,normal,1.025,True,1280,720,10.0,50,5.0,Valid video stream.,TRAIN
normal_002978,002978.mp4,dataset/raw/normal/002978.mp4,normal,1.162,True,1280,720,10.0,50,5.0,Valid video stream.,TRAIN
normal_002979,002979.mp4,dataset/raw/normal/002979.mp4,normal,1.303,True,1280,720,10.0,50,5.0,Valid video stream.,TRAIN
normal_002980,002980.mp4,dataset/raw/normal/002980.mp4,normal,1.111,True,1280,720,10.0,50,5.0,Valid video stream.,TRAIN
normal_002981,002981.mp4,dataset/raw/normal/002981.mp4,normal,1.177,True,1280,720,10.0,50,5.0,Valid video stream.,VALIDATION
normal_002982,002982.mp4,dataset/raw/normal/002982.mp4,normal,1.824,True,1280,720,10.0,50,5.0,Valid video stream.,TRAIN
normal_002983,002983.mp4,dataset/raw/normal/002983.mp4,normal,1.211,True,1280,720,10.0,50,5.0,Valid video stream.,TRAIN
normal_002984,002984.mp4,dataset/raw/normal/002984.mp4,normal,0.739,True,1280,720,10.0,50,5.0,Valid video stream.,TRAIN
normal_002985,002985.mp4,dataset/raw/normal/002985.mp4,normal,0.578,True,1280,720,10.0,50,5.0,Valid video stream.,TRAIN
normal_002986,002986.mp4,dataset/raw/normal/002986.mp4,normal,3.416,True,1280,720,10.0,50,5.0,Valid video stream.,TRAIN
normal_002987,002987.mp4,dataset/raw/normal/002987.mp4,normal,4.181,True,1280,720,10.0,50,5.0,Valid video stream.,VALIDATION
normal_002988,002988.mp4,dataset/raw/normal/002988.mp4,normal,2.318,True,1280,720,10.0,50,5.0,Valid video stream.,TRAIN
normal_002989,002989.mp4,dataset/raw/normal/002989.mp4,normal,1.3,True,1280,720,10.0,50,5.0,Valid video stream.,TEST
normal_002990,002990.mp4,dataset/raw/normal/002990.mp4,normal,1.183,True,1280,720,10.0,50,5.0,Valid video stream.,TRAIN
normal_002991,002991.mp4,dataset/raw/normal/002991.mp4,normal,1.131,True,1280,720,10.0,50,5.0,Valid video stream.,TRAIN
normal_002992,002992.mp4,dataset/raw/normal/002992.mp4,normal,3.199,True,1280,720,10.0,50,5.0,Valid video stream.,TEST
normal_002993,002993.mp4,dataset/raw/normal/002993.mp4,normal,4.184,True,1280,720,10.0,50,5.0,Valid video stream.,TRAIN
normal_002994,002994.mp4,dataset/raw/normal/002994.mp4,normal,2.081,True,1280,720,10.0,50,5.0,Valid video stream.,VALIDATION
normal_002995,002995.mp4,dataset/raw/normal/002995.mp4,normal,1.792,True,1280,720,10.0,50,5.0,Valid video stream.,TRAIN
normal_002996,002996.mp4,dataset/raw/normal/002996.mp4,normal,2.736,True,1280,720,10.0,50,5.0,Valid video stream.,TRAIN
normal_002997,002997.mp4,dataset/raw/normal/002997.mp4,normal,2.285,True,1280,720,10.0,50,5.0,Valid video stream.,TRAIN
normal_002998,002998.mp4,dataset/raw/normal/002998.mp4,normal,3.375,True,1280,720,10.0,50,5.0,Valid video stream.,VALIDATION
normal_002999,002999.mp4,dataset/raw/normal/002999.mp4,normal,3.986,True,1280,720,10.0,50,5.0,Valid video stream.,VALIDATION
normal_003000,003000.mp4,dataset/raw/normal/003000.mp4,normal,4.596,True,1280,720,10.0,50,5.0,Valid video stream.,TRAIN
