filename,relative_path,file_size_mb,is_decodable,width,height,fps,frame_count,duration_seconds,notes
000001.mp4,C:\Users\Sarayu\Btech_Projects\RoadGuardian-AI\dataset\raw\accident\000001.mp4,0.502,False,0,0,0.0,0,0.0,OpenCV (cv2) is not installed in the current environment.
000002.mp4,C:\Users\Sarayu\Btech_Projects\RoadGuardian-AI\dataset\raw\accident\000002.mp4,0.274,False,0,0,0.0,0,0.0,OpenCV (cv2) is not installed in the current environment.
000003.mp4,C:\Users\Sarayu\Btech_Projects\RoadGuardian-AI\dataset\raw\accident\000003.mp4,0.408,False,0,0,0.0,0,0.0,OpenCV (cv2) is not installed in the current environment.
000004.mp4,C:\Users\Sarayu\Btech_Projects\RoadGuardian-AI\dataset\raw\accident\000004.mp4,0.291,False,0,0,0.0,0,0.0,OpenCV (cv2) is not installed in the current environment.
000005.mp4,C:\Users\Sarayu\Btech_Projects\RoadGuardian-AI\dataset\raw\accident\000005.mp4,0.347,False,0,0,0.0,0,0.0,OpenCV (cv2) is not installed in the current environment.
000006.mp4,C:\Users\Sarayu\Btech_Projects\RoadGuardian-AI\dataset\raw\accident\000006.mp4,0.307,False,0,0,0.0,0,0.0,OpenCV (cv2) is not installed in the current environment.
000007.mp4,C:\Users\Sarayu\Btech_Projects\RoadGuardian-AI\dataset\raw\accident\000007.mp4,0.322,False,0,0,0.0,0,0.0,OpenCV (cv2) is not installed in the current environment.
000008.mp4,C:\Users\Sarayu\Btech_Projects\RoadGuardian-AI\dataset\raw\accident\000008.mp4,0.376,False,0,0,0.0,0,0.0,OpenCV (cv2) is not installed in the current environment.
000009.mp4,C:\Users\Sarayu\Btech_Projects\RoadGuardian-AI\dataset\raw\accident\000009.mp4,0.352,False,0,0,0.0,0,0.0,OpenCV (cv2) is not installed in the current environment.
000010.mp4,C:\Users\Sarayu\Btech_Projects\RoadGuardian-AI\dataset\raw\accident\000010.mp4,0.478,False,0,0,0.0,0,0.0,OpenCV (cv2) is not installed in the current environment.
000011.mp4,C:\Users\Sarayu\Btech_Projects\RoadGuardian-AI\dataset\raw\accident\000011.mp4,0.334,False,0,0,0.0,0,0.0,OpenCV (cv2) is not installed in the current environment.
000012.mp4,C:\Users\Sarayu\Btech_Projects\RoadGuardian-AI\dataset\raw\accident\000012.mp4,0.564,False,0,0,0.0,0,0.0,OpenCV (cv2) is not installed in the current environment.
000013.mp4,C:\Users\Sarayu\Btech_Projects\RoadGuardian-AI\dataset\raw\accident\000013.mp4,0.328,False,0,0,0.0,0,0.0,OpenCV (cv2) is not installed in the current environment.
000014.mp4,C:\Users\Sarayu\Btech_Projects\RoadGuardian-AI\dataset\raw\accident\000014.mp4,0.337,False,0,0,0.0,0,0.0,OpenCV (cv2) is not installed in the current environment.
000015.mp4,C:\Users\Sarayu\Btech_Projects\RoadGuardian-AI\dataset\raw\accident\000015.mp4,0.606,False,0,0,0.0,0,0.0,OpenCV (cv2) is not installed in the current environment.
000016.mp4,C:\Users\Sarayu\Btech_Projects\RoadGuardian-AI\dataset\raw\accident\000016.mp4,0.437,False,0,0,0.0,0,0.0,OpenCV (cv2) is not installed in the current environment.
000017.mp4,C:\Users\Sarayu\Btech_Projects\RoadGuardian-AI\dataset\raw\accident\000017.mp4,0.431,False,0,0,0.0,0,0.0,OpenCV (cv2) is not installed in the current environment.
000018.mp4,C:\Users\Sarayu\Btech_Projects\RoadGuardian-AI\dataset\raw\accident\000018.mp4,0.552,False,0,0,0.0,0,0.0,OpenCV (cv2) is not installed in the current environment.
000019.mp4,C:\Users\Sarayu\Btech_Projects\RoadGuardian-AI\dataset\raw\accident\000019.mp4,0.497,False,0,0,0.0,0,0.0,OpenCV (cv2) is not installed in the current environment.
000020.mp4,C:\Users\Sarayu\Btech_Projects\RoadGuardian-AI\dataset\raw\accident\000020.mp4,0.449,False,0,0,0.0,0,0.0,OpenCV (cv2) is not installed in the current environment.
000021.mp4,C:\Users\Sarayu\Btech_Projects\RoadGuardian-AI\dataset\raw\accident\000021.mp4,0.393,False,0,0,0.0,0,0.0,OpenCV (cv2) is not installed in the current environment.
000022.mp4,C:\Users\Sarayu\Btech_Projects\RoadGuardian-AI\dataset\raw\accident\000022.mp4,0.321,False,0,0,0.0,0,0.0,OpenCV (cv2) is not installed in the current environment.
000023.mp4,C:\Users\Sarayu\Btech_Projects\RoadGuardian-AI\dataset\raw\accident\000023.mp4,0.484,False,0,0,0.0,0,0.0,OpenCV (cv2) is not installed in the current environment.
000024.mp4,C:\Users\Sarayu\Btech_Projects\RoadGuardian-AI\dataset\raw\accident\000024.mp4,0.469,False,0,0,0.0,0,0.0,OpenCV (cv2) is not installed in the current environment.
000025.mp4,C:\Users\Sarayu\Btech_Projects\RoadGuardian-AI\dataset\raw\accident\000025.mp4,0.507,False,0,0,0.0,0,0.0,OpenCV (cv2) is not installed in the current environment.
000026.mp4,C:\Users\Sarayu\Btech_Projects\RoadGuardian-AI\dataset\raw\accident\000026.mp4,0.714,False,0,0,0.0,0,0.0,OpenCV (cv2) is not installed in the current environment.
000027.mp4,C:\Users\Sarayu\Btech_Projects\RoadGuardian-AI\dataset\raw\accident\000027.mp4,0.562,False,0,0,0.0,0,0.0,OpenCV (cv2) is not installed in the current environment.
000028.mp4,C:\Users\Sarayu\Btech_Projects\RoadGuardian-AI\dataset\raw\accident\000028.mp4,0.493,False,0,0,0.0,0,0.0,OpenCV (cv2) is not installed in the current environment.
000029.mp4,C:\Users\Sarayu\Btech_Projects\RoadGuardian-AI\dataset\raw\accident\000029.mp4,0.561,False,0,0,0.0,0,0.0,OpenCV (cv2) is not installed in the current environment.
000030.mp4,C:\Users\Sarayu\Btech_Projects\RoadGuardian-AI\dataset\raw\accident\000030.mp4,0.358,False,0,0,0.0,0,0.0,OpenCV (cv2) is not installed in the current environment.
000031.mp4,C:\Users\Sarayu\Btech_Projects\RoadGuardian-AI\dataset\raw\accident\000031.mp4,0.838,False,0,0,0.0,0,0.0,OpenCV (cv2) is not installed in the current environment.
000032.mp4,C:\Users\Sarayu\Btech_Projects\RoadGuardian-AI\dataset\raw\accident\000032.mp4,0.552,False,0,0,0.0,0,0.0,OpenCV (cv2) is not installed in the current environment.
000033.mp4,C:\Users\Sarayu\Btech_Projects\RoadGuardian-AI\dataset\raw\accident\000033.mp4,0.549,False,0,0,0.0,0,0.0,OpenCV (cv2) is not installed in the current environment.
000034.mp4,C:\Users\Sarayu\Btech_Projects\RoadGuardian-AI\dataset\raw\accident\000034.mp4,0.605,False,0,0,0.0,0,0.0,OpenCV (cv2) is not installed in the current environment.
000035.mp4,C:\Users\Sarayu\Btech_Projects\RoadGuardian-AI\dataset\raw\accident\000035.mp4,0.299,False,0,0,0.0,0,0.0,OpenCV (cv2) is not installed in the current environment.
000036.mp4,C:\Users\Sarayu\Btech_Projects\RoadGuardian-AI\dataset\raw\accident\000036.mp4,0.425,False,0,0,0.0,0,0.0,OpenCV (cv2) is not installed in the current environment.
000037.mp4,C:\Users\Sarayu\Btech_Projects\RoadGuardian-AI\dataset\raw\accident\000037.mp4,0.978,False,0,0,0.0,0,0.0,OpenCV (cv2) is not installed in the current environment.
000038.mp4,C:\Users\Sarayu\Btech_Projects\RoadGuardian-AI\dataset\raw\accident\000038.mp4,0.743,False,0,0,0.0,0,0.0,OpenCV (cv2) is not installed in the current environment.
000039.mp4,C:\Users\Sarayu\Btech_Projects\RoadGuardian-AI\dataset\raw\accident\000039.mp4,0.815,False,0,0,0.0,0,0.0,OpenCV (cv2) is not installed in the current environment.
000040.mp4,C:\Users\Sarayu\Btech_Projects\RoadGuardian-AI\dataset\raw\accident\000040.mp4,0.594,False,0,0,0.0,0,0.0,OpenCV (cv2) is not installed in the current environment.
000041.mp4,C:\Users\Sarayu\Btech_Projects\RoadGuardian-AI\dataset\raw\accident\000041.mp4,0.418,False,0,0,0.0,0,0.0,OpenCV (cv2) is not installed in the current environment.
000042.mp4,C:\Users\Sarayu\Btech_Projects\RoadGuardian-AI\dataset\raw\accident\000042.mp4,0.511,False,0,0,0.0,0,0.0,OpenCV (cv2) is not installed in the current environment.
000043.mp4,C:\Users\Sarayu\Btech_Projects\RoadGuardian-AI\dataset\raw\accident\000043.mp4,0.581,False,0,0,0.0,0,0.0,OpenCV (cv2) is not installed in the current environment.
000044.mp4,C:\Users\Sarayu\Btech_Projects\RoadGuardian-AI\dataset\raw\accident\000044.mp4,0.364,False,0,0,0.0,0,0.0,OpenCV (cv2) is not installed in the current environment.
000045.mp4,C:\Users\Sarayu\Btech_Projects\RoadGuardian-AI\dataset\raw\accident\000045.mp4,0.465,False,0,0,0.0,0,0.0,OpenCV (cv2) is not installed in the current environment.
000046.mp4,C:\Users\Sarayu\Btech_Projects\RoadGuardian-AI\dataset\raw\accident\000046.mp4,0.559,False,0,0,0.0,0,0.0,OpenCV (cv2) is not installed in the current environment.
000047.mp4,C:\Users\Sarayu\Btech_Projects\RoadGuardian-AI\dataset\raw\accident\000047.mp4,0.694,False,0,0,0.0,0,0.0,OpenCV (cv2) is not installed in the current environment.
000048.mp4,C:\Users\Sarayu\Btech_Projects\RoadGuardian-AI\dataset\raw\accident\000048.mp4,0.884,False,0,0,0.0,0,0.0,OpenCV (cv2) is not installed in the current environment.
000049.mp4,C:\Users\Sarayu\Btech_Projects\RoadGuardian-AI\dataset\raw\accident\000049.mp4,0.389,False,0,0,0.0,0,0.0,OpenCV (cv2) is not installed in the current environment.
000050.mp4,C:\Users\Sarayu\Btech_Projects\RoadGuardian-AI\dataset\raw\accident\000050.mp4,0.382,False,0,0,0.0,0,0.0,OpenCV (cv2) is not installed in the current environment.
000051.mp4,C:\Users\Sarayu\Btech_Projects\RoadGuardian-AI\dataset\raw\accident\000051.mp4,0.513,False,0,0,0.0,0,0.0,OpenCV (cv2) is not installed in the current environment.
000052.mp4,C:\Users\Sarayu\Btech_Projects\RoadGuardian-AI\dataset\raw\accident\000052.mp4,0.455,False,0,0,0.0,0,0.0,OpenCV (cv2) is not installed in the current environment.
000053.mp4,C:\Users\Sarayu\Btech_Projects\RoadGuardian-AI\dataset\raw\accident\000053.mp4,0.623,False,0,0,0.0,0,0.0,OpenCV (cv2) is not installed in the current environment.
000054.mp4,C:\Users\Sarayu\Btech_Projects\RoadGuardian-AI\dataset\raw\accident\000054.mp4,0.302,False,0,0,0.0,0,0.0,OpenCV (cv2) is not installed in the current environment.
000055.mp4,C:\Users\Sarayu\Btech_Projects\RoadGuardian-AI\dataset\raw\accident\000055.mp4,0.333,False,0,0,0.0,0,0.0,OpenCV (cv2) is not installed in the current environment.
000056.mp4,C:\Users\Sarayu\Btech_Projects\RoadGuardian-AI\dataset\raw\accident\000056.mp4,0.593,False,0,0,0.0,0,0.0,OpenCV (cv2) is not installed in the current environment.
000057.mp4,C:\Users\Sarayu\Btech_Projects\RoadGuardian-AI\dataset\raw\accident\000057.mp4,0.717,False,0,0,0.0,0,0.0,OpenCV (cv2) is not installed in the current environment.
000058.mp4,C:\Users\Sarayu\Btech_Projects\RoadGuardian-AI\dataset\raw\accident\000058.mp4,0.778,False,0,0,0.0,0,0.0,OpenCV (cv2) is not installed in the current environment.
000059.mp4,C:\Users\Sarayu\Btech_Projects\RoadGuardian-AI\dataset\raw\accident\000059.mp4,0.356,False,0,0,0.0,0,0.0,OpenCV (cv2) is not installed in the current environment.
000060.mp4,C:\Users\Sarayu\Btech_Projects\RoadGuardian-AI\dataset\raw\accident\000060.mp4,0.556,False,0,0,0.0,0,0.0,OpenCV (cv2) is not installed in the current environment.
000061.mp4,C:\Users\Sarayu\Btech_Projects\RoadGuardian-AI\dataset\raw\accident\000061.mp4,0.71,False,0,0,0.0,0,0.0,OpenCV (cv2) is not installed in the current environment.
000062.mp4,C:\Users\Sarayu\Btech_Projects\RoadGuardian-AI\dataset\raw\accident\000062.mp4,0.655,False,0,0,0.0,0,0.0,OpenCV (cv2) is not installed in the current environment.
000063.mp4,C:\Users\Sarayu\Btech_Projects\RoadGuardian-AI\dataset\raw\accident\000063.mp4,0.507,False,0,0,0.0,0,0.0,OpenCV (cv2) is not installed in the current environment.
000064.mp4,C:\Users\Sarayu\Btech_Projects\RoadGuardian-AI\dataset\raw\accident\000064.mp4,0.622,False,0,0,0.0,0,0.0,OpenCV (cv2) is not installed in the current environment.
000065.mp4,C:\Users\Sarayu\Btech_Projects\RoadGuardian-AI\dataset\raw\accident\000065.mp4,0.493,False,0,0,0.0,0,0.0,OpenCV (cv2) is not installed in the current environment.
000066.mp4,C:\Users\Sarayu\Btech_Projects\RoadGuardian-AI\dataset\raw\accident\000066.mp4,0.932,False,0,0,0.0,0,0.0,OpenCV (cv2) is not installed in the current environment.
000067.mp4,C:\Users\Sarayu\Btech_Projects\RoadGuardian-AI\dataset\raw\accident\000067.mp4,0.621,False,0,0,0.0,0,0.0,OpenCV (cv2) is not installed in the current environment.
000068.mp4,C:\Users\Sarayu\Btech_Projects\RoadGuardian-AI\dataset\raw\accident\000068.mp4,0.562,False,0,0,0.0,0,0.0,OpenCV (cv2) is not installed in the current environment.
000069.mp4,C:\Users\Sarayu\Btech_Projects\RoadGuardian-AI\dataset\raw\accident\000069.mp4,0.376,False,0,0,0.0,0,0.0,OpenCV (cv2) is not installed in the current environment.
000070.mp4,C:\Users\Sarayu\Btech_Projects\RoadGuardian-AI\dataset\raw\accident\000070.mp4,0.594,False,0,0,0.0,0,0.0,OpenCV (cv2) is not installed in the current environment.
000071.mp4,C:\Users\Sarayu\Btech_Projects\RoadGuardian-AI\dataset\raw\accident\000071.mp4,0.272,False,0,0,0.0,0,0.0,OpenCV (cv2) is not installed in the current environment.
000072.mp4,C:\Users\Sarayu\Btech_Projects\RoadGuardian-AI\dataset\raw\accident\000072.mp4,0.545,False,0,0,0.0,0,0.0,OpenCV (cv2) is not installed in the current environment.
000073.mp4,C:\Users\Sarayu\Btech_Projects\RoadGuardian-AI\dataset\raw\accident\000073.mp4,0.946,False,0,0,0.0,0,0.0,OpenCV (cv2) is not installed in the current environment.
000074.mp4,C:\Users\Sarayu\Btech_Projects\RoadGuardian-AI\dataset\raw\accident\000074.mp4,0.525,False,0,0,0.0,0,0.0,OpenCV (cv2) is not installed in the current environment.
000075.mp4,C:\Users\Sarayu\Btech_Projects\RoadGuardian-AI\dataset\raw\accident\000075.mp4,0.606,False,0,0,0.0,0,0.0,OpenCV (cv2) is not installed in the current environment.
000076.mp4,C:\Users\Sarayu\Btech_Projects\RoadGuardian-AI\dataset\raw\accident\000076.mp4,0.386,False,0,0,0.0,0,0.0,OpenCV (cv2) is not installed in the current environment.
000077.mp4,C:\Users\Sarayu\Btech_Projects\RoadGuardian-AI\dataset\raw\accident\000077.mp4,0.388,False,0,0,0.0,0,0.0,OpenCV (cv2) is not installed in the current environment.
000078.mp4,C:\Users\Sarayu\Btech_Projects\RoadGuardian-AI\dataset\raw\accident\000078.mp4,0.477,False,0,0,0.0,0,0.0,OpenCV (cv2) is not installed in the current environment.
000079.mp4,C:\Users\Sarayu\Btech_Projects\RoadGuardian-AI\dataset\raw\accident\000079.mp4,0.56,False,0,0,0.0,0,0.0,OpenCV (cv2) is not installed in the current environment.
000080.mp4,C:\Users\Sarayu\Btech_Projects\RoadGuardian-AI\dataset\raw\accident\000080.mp4,0.78,False,0,0,0.0,0,0.0,OpenCV (cv2) is not installed in the current environment.
000081.mp4,C:\Users\Sarayu\Btech_Projects\RoadGuardian-AI\dataset\raw\accident\000081.mp4,0.318,False,0,0,0.0,0,0.0,OpenCV (cv2) is not installed in the current environment.
000082.mp4,C:\Users\Sarayu\Btech_Projects\RoadGuardian-AI\dataset\raw\accident\000082.mp4,0.618,False,0,0,0.0,0,0.0,OpenCV (cv2) is not installed in the current environment.
000083.mp4,C:\Users\Sarayu\Btech_Projects\RoadGuardian-AI\dataset\raw\accident\000083.mp4,0.455,False,0,0,0.0,0,0.0,OpenCV (cv2) is not installed in the current environment.
000084.mp4,C:\Users\Sarayu\Btech_Projects\RoadGuardian-AI\dataset\raw\accident\000084.mp4,0.533,False,0,0,0.0,0,0.0,OpenCV (cv2) is not installed in the current environment.
000085.mp4,C:\Users\Sarayu\Btech_Projects\RoadGuardian-AI\dataset\raw\accident\000085.mp4,0.711,False,0,0,0.0,0,0.0,OpenCV (cv2) is not installed in the current environment.
000086.mp4,C:\Users\Sarayu\Btech_Projects\RoadGuardian-AI\dataset\raw\accident\000086.mp4,0.323,False,0,0,0.0,0,0.0,OpenCV (cv2) is not installed in the current environment.
000087.mp4,C:\Users\Sarayu\Btech_Projects\RoadGuardian-AI\dataset\raw\accident\000087.mp4,0.596,False,0,0,0.0,0,0.0,OpenCV (cv2) is not installed in the current environment.
000088.mp4,C:\Users\Sarayu\Btech_Projects\RoadGuardian-AI\dataset\raw\accident\000088.mp4,0.542,False,0,0,0.0,0,0.0,OpenCV (cv2) is not installed in the current environment.
000089.mp4,C:\Users\Sarayu\Btech_Projects\RoadGuardian-AI\dataset\raw\accident\000089.mp4,0.334,False,0,0,0.0,0,0.0,OpenCV (cv2) is not installed in the current environment.
000090.mp4,C:\Users\Sarayu\Btech_Projects\RoadGuardian-AI\dataset\raw\accident\000090.mp4,0.388,False,0,0,0.0,0,0.0,OpenCV (cv2) is not installed in the current environment.
000091.mp4,C:\Users\Sarayu\Btech_Projects\RoadGuardian-AI\dataset\raw\accident\000091.mp4,0.5,False,0,0,0.0,0,0.0,OpenCV (cv2) is not installed in the current environment.
000092.mp4,C:\Users\Sarayu\Btech_Projects\RoadGuardian-AI\dataset\raw\accident\000092.mp4,0.264,False,0,0,0.0,0,0.0,OpenCV (cv2) is not installed in the current environment.
000093.mp4,C:\Users\Sarayu\Btech_Projects\RoadGuardian-AI\dataset\raw\accident\000093.mp4,0.346,False,0,0,0.0,0,0.0,OpenCV (cv2) is not installed in the current environment.
000094.mp4,C:\Users\Sarayu\Btech_Projects\RoadGuardian-AI\dataset\raw\accident\000094.mp4,0.297,False,0,0,0.0,0,0.0,OpenCV (cv2) is not installed in the current environment.
000095.mp4,C:\Users\Sarayu\Btech_Projects\RoadGuardian-AI\dataset\raw\accident\000095.mp4,0.443,False,0,0,0.0,0,0.0,OpenCV (cv2) is not installed in the current environment.
000096.mp4,C:\Users\Sarayu\Btech_Projects\RoadGuardian-AI\dataset\raw\accident\000096.mp4,0.448,False,0,0,0.0,0,0.0,OpenCV (cv2) is not installed in the current environment.
000097.mp4,C:\Users\Sarayu\Btech_Projects\RoadGuardian-AI\dataset\raw\accident\000097.mp4,0.471,False,0,0,0.0,0,0.0,OpenCV (cv2) is not installed in the current environment.
000098.mp4,C:\Users\Sarayu\Btech_Projects\RoadGuardian-AI\dataset\raw\accident\000098.mp4,0.403,False,0,0,0.0,0,0.0,OpenCV (cv2) is not installed in the current environment.
000099.mp4,C:\Users\Sarayu\Btech_Projects\RoadGuardian-AI\dataset\raw\accident\000099.mp4,0.398,False,0,0,0.0,0,0.0,OpenCV (cv2) is not installed in the current environment.
000100.mp4,C:\Users\Sarayu\Btech_Projects\RoadGuardian-AI\dataset\raw\accident\000100.mp4,0.256,False,0,0,0.0,0,0.0,OpenCV (cv2) is not installed in the current environment.
000101.mp4,C:\Users\Sarayu\Btech_Projects\RoadGuardian-AI\dataset\raw\accident\000101.mp4,0.265,False,0,0,0.0,0,0.0,OpenCV (cv2) is not installed in the current environment.
000102.mp4,C:\Users\Sarayu\Btech_Projects\RoadGuardian-AI\dataset\raw\accident\000102.mp4,0.333,False,0,0,0.0,0,0.0,OpenCV (cv2) is not installed in the current environment.
000103.mp4,C:\Users\Sarayu\Btech_Projects\RoadGuardian-AI\dataset\raw\accident\000103.mp4,0.338,False,0,0,0.0,0,0.0,OpenCV (cv2) is not installed in the current environment.
000104.mp4,C:\Users\Sarayu\Btech_Projects\RoadGuardian-AI\dataset\raw\accident\000104.mp4,0.306,False,0,0,0.0,0,0.0,OpenCV (cv2) is not installed in the current environment.
000105.mp4,C:\Users\Sarayu\Btech_Projects\RoadGuardian-AI\dataset\raw\accident\000105.mp4,0.367,False,0,0,0.0,0,0.0,OpenCV (cv2) is not installed in the current environment.
000106.mp4,C:\Users\Sarayu\Btech_Projects\RoadGuardian-AI\dataset\raw\accident\000106.mp4,0.27,False,0,0,0.0,0,0.0,OpenCV (cv2) is not installed in the current environment.
000107.mp4,C:\Users\Sarayu\Btech_Projects\RoadGuardian-AI\dataset\raw\accident\000107.mp4,0.263,False,0,0,0.0,0,0.0,OpenCV (cv2) is not installed in the current environment.
000108.mp4,C:\Users\Sarayu\Btech_Projects\RoadGuardian-AI\dataset\raw\accident\000108.mp4,0.409,False,0,0,0.0,0,0.0,OpenCV (cv2) is not installed in the current environment.
000109.mp4,C:\Users\Sarayu\Btech_Projects\RoadGuardian-AI\dataset\raw\accident\000109.mp4,0.501,False,0,0,0.0,0,0.0,OpenCV (cv2) is not installed in the current environment.
000110.mp4,C:\Users\Sarayu\Btech_Projects\RoadGuardian-AI\dataset\raw\accident\000110.mp4,0.666,False,0,0,0.0,0,0.0,OpenCV (cv2) is not installed in the current environment.
000111.mp4,C:\Users\Sarayu\Btech_Projects\RoadGuardian-AI\dataset\raw\accident\000111.mp4,0.353,False,0,0,0.0,0,0.0,OpenCV (cv2) is not installed in the current environment.
000112.mp4,C:\Users\Sarayu\Btech_Projects\RoadGuardian-AI\dataset\raw\accident\000112.mp4,0.303,False,0,0,0.0,0,0.0,OpenCV (cv2) is not installed in the current environment.
000113.mp4,C:\Users\Sarayu\Btech_Projects\RoadGuardian-AI\dataset\raw\accident\000113.mp4,0.261,False,0,0,0.0,0,0.0,OpenCV (cv2) is not installed in the current environment.
000114.mp4,C:\Users\Sarayu\Btech_Projects\RoadGuardian-AI\dataset\raw\accident\000114.mp4,0.329,False,0,0,0.0,0,0.0,OpenCV (cv2) is not installed in the current environment.
000115.mp4,C:\Users\Sarayu\Btech_Projects\RoadGuardian-AI\dataset\raw\accident\000115.mp4,0.716,False,0,0,0.0,0,0.0,OpenCV (cv2) is not installed in the current environment.
000116.mp4,C:\Users\Sarayu\Btech_Projects\RoadGuardian-AI\dataset\raw\accident\000116.mp4,0.52,False,0,0,0.0,0,0.0,OpenCV (cv2) is not installed in the current environment.
000117.mp4,C:\Users\Sarayu\Btech_Projects\RoadGuardian-AI\dataset\raw\accident\000117.mp4,0.542,False,0,0,0.0,0,0.0,OpenCV (cv2) is not installed in the current environment.
000118.mp4,C:\Users\Sarayu\Btech_Projects\RoadGuardian-AI\dataset\raw\accident\000118.mp4,0.347,False,0,0,0.0,0,0.0,OpenCV (cv2) is not installed in the current environment.
000119.mp4,C:\Users\Sarayu\Btech_Projects\RoadGuardian-AI\dataset\raw\accident\000119.mp4,0.531,False,0,0,0.0,0,0.0,OpenCV (cv2) is not installed in the current environment.
000120.mp4,C:\Users\Sarayu\Btech_Projects\RoadGuardian-AI\dataset\raw\accident\000120.mp4,0.593,False,0,0,0.0,0,0.0,OpenCV (cv2) is not installed in the current environment.
000121.mp4,C:\Users\Sarayu\Btech_Projects\RoadGuardian-AI\dataset\raw\accident\000121.mp4,0.598,False,0,0,0.0,0,0.0,OpenCV (cv2) is not installed in the current environment.
000122.mp4,C:\Users\Sarayu\Btech_Projects\RoadGuardian-AI\dataset\raw\accident\000122.mp4,0.664,False,0,0,0.0,0,0.0,OpenCV (cv2) is not installed in the current environment.
000123.mp4,C:\Users\Sarayu\Btech_Projects\RoadGuardian-AI\dataset\raw\accident\000123.mp4,0.456,False,0,0,0.0,0,0.0,OpenCV (cv2) is not installed in the current environment.
000124.mp4,C:\Users\Sarayu\Btech_Projects\RoadGuardian-AI\dataset\raw\accident\000124.mp4,0.277,False,0,0,0.0,0,0.0,OpenCV (cv2) is not installed in the current environment.
000125.mp4,C:\Users\Sarayu\Btech_Projects\RoadGuardian-AI\dataset\raw\accident\000125.mp4,0.708,False,0,0,0.0,0,0.0,OpenCV (cv2) is not installed in the current environment.
000126.mp4,C:\Users\Sarayu\Btech_Projects\RoadGuardian-AI\dataset\raw\accident\000126.mp4,0.37,False,0,0,0.0,0,0.0,OpenCV (cv2) is not installed in the current environment.
000127.mp4,C:\Users\Sarayu\Btech_Projects\RoadGuardian-AI\dataset\raw\accident\000127.mp4,0.427,False,0,0,0.0,0,0.0,OpenCV (cv2) is not installed in the current environment.
000128.mp4,C:\Users\Sarayu\Btech_Projects\RoadGuardian-AI\dataset\raw\accident\000128.mp4,0.49,False,0,0,0.0,0,0.0,OpenCV (cv2) is not installed in the current environment.
000129.mp4,C:\Users\Sarayu\Btech_Projects\RoadGuardian-AI\dataset\raw\accident\000129.mp4,0.513,False,0,0,0.0,0,0.0,OpenCV (cv2) is not installed in the current environment.
000130.mp4,C:\Users\Sarayu\Btech_Projects\RoadGuardian-AI\dataset\raw\accident\000130.mp4,0.507,False,0,0,0.0,0,0.0,OpenCV (cv2) is not installed in the current environment.
000131.mp4,C:\Users\Sarayu\Btech_Projects\RoadGuardian-AI\dataset\raw\accident\000131.mp4,0.413,False,0,0,0.0,0,0.0,OpenCV (cv2) is not installed in the current environment.
000132.mp4,C:\Users\Sarayu\Btech_Projects\RoadGuardian-AI\dataset\raw\accident\000132.mp4,0.497,False,0,0,0.0,0,0.0,OpenCV (cv2) is not installed in the current environment.
000133.mp4,C:\Users\Sarayu\Btech_Projects\RoadGuardian-AI\dataset\raw\accident\000133.mp4,0.922,False,0,0,0.0,0,0.0,OpenCV (cv2) is not installed in the current environment.
000134.mp4,C:\Users\Sarayu\Btech_Projects\RoadGuardian-AI\dataset\raw\accident\000134.mp4,0.348,False,0,0,0.0,0,0.0,OpenCV (cv2) is not installed in the current environment.
000135.mp4,C:\Users\Sarayu\Btech_Projects\RoadGuardian-AI\dataset\raw\accident\000135.mp4,0.537,False,0,0,0.0,0,0.0,OpenCV (cv2) is not installed in the current environment.
000136.mp4,C:\Users\Sarayu\Btech_Projects\RoadGuardian-AI\dataset\raw\accident\000136.mp4,0.523,False,0,0,0.0,0,0.0,OpenCV (cv2) is not installed in the current environment.
000137.mp4,C:\Users\Sarayu\Btech_Projects\RoadGuardian-AI\dataset\raw\accident\000137.mp4,0.361,False,0,0,0.0,0,0.0,OpenCV (cv2) is not installed in the current environment.
000138.mp4,C:\Users\Sarayu\Btech_Projects\RoadGuardian-AI\dataset\raw\accident\000138.mp4,0.317,False,0,0,0.0,0,0.0,OpenCV (cv2) is not installed in the current environment.
000139.mp4,C:\Users\Sarayu\Btech_Projects\RoadGuardian-AI\dataset\raw\accident\000139.mp4,0.349,False,0,0,0.0,0,0.0,OpenCV (cv2) is not installed in the current environment.
000140.mp4,C:\Users\Sarayu\Btech_Projects\RoadGuardian-AI\dataset\raw\accident\000140.mp4,0.496,False,0,0,0.0,0,0.0,OpenCV (cv2) is not installed in the current environment.
000141.mp4,C:\Users\Sarayu\Btech_Projects\RoadGuardian-AI\dataset\raw\accident\000141.mp4,0.391,False,0,0,0.0,0,0.0,OpenCV (cv2) is not installed in the current environment.
000142.mp4,C:\Users\Sarayu\Btech_Projects\RoadGuardian-AI\dataset\raw\accident\000142.mp4,0.575,False,0,0,0.0,0,0.0,OpenCV (cv2) is not installed in the current environment.
000143.mp4,C:\Users\Sarayu\Btech_Projects\RoadGuardian-AI\dataset\raw\accident\000143.mp4,0.411,False,0,0,0.0,0,0.0,OpenCV (cv2) is not installed in the current environment.
000144.mp4,C:\Users\Sarayu\Btech_Projects\RoadGuardian-AI\dataset\raw\accident\000144.mp4,0.408,False,0,0,0.0,0,0.0,OpenCV (cv2) is not installed in the current environment.
000145.mp4,C:\Users\Sarayu\Btech_Projects\RoadGuardian-AI\dataset\raw\accident\000145.mp4,0.538,False,0,0,0.0,0,0.0,OpenCV (cv2) is not installed in the current environment.
000146.mp4,C:\Users\Sarayu\Btech_Projects\RoadGuardian-AI\dataset\raw\accident\000146.mp4,0.355,False,0,0,0.0,0,0.0,OpenCV (cv2) is not installed in the current environment.
000147.mp4,C:\Users\Sarayu\Btech_Projects\RoadGuardian-AI\dataset\raw\accident\000147.mp4,0.282,False,0,0,0.0,0,0.0,OpenCV (cv2) is not installed in the current environment.
000148.mp4,C:\Users\Sarayu\Btech_Projects\RoadGuardian-AI\dataset\raw\accident\000148.mp4,0.353,False,0,0,0.0,0,0.0,OpenCV (cv2) is not installed in the current environment.
000149.mp4,C:\Users\Sarayu\Btech_Projects\RoadGuardian-AI\dataset\raw\accident\000149.mp4,0.301,False,0,0,0.0,0,0.0,OpenCV (cv2) is not installed in the current environment.
000150.mp4,C:\Users\Sarayu\Btech_Projects\RoadGuardian-AI\dataset\raw\accident\000150.mp4,0.732,False,0,0,0.0,0,0.0,OpenCV (cv2) is not installed in the current environment.
000151.mp4,C:\Users\Sarayu\Btech_Projects\RoadGuardian-AI\dataset\raw\accident\000151.mp4,0.966,False,0,0,0.0,0,0.0,OpenCV (cv2) is not installed in the current environment.
000152.mp4,C:\Users\Sarayu\Btech_Projects\RoadGuardian-AI\dataset\raw\accident\000152.mp4,0.633,False,0,0,0.0,0,0.0,OpenCV (cv2) is not installed in the current environment.
000153.mp4,C:\Users\Sarayu\Btech_Projects\RoadGuardian-AI\dataset\raw\accident\000153.mp4,0.342,False,0,0,0.0,0,0.0,OpenCV (cv2) is not installed in the current environment.
000154.mp4,C:\Users\Sarayu\Btech_Projects\RoadGuardian-AI\dataset\raw\accident\000154.mp4,0.459,False,0,0,0.0,0,0.0,OpenCV (cv2) is not installed in the current environment.
000155.mp4,C:\Users\Sarayu\Btech_Projects\RoadGuardian-AI\dataset\raw\accident\000155.mp4,0.573,False,0,0,0.0,0,0.0,OpenCV (cv2) is not installed in the current environment.
000156.mp4,C:\Users\Sarayu\Btech_Projects\RoadGuardian-AI\dataset\raw\accident\000156.mp4,0.794,False,0,0,0.0,0,0.0,OpenCV (cv2) is not installed in the current environment.
000157.mp4,C:\Users\Sarayu\Btech_Projects\RoadGuardian-AI\dataset\raw\accident\000157.mp4,0.61,False,0,0,0.0,0,0.0,OpenCV (cv2) is not installed in the current environment.
000158.mp4,C:\Users\Sarayu\Btech_Projects\RoadGuardian-AI\dataset\raw\accident\000158.mp4,1.024,False,0,0,0.0,0,0.0,OpenCV (cv2) is not installed in the current environment.
000159.mp4,C:\Users\Sarayu\Btech_Projects\RoadGuardian-AI\dataset\raw\accident\000159.mp4,0.578,False,0,0,0.0,0,0.0,OpenCV (cv2) is not installed in the current environment.
000160.mp4,C:\Users\Sarayu\Btech_Projects\RoadGuardian-AI\dataset\raw\accident\000160.mp4,0.562,False,0,0,0.0,0,0.0,OpenCV (cv2) is not installed in the current environment.
000161.mp4,C:\Users\Sarayu\Btech_Projects\RoadGuardian-AI\dataset\raw\accident\000161.mp4,0.661,False,0,0,0.0,0,0.0,OpenCV (cv2) is not installed in the current environment.
000162.mp4,C:\Users\Sarayu\Btech_Projects\RoadGuardian-AI\dataset\raw\accident\000162.mp4,0.392,False,0,0,0.0,0,0.0,OpenCV (cv2) is not installed in the current environment.
000163.mp4,C:\Users\Sarayu\Btech_Projects\RoadGuardian-AI\dataset\raw\accident\000163.mp4,0.507,False,0,0,0.0,0,0.0,OpenCV (cv2) is not installed in the current environment.
000164.mp4,C:\Users\Sarayu\Btech_Projects\RoadGuardian-AI\dataset\raw\accident\000164.mp4,0.404,False,0,0,0.0,0,0.0,OpenCV (cv2) is not installed in the current environment.
000165.mp4,C:\Users\Sarayu\Btech_Projects\RoadGuardian-AI\dataset\raw\accident\000165.mp4,0.435,False,0,0,0.0,0,0.0,OpenCV (cv2) is not installed in the current environment.
000166.mp4,C:\Users\Sarayu\Btech_Projects\RoadGuardian-AI\dataset\raw\accident\000166.mp4,0.58,False,0,0,0.0,0,0.0,OpenCV (cv2) is not installed in the current environment.
000167.mp4,C:\Users\Sarayu\Btech_Projects\RoadGuardian-AI\dataset\raw\accident\000167.mp4,0.361,False,0,0,0.0,0,0.0,OpenCV (cv2) is not installed in the current environment.
000168.mp4,C:\Users\Sarayu\Btech_Projects\RoadGuardian-AI\dataset\raw\accident\000168.mp4,0.559,False,0,0,0.0,0,0.0,OpenCV (cv2) is not installed in the current environment.
000169.mp4,C:\Users\Sarayu\Btech_Projects\RoadGuardian-AI\dataset\raw\accident\000169.mp4,0.396,False,0,0,0.0,0,0.0,OpenCV (cv2) is not installed in the current environment.
000170.mp4,C:\Users\Sarayu\Btech_Projects\RoadGuardian-AI\dataset\raw\accident\000170.mp4,0.575,False,0,0,0.0,0,0.0,OpenCV (cv2) is not installed in the current environment.
000171.mp4,C:\Users\Sarayu\Btech_Projects\RoadGuardian-AI\dataset\raw\accident\000171.mp4,0.691,False,0,0,0.0,0,0.0,OpenCV (cv2) is not installed in the current environment.
000172.mp4,C:\Users\Sarayu\Btech_Projects\RoadGuardian-AI\dataset\raw\accident\000172.mp4,0.405,False,0,0,0.0,0,0.0,OpenCV (cv2) is not installed in the current environment.
000173.mp4,C:\Users\Sarayu\Btech_Projects\RoadGuardian-AI\dataset\raw\accident\000173.mp4,0.506,False,0,0,0.0,0,0.0,OpenCV (cv2) is not installed in the current environment.
000174.mp4,C:\Users\Sarayu\Btech_Projects\RoadGuardian-AI\dataset\raw\accident\000174.mp4,0.428,False,0,0,0.0,0,0.0,OpenCV (cv2) is not installed in the current environment.
000175.mp4,C:\Users\Sarayu\Btech_Projects\RoadGuardian-AI\dataset\raw\accident\000175.mp4,0.373,False,0,0,0.0,0,0.0,OpenCV (cv2) is not installed in the current environment.
000176.mp4,C:\Users\Sarayu\Btech_Projects\RoadGuardian-AI\dataset\raw\accident\000176.mp4,0.851,False,0,0,0.0,0,0.0,OpenCV (cv2) is not installed in the current environment.
000177.mp4,C:\Users\Sarayu\Btech_Projects\RoadGuardian-AI\dataset\raw\accident\000177.mp4,0.759,False,0,0,0.0,0,0.0,OpenCV (cv2) is not installed in the current environment.
000178.mp4,C:\Users\Sarayu\Btech_Projects\RoadGuardian-AI\dataset\raw\accident\000178.mp4,0.538,False,0,0,0.0,0,0.0,OpenCV (cv2) is not installed in the current environment.
000179.mp4,C:\Users\Sarayu\Btech_Projects\RoadGuardian-AI\dataset\raw\accident\000179.mp4,0.449,False,0,0,0.0,0,0.0,OpenCV (cv2) is not installed in the current environment.
000180.mp4,C:\Users\Sarayu\Btech_Projects\RoadGuardian-AI\dataset\raw\accident\000180.mp4,0.477,False,0,0,0.0,0,0.0,OpenCV (cv2) is not installed in the current environment.
000181.mp4,C:\Users\Sarayu\Btech_Projects\RoadGuardian-AI\dataset\raw\accident\000181.mp4,0.305,False,0,0,0.0,0,0.0,OpenCV (cv2) is not installed in the current environment.
000182.mp4,C:\Users\Sarayu\Btech_Projects\RoadGuardian-AI\dataset\raw\accident\000182.mp4,0.528,False,0,0,0.0,0,0.0,OpenCV (cv2) is not installed in the current environment.
000183.mp4,C:\Users\Sarayu\Btech_Projects\RoadGuardian-AI\dataset\raw\accident\000183.mp4,0.551,False,0,0,0.0,0,0.0,OpenCV (cv2) is not installed in the current environment.
000184.mp4,C:\Users\Sarayu\Btech_Projects\RoadGuardian-AI\dataset\raw\accident\000184.mp4,0.864,False,0,0,0.0,0,0.0,OpenCV (cv2) is not installed in the current environment.
000185.mp4,C:\Users\Sarayu\Btech_Projects\RoadGuardian-AI\dataset\raw\accident\000185.mp4,0.408,False,0,0,0.0,0,0.0,OpenCV (cv2) is not installed in the current environment.
000186.mp4,C:\Users\Sarayu\Btech_Projects\RoadGuardian-AI\dataset\raw\accident\000186.mp4,0.353,False,0,0,0.0,0,0.0,OpenCV (cv2) is not installed in the current environment.
000187.mp4,C:\Users\Sarayu\Btech_Projects\RoadGuardian-AI\dataset\raw\accident\000187.mp4,0.358,False,0,0,0.0,0,0.0,OpenCV (cv2) is not installed in the current environment.
000188.mp4,C:\Users\Sarayu\Btech_Projects\RoadGuardian-AI\dataset\raw\accident\000188.mp4,0.419,False,0,0,0.0,0,0.0,OpenCV (cv2) is not installed in the current environment.
000189.mp4,C:\Users\Sarayu\Btech_Projects\RoadGuardian-AI\dataset\raw\accident\000189.mp4,0.858,False,0,0,0.0,0,0.0,OpenCV (cv2) is not installed in the current environment.
000190.mp4,C:\Users\Sarayu\Btech_Projects\RoadGuardian-AI\dataset\raw\accident\000190.mp4,0.559,False,0,0,0.0,0,0.0,OpenCV (cv2) is not installed in the current environment.
000191.mp4,C:\Users\Sarayu\Btech_Projects\RoadGuardian-AI\dataset\raw\accident\000191.mp4,0.312,False,0,0,0.0,0,0.0,OpenCV (cv2) is not installed in the current environment.
000192.mp4,C:\Users\Sarayu\Btech_Projects\RoadGuardian-AI\dataset\raw\accident\000192.mp4,0.689,False,0,0,0.0,0,0.0,OpenCV (cv2) is not installed in the current environment.
000193.mp4,C:\Users\Sarayu\Btech_Projects\RoadGuardian-AI\dataset\raw\accident\000193.mp4,0.62,False,0,0,0.0,0,0.0,OpenCV (cv2) is not installed in the current environment.
000194.mp4,C:\Users\Sarayu\Btech_Projects\RoadGuardian-AI\dataset\raw\accident\000194.mp4,0.556,False,0,0,0.0,0,0.0,OpenCV (cv2) is not installed in the current environment.
000195.mp4,C:\Users\Sarayu\Btech_Projects\RoadGuardian-AI\dataset\raw\accident\000195.mp4,0.575,False,0,0,0.0,0,0.0,OpenCV (cv2) is not installed in the current environment.
000196.mp4,C:\Users\Sarayu\Btech_Projects\RoadGuardian-AI\dataset\raw\accident\000196.mp4,0.326,False,0,0,0.0,0,0.0,OpenCV (cv2) is not installed in the current environment.
000197.mp4,C:\Users\Sarayu\Btech_Projects\RoadGuardian-AI\dataset\raw\accident\000197.mp4,0.458,False,0,0,0.0,0,0.0,OpenCV (cv2) is not installed in the current environment.
000198.mp4,C:\Users\Sarayu\Btech_Projects\RoadGuardian-AI\dataset\raw\accident\000198.mp4,0.463,False,0,0,0.0,0,0.0,OpenCV (cv2) is not installed in the current environment.
000199.mp4,C:\Users\Sarayu\Btech_Projects\RoadGuardian-AI\dataset\raw\accident\000199.mp4,0.437,False,0,0,0.0,0,0.0,OpenCV (cv2) is not installed in the current environment.
000200.mp4,C:\Users\Sarayu\Btech_Projects\RoadGuardian-AI\dataset\raw\accident\000200.mp4,0.496,False,0,0,0.0,0,0.0,OpenCV (cv2) is not installed in the current environment.
000201.mp4,C:\Users\Sarayu\Btech_Projects\RoadGuardian-AI\dataset\raw\accident\000201.mp4,0.384,False,0,0,0.0,0,0.0,OpenCV (cv2) is not installed in the current environment.
000202.mp4,C:\Users\Sarayu\Btech_Projects\RoadGuardian-AI\dataset\raw\accident\000202.mp4,0.925,False,0,0,0.0,0,0.0,OpenCV (cv2) is not installed in the current environment.
000203.mp4,C:\Users\Sarayu\Btech_Projects\RoadGuardian-AI\dataset\raw\accident\000203.mp4,0.653,False,0,0,0.0,0,0.0,OpenCV (cv2) is not installed in the current environment.
000204.mp4,C:\Users\Sarayu\Btech_Projects\RoadGuardian-AI\dataset\raw\accident\000204.mp4,0.492,False,0,0,0.0,0,0.0,OpenCV (cv2) is not installed in the current environment.
000205.mp4,C:\Users\Sarayu\Btech_Projects\RoadGuardian-AI\dataset\raw\accident\000205.mp4,0.914,False,0,0,0.0,0,0.0,OpenCV (cv2) is not installed in the current environment.
000206.mp4,C:\Users\Sarayu\Btech_Projects\RoadGuardian-AI\dataset\raw\accident\000206.mp4,0.328,False,0,0,0.0,0,0.0,OpenCV (cv2) is not installed in the current environment.
000207.mp4,C:\Users\Sarayu\Btech_Projects\RoadGuardian-AI\dataset\raw\accident\000207.mp4,0.327,False,0,0,0.0,0,0.0,OpenCV (cv2) is not installed in the current environment.
000208.mp4,C:\Users\Sarayu\Btech_Projects\RoadGuardian-AI\dataset\raw\accident\000208.mp4,0.515,False,0,0,0.0,0,0.0,OpenCV (cv2) is not installed in the current environment.
000209.mp4,C:\Users\Sarayu\Btech_Projects\RoadGuardian-AI\dataset\raw\accident\000209.mp4,0.366,False,0,0,0.0,0,0.0,OpenCV (cv2) is not installed in the current environment.
000210.mp4,C:\Users\Sarayu\Btech_Projects\RoadGuardian-AI\dataset\raw\accident\000210.mp4,0.455,False,0,0,0.0,0,0.0,OpenCV (cv2) is not installed in the current environment.
000211.mp4,C:\Users\Sarayu\Btech_Projects\RoadGuardian-AI\dataset\raw\accident\000211.mp4,0.812,False,0,0,0.0,0,0.0,OpenCV (cv2) is not installed in the current environment.
000212.mp4,C:\Users\Sarayu\Btech_Projects\RoadGuardian-AI\dataset\raw\accident\000212.mp4,0.49,False,0,0,0.0,0,0.0,OpenCV (cv2) is not installed in the current environment.
000213.mp4,C:\Users\Sarayu\Btech_Projects\RoadGuardian-AI\dataset\raw\accident\000213.mp4,0.429,False,0,0,0.0,0,0.0,OpenCV (cv2) is not installed in the current environment.
000214.mp4,C:\Users\Sarayu\Btech_Projects\RoadGuardian-AI\dataset\raw\accident\000214.mp4,0.375,False,0,0,0.0,0,0.0,OpenCV (cv2) is not installed in the current environment.
000215.mp4,C:\Users\Sarayu\Btech_Projects\RoadGuardian-AI\dataset\raw\accident\000215.mp4,0.253,False,0,0,0.0,0,0.0,OpenCV (cv2) is not installed in the current environment.
000216.mp4,C:\Users\Sarayu\Btech_Projects\RoadGuardian-AI\dataset\raw\accident\000216.mp4,0.471,False,0,0,0.0,0,0.0,OpenCV (cv2) is not installed in the current environment.
000217.mp4,C:\Users\Sarayu\Btech_Projects\RoadGuardian-AI\dataset\raw\accident\000217.mp4,0.45,False,0,0,0.0,0,0.0,OpenCV (cv2) is not installed in the current environment.
000218.mp4,C:\Users\Sarayu\Btech_Projects\RoadGuardian-AI\dataset\raw\accident\000218.mp4,0.477,False,0,0,0.0,0,0.0,OpenCV (cv2) is not installed in the current environment.
000219.mp4,C:\Users\Sarayu\Btech_Projects\RoadGuardian-AI\dataset\raw\accident\000219.mp4,0.883,False,0,0,0.0,0,0.0,OpenCV (cv2) is not installed in the current environment.
000220.mp4,C:\Users\Sarayu\Btech_Projects\RoadGuardian-AI\dataset\raw\accident\000220.mp4,0.929,False,0,0,0.0,0,0.0,OpenCV (cv2) is not installed in the current environment.
000221.mp4,C:\Users\Sarayu\Btech_Projects\RoadGuardian-AI\dataset\raw\accident\000221.mp4,0.417,False,0,0,0.0,0,0.0,OpenCV (cv2) is not installed in the current environment.
000222.mp4,C:\Users\Sarayu\Btech_Projects\RoadGuardian-AI\dataset\raw\accident\000222.mp4,0.745,False,0,0,0.0,0,0.0,OpenCV (cv2) is not installed in the current environment.
000223.mp4,C:\Users\Sarayu\Btech_Projects\RoadGuardian-AI\dataset\raw\accident\000223.mp4,0.332,False,0,0,0.0,0,0.0,OpenCV (cv2) is not installed in the current environment.
000224.mp4,C:\Users\Sarayu\Btech_Projects\RoadGuardian-AI\dataset\raw\accident\000224.mp4,0.521,False,0,0,0.0,0,0.0,OpenCV (cv2) is not installed in the current environment.
000225.mp4,C:\Users\Sarayu\Btech_Projects\RoadGuardian-AI\dataset\raw\accident\000225.mp4,0.446,False,0,0,0.0,0,0.0,OpenCV (cv2) is not installed in the current environment.
000226.mp4,C:\Users\Sarayu\Btech_Projects\RoadGuardian-AI\dataset\raw\accident\000226.mp4,0.499,False,0,0,0.0,0,0.0,OpenCV (cv2) is not installed in the current environment.
000227.mp4,C:\Users\Sarayu\Btech_Projects\RoadGuardian-AI\dataset\raw\accident\000227.mp4,0.326,False,0,0,0.0,0,0.0,OpenCV (cv2) is not installed in the current environment.
000228.mp4,C:\Users\Sarayu\Btech_Projects\RoadGuardian-AI\dataset\raw\accident\000228.mp4,0.376,False,0,0,0.0,0,0.0,OpenCV (cv2) is not installed in the current environment.
000229.mp4,C:\Users\Sarayu\Btech_Projects\RoadGuardian-AI\dataset\raw\accident\000229.mp4,0.359,False,0,0,0.0,0,0.0,OpenCV (cv2) is not installed in the current environment.
000230.mp4,C:\Users\Sarayu\Btech_Projects\RoadGuardian-AI\dataset\raw\accident\000230.mp4,0.324,False,0,0,0.0,0,0.0,OpenCV (cv2) is not installed in the current environment.
000231.mp4,C:\Users\Sarayu\Btech_Projects\RoadGuardian-AI\dataset\raw\accident\000231.mp4,0.342,False,0,0,0.0,0,0.0,OpenCV (cv2) is not installed in the current environment.
000232.mp4,C:\Users\Sarayu\Btech_Projects\RoadGuardian-AI\dataset\raw\accident\000232.mp4,0.487,False,0,0,0.0,0,0.0,OpenCV (cv2) is not installed in the current environment.
000233.mp4,C:\Users\Sarayu\Btech_Projects\RoadGuardian-AI\dataset\raw\accident\000233.mp4,0.412,False,0,0,0.0,0,0.0,OpenCV (cv2) is not installed in the current environment.
000234.mp4,C:\Users\Sarayu\Btech_Projects\RoadGuardian-AI\dataset\raw\accident\000234.mp4,0.733,False,0,0,0.0,0,0.0,OpenCV (cv2) is not installed in the current environment.
000235.mp4,C:\Users\Sarayu\Btech_Projects\RoadGuardian-AI\dataset\raw\accident\000235.mp4,0.489,False,0,0,0.0,0,0.0,OpenCV (cv2) is not installed in the current environment.
000236.mp4,C:\Users\Sarayu\Btech_Projects\RoadGuardian-AI\dataset\raw\accident\000236.mp4,0.444,False,0,0,0.0,0,0.0,OpenCV (cv2) is not installed in the current environment.
000237.mp4,C:\Users\Sarayu\Btech_Projects\RoadGuardian-AI\dataset\raw\accident\000237.mp4,0.407,False,0,0,0.0,0,0.0,OpenCV (cv2) is not installed in the current environment.
000238.mp4,C:\Users\Sarayu\Btech_Projects\RoadGuardian-AI\dataset\raw\accident\000238.mp4,0.339,False,0,0,0.0,0,0.0,OpenCV (cv2) is not installed in the current environment.
000239.mp4,C:\Users\Sarayu\Btech_Projects\RoadGuardian-AI\dataset\raw\accident\000239.mp4,0.555,False,0,0,0.0,0,0.0,OpenCV (cv2) is not installed in the current environment.
000240.mp4,C:\Users\Sarayu\Btech_Projects\RoadGuardian-AI\dataset\raw\accident\000240.mp4,0.283,False,0,0,0.0,0,0.0,OpenCV (cv2) is not installed in the current environment.
000241.mp4,C:\Users\Sarayu\Btech_Projects\RoadGuardian-AI\dataset\raw\accident\000241.mp4,0.679,False,0,0,0.0,0,0.0,OpenCV (cv2) is not installed in the current environment.
000242.mp4,C:\Users\Sarayu\Btech_Projects\RoadGuardian-AI\dataset\raw\accident\000242.mp4,0.336,False,0,0,0.0,0,0.0,OpenCV (cv2) is not installed in the current environment.
000243.mp4,C:\Users\Sarayu\Btech_Projects\RoadGuardian-AI\dataset\raw\accident\000243.mp4,0.498,False,0,0,0.0,0,0.0,OpenCV (cv2) is not installed in the current environment.
000244.mp4,C:\Users\Sarayu\Btech_Projects\RoadGuardian-AI\dataset\raw\accident\000244.mp4,0.533,False,0,0,0.0,0,0.0,OpenCV (cv2) is not installed in the current environment.
000245.mp4,C:\Users\Sarayu\Btech_Projects\RoadGuardian-AI\dataset\raw\accident\000245.mp4,0.461,False,0,0,0.0,0,0.0,OpenCV (cv2) is not installed in the current environment.
000246.mp4,C:\Users\Sarayu\Btech_Projects\RoadGuardian-AI\dataset\raw\accident\000246.mp4,0.796,False,0,0,0.0,0,0.0,OpenCV (cv2) is not installed in the current environment.
000247.mp4,C:\Users\Sarayu\Btech_Projects\RoadGuardian-AI\dataset\raw\accident\000247.mp4,0.342,False,0,0,0.0,0,0.0,OpenCV (cv2) is not installed in the current environment.
000248.mp4,C:\Users\Sarayu\Btech_Projects\RoadGuardian-AI\dataset\raw\accident\000248.mp4,0.656,False,0,0,0.0,0,0.0,OpenCV (cv2) is not installed in the current environment.
000249.mp4,C:\Users\Sarayu\Btech_Projects\RoadGuardian-AI\dataset\raw\accident\000249.mp4,0.564,False,0,0,0.0,0,0.0,OpenCV (cv2) is not installed in the current environment.
000250.mp4,C:\Users\Sarayu\Btech_Projects\RoadGuardian-AI\dataset\raw\accident\000250.mp4,0.62,False,0,0,0.0,0,0.0,OpenCV (cv2) is not installed in the current environment.
000251.mp4,C:\Users\Sarayu\Btech_Projects\RoadGuardian-AI\dataset\raw\accident\000251.mp4,0.686,False,0,0,0.0,0,0.0,OpenCV (cv2) is not installed in the current environment.
000252.mp4,C:\Users\Sarayu\Btech_Projects\RoadGuardian-AI\dataset\raw\accident\000252.mp4,0.621,False,0,0,0.0,0,0.0,OpenCV (cv2) is not installed in the current environment.
000253.mp4,C:\Users\Sarayu\Btech_Projects\RoadGuardian-AI\dataset\raw\accident\000253.mp4,0.35,False,0,0,0.0,0,0.0,OpenCV (cv2) is not installed in the current environment.
000254.mp4,C:\Users\Sarayu\Btech_Projects\RoadGuardian-AI\dataset\raw\accident\000254.mp4,0.413,False,0,0,0.0,0,0.0,OpenCV (cv2) is not installed in the current environment.
000255.mp4,C:\Users\Sarayu\Btech_Projects\RoadGuardian-AI\dataset\raw\accident\000255.mp4,0.4,False,0,0,0.0,0,0.0,OpenCV (cv2) is not installed in the current environment.
000256.mp4,C:\Users\Sarayu\Btech_Projects\RoadGuardian-AI\dataset\raw\accident\000256.mp4,0.319,False,0,0,0.0,0,0.0,OpenCV (cv2) is not installed in the current environment.
000257.mp4,C:\Users\Sarayu\Btech_Projects\RoadGuardian-AI\dataset\raw\accident\000257.mp4,0.42,False,0,0,0.0,0,0.0,OpenCV (cv2) is not installed in the current environment.
000258.mp4,C:\Users\Sarayu\Btech_Projects\RoadGuardian-AI\dataset\raw\accident\000258.mp4,0.537,False,0,0,0.0,0,0.0,OpenCV (cv2) is not installed in the current environment.
000259.mp4,C:\Users\Sarayu\Btech_Projects\RoadGuardian-AI\dataset\raw\accident\000259.mp4,0.446,False,0,0,0.0,0,0.0,OpenCV (cv2) is not installed in the current environment.
000260.mp4,C:\Users\Sarayu\Btech_Projects\RoadGuardian-AI\dataset\raw\accident\000260.mp4,0.434,False,0,0,0.0,0,0.0,OpenCV (cv2) is not installed in the current environment.
000261.mp4,C:\Users\Sarayu\Btech_Projects\RoadGuardian-AI\dataset\raw\accident\000261.mp4,0.74,False,0,0,0.0,0,0.0,OpenCV (cv2) is not installed in the current environment.
000262.mp4,C:\Users\Sarayu\Btech_Projects\RoadGuardian-AI\dataset\raw\accident\000262.mp4,0.542,False,0,0,0.0,0,0.0,OpenCV (cv2) is not installed in the current environment.
000263.mp4,C:\Users\Sarayu\Btech_Projects\RoadGuardian-AI\dataset\raw\accident\000263.mp4,0.349,False,0,0,0.0,0,0.0,OpenCV (cv2) is not installed in the current environment.
000264.mp4,C:\Users\Sarayu\Btech_Projects\RoadGuardian-AI\dataset\raw\accident\000264.mp4,0.571,False,0,0,0.0,0,0.0,OpenCV (cv2) is not installed in the current environment.
000265.mp4,C:\Users\Sarayu\Btech_Projects\RoadGuardian-AI\dataset\raw\accident\000265.mp4,0.508,False,0,0,0.0,0,0.0,OpenCV (cv2) is not installed in the current environment.
000266.mp4,C:\Users\Sarayu\Btech_Projects\RoadGuardian-AI\dataset\raw\accident\000266.mp4,0.668,False,0,0,0.0,0,0.0,OpenCV (cv2) is not installed in the current environment.
000267.mp4,C:\Users\Sarayu\Btech_Projects\RoadGuardian-AI\dataset\raw\accident\000267.mp4,0.793,False,0,0,0.0,0,0.0,OpenCV (cv2) is not installed in the current environment.
000268.mp4,C:\Users\Sarayu\Btech_Projects\RoadGuardian-AI\dataset\raw\accident\000268.mp4,0.499,False,0,0,0.0,0,0.0,OpenCV (cv2) is not installed in the current environment.
000269.mp4,C:\Users\Sarayu\Btech_Projects\RoadGuardian-AI\dataset\raw\accident\000269.mp4,0.413,False,0,0,0.0,0,0.0,OpenCV (cv2) is not installed in the current environment.
000270.mp4,C:\Users\Sarayu\Btech_Projects\RoadGuardian-AI\dataset\raw\accident\000270.mp4,0.356,False,0,0,0.0,0,0.0,OpenCV (cv2) is not installed in the current environment.
000271.mp4,C:\Users\Sarayu\Btech_Projects\RoadGuardian-AI\dataset\raw\accident\000271.mp4,0.509,False,0,0,0.0,0,0.0,OpenCV (cv2) is not installed in the current environment.
000272.mp4,C:\Users\Sarayu\Btech_Projects\RoadGuardian-AI\dataset\raw\accident\000272.mp4,0.486,False,0,0,0.0,0,0.0,OpenCV (cv2) is not installed in the current environment.
000273.mp4,C:\Users\Sarayu\Btech_Projects\RoadGuardian-AI\dataset\raw\accident\000273.mp4,0.694,False,0,0,0.0,0,0.0,OpenCV (cv2) is not installed in the current environment.
000274.mp4,C:\Users\Sarayu\Btech_Projects\RoadGuardian-AI\dataset\raw\accident\000274.mp4,0.376,False,0,0,0.0,0,0.0,OpenCV (cv2) is not installed in the current environment.
000275.mp4,C:\Users\Sarayu\Btech_Projects\RoadGuardian-AI\dataset\raw\accident\000275.mp4,0.359,False,0,0,0.0,0,0.0,OpenCV (cv2) is not installed in the current environment.
000276.mp4,C:\Users\Sarayu\Btech_Projects\RoadGuardian-AI\dataset\raw\accident\000276.mp4,0.685,False,0,0,0.0,0,0.0,OpenCV (cv2) is not installed in the current environment.
000277.mp4,C:\Users\Sarayu\Btech_Projects\RoadGuardian-AI\dataset\raw\accident\000277.mp4,0.593,False,0,0,0.0,0,0.0,OpenCV (cv2) is not installed in the current environment.
000278.mp4,C:\Users\Sarayu\Btech_Projects\RoadGuardian-AI\dataset\raw\accident\000278.mp4,0.426,False,0,0,0.0,0,0.0,OpenCV (cv2) is not installed in the current environment.
000279.mp4,C:\Users\Sarayu\Btech_Projects\RoadGuardian-AI\dataset\raw\accident\000279.mp4,0.579,False,0,0,0.0,0,0.0,OpenCV (cv2) is not installed in the current environment.
000280.mp4,C:\Users\Sarayu\Btech_Projects\RoadGuardian-AI\dataset\raw\accident\000280.mp4,0.37,False,0,0,0.0,0,0.0,OpenCV (cv2) is not installed in the current environment.
000281.mp4,C:\Users\Sarayu\Btech_Projects\RoadGuardian-AI\dataset\raw\accident\000281.mp4,0.216,False,0,0,0.0,0,0.0,OpenCV (cv2) is not installed in the current environment.
000282.mp4,C:\Users\Sarayu\Btech_Projects\RoadGuardian-AI\dataset\raw\accident\000282.mp4,0.249,False,0,0,0.0,0,0.0,OpenCV (cv2) is not installed in the current environment.
000283.mp4,C:\Users\Sarayu\Btech_Projects\RoadGuardian-AI\dataset\raw\accident\000283.mp4,0.314,False,0,0,0.0,0,0.0,OpenCV (cv2) is not installed in the current environment.
000284.mp4,C:\Users\Sarayu\Btech_Projects\RoadGuardian-AI\dataset\raw\accident\000284.mp4,0.314,False,0,0,0.0,0,0.0,OpenCV (cv2) is not installed in the current environment.
000285.mp4,C:\Users\Sarayu\Btech_Projects\RoadGuardian-AI\dataset\raw\accident\000285.mp4,0.233,False,0,0,0.0,0,0.0,OpenCV (cv2) is not installed in the current environment.
000286.mp4,C:\Users\Sarayu\Btech_Projects\RoadGuardian-AI\dataset\raw\accident\000286.mp4,0.227,False,0,0,0.0,0,0.0,OpenCV (cv2) is not installed in the current environment.
000287.mp4,C:\Users\Sarayu\Btech_Projects\RoadGuardian-AI\dataset\raw\accident\000287.mp4,0.237,False,0,0,0.0,0,0.0,OpenCV (cv2) is not installed in the current environment.
000288.mp4,C:\Users\Sarayu\Btech_Projects\RoadGuardian-AI\dataset\raw\accident\000288.mp4,0.237,False,0,0,0.0,0,0.0,OpenCV (cv2) is not installed in the current environment.
000289.mp4,C:\Users\Sarayu\Btech_Projects\RoadGuardian-AI\dataset\raw\accident\000289.mp4,0.236,False,0,0,0.0,0,0.0,OpenCV (cv2) is not installed in the current environment.
000290.mp4,C:\Users\Sarayu\Btech_Projects\RoadGuardian-AI\dataset\raw\accident\000290.mp4,0.233,False,0,0,0.0,0,0.0,OpenCV (cv2) is not installed in the current environment.
000291.mp4,C:\Users\Sarayu\Btech_Projects\RoadGuardian-AI\dataset\raw\accident\000291.mp4,0.346,False,0,0,0.0,0,0.0,OpenCV (cv2) is not installed in the current environment.
000292.mp4,C:\Users\Sarayu\Btech_Projects\RoadGuardian-AI\dataset\raw\accident\000292.mp4,0.482,False,0,0,0.0,0,0.0,OpenCV (cv2) is not installed in the current environment.
000293.mp4,C:\Users\Sarayu\Btech_Projects\RoadGuardian-AI\dataset\raw\accident\000293.mp4,0.736,False,0,0,0.0,0,0.0,OpenCV (cv2) is not installed in the current environment.
000294.mp4,C:\Users\Sarayu\Btech_Projects\RoadGuardian-AI\dataset\raw\accident\000294.mp4,0.45,False,0,0,0.0,0,0.0,OpenCV (cv2) is not installed in the current environment.
000295.mp4,C:\Users\Sarayu\Btech_Projects\RoadGuardian-AI\dataset\raw\accident\000295.mp4,0.533,False,0,0,0.0,0,0.0,OpenCV (cv2) is not installed in the current environment.
000296.mp4,C:\Users\Sarayu\Btech_Projects\RoadGuardian-AI\dataset\raw\accident\000296.mp4,0.419,False,0,0,0.0,0,0.0,OpenCV (cv2) is not installed in the current environment.
000297.mp4,C:\Users\Sarayu\Btech_Projects\RoadGuardian-AI\dataset\raw\accident\000297.mp4,0.464,False,0,0,0.0,0,0.0,OpenCV (cv2) is not installed in the current environment.
000298.mp4,C:\Users\Sarayu\Btech_Projects\RoadGuardian-AI\dataset\raw\accident\000298.mp4,0.278,False,0,0,0.0,0,0.0,OpenCV (cv2) is not installed in the current environment.
000299.mp4,C:\Users\Sarayu\Btech_Projects\RoadGuardian-AI\dataset\raw\accident\000299.mp4,0.38,False,0,0,0.0,0,0.0,OpenCV (cv2) is not installed in the current environment.
000300.mp4,C:\Users\Sarayu\Btech_Projects\RoadGuardian-AI\dataset\raw\accident\000300.mp4,0.358,False,0,0,0.0,0,0.0,OpenCV (cv2) is not installed in the current environment.
000301.mp4,C:\Users\Sarayu\Btech_Projects\RoadGuardian-AI\dataset\raw\accident\000301.mp4,0.284,False,0,0,0.0,0,0.0,OpenCV (cv2) is not installed in the current environment.
000302.mp4,C:\Users\Sarayu\Btech_Projects\RoadGuardian-AI\dataset\raw\accident\000302.mp4,0.482,False,0,0,0.0,0,0.0,OpenCV (cv2) is not installed in the current environment.
000303.mp4,C:\Users\Sarayu\Btech_Projects\RoadGuardian-AI\dataset\raw\accident\000303.mp4,0.726,False,0,0,0.0,0,0.0,OpenCV (cv2) is not installed in the current environment.
000304.mp4,C:\Users\Sarayu\Btech_Projects\RoadGuardian-AI\dataset\raw\accident\000304.mp4,0.521,False,0,0,0.0,0,0.0,OpenCV (cv2) is not installed in the current environment.
000305.mp4,C:\Users\Sarayu\Btech_Projects\RoadGuardian-AI\dataset\raw\accident\000305.mp4,1.055,False,0,0,0.0,0,0.0,OpenCV (cv2) is not installed in the current environment.
000306.mp4,C:\Users\Sarayu\Btech_Projects\RoadGuardian-AI\dataset\raw\accident\000306.mp4,0.588,False,0,0,0.0,0,0.0,OpenCV (cv2) is not installed in the current environment.
000307.mp4,C:\Users\Sarayu\Btech_Projects\RoadGuardian-AI\dataset\raw\accident\000307.mp4,0.761,False,0,0,0.0,0,0.0,OpenCV (cv2) is not installed in the current environment.
000308.mp4,C:\Users\Sarayu\Btech_Projects\RoadGuardian-AI\dataset\raw\accident\000308.mp4,0.664,False,0,0,0.0,0,0.0,OpenCV (cv2) is not installed in the current environment.
000309.mp4,C:\Users\Sarayu\Btech_Projects\RoadGuardian-AI\dataset\raw\accident\000309.mp4,0.383,False,0,0,0.0,0,0.0,OpenCV (cv2) is not installed in the current environment.
000310.mp4,C:\Users\Sarayu\Btech_Projects\RoadGuardian-AI\dataset\raw\accident\000310.mp4,0.37,False,0,0,0.0,0,0.0,OpenCV (cv2) is not installed in the current environment.
000311.mp4,C:\Users\Sarayu\Btech_Projects\RoadGuardian-AI\dataset\raw\accident\000311.mp4,0.46,False,0,0,0.0,0,0.0,OpenCV (cv2) is not installed in the current environment.
000312.mp4,C:\Users\Sarayu\Btech_Projects\RoadGuardian-AI\dataset\raw\accident\000312.mp4,0.284,False,0,0,0.0,0,0.0,OpenCV (cv2) is not installed in the current environment.
000313.mp4,C:\Users\Sarayu\Btech_Projects\RoadGuardian-AI\dataset\raw\accident\000313.mp4,0.256,False,0,0,0.0,0,0.0,OpenCV (cv2) is not installed in the current environment.
000314.mp4,C:\Users\Sarayu\Btech_Projects\RoadGuardian-AI\dataset\raw\accident\000314.mp4,0.425,False,0,0,0.0,0,0.0,OpenCV (cv2) is not installed in the current environment.
000315.mp4,C:\Users\Sarayu\Btech_Projects\RoadGuardian-AI\dataset\raw\accident\000315.mp4,0.478,False,0,0,0.0,0,0.0,OpenCV (cv2) is not installed in the current environment.
000316.mp4,C:\Users\Sarayu\Btech_Projects\RoadGuardian-AI\dataset\raw\accident\000316.mp4,0.518,False,0,0,0.0,0,0.0,OpenCV (cv2) is not installed in the current environment.
000317.mp4,C:\Users\Sarayu\Btech_Projects\RoadGuardian-AI\dataset\raw\accident\000317.mp4,0.605,False,0,0,0.0,0,0.0,OpenCV (cv2) is not installed in the current environment.
000318.mp4,C:\Users\Sarayu\Btech_Projects\RoadGuardian-AI\dataset\raw\accident\000318.mp4,0.552,False,0,0,0.0,0,0.0,OpenCV (cv2) is not installed in the current environment.
000319.mp4,C:\Users\Sarayu\Btech_Projects\RoadGuardian-AI\dataset\raw\accident\000319.mp4,0.408,False,0,0,0.0,0,0.0,OpenCV (cv2) is not installed in the current environment.
000320.mp4,C:\Users\Sarayu\Btech_Projects\RoadGuardian-AI\dataset\raw\accident\000320.mp4,0.366,False,0,0,0.0,0,0.0,OpenCV (cv2) is not installed in the current environment.
000321.mp4,C:\Users\Sarayu\Btech_Projects\RoadGuardian-AI\dataset\raw\accident\000321.mp4,0.701,False,0,0,0.0,0,0.0,OpenCV (cv2) is not installed in the current environment.
000322.mp4,C:\Users\Sarayu\Btech_Projects\RoadGuardian-AI\dataset\raw\accident\000322.mp4,0.359,False,0,0,0.0,0,0.0,OpenCV (cv2) is not installed in the current environment.
000323.mp4,C:\Users\Sarayu\Btech_Projects\RoadGuardian-AI\dataset\raw\accident\000323.mp4,0.514,False,0,0,0.0,0,0.0,OpenCV (cv2) is not installed in the current environment.
000324.mp4,C:\Users\Sarayu\Btech_Projects\RoadGuardian-AI\dataset\raw\accident\000324.mp4,0.329,False,0,0,0.0,0,0.0,OpenCV (cv2) is not installed in the current environment.
000325.mp4,C:\Users\Sarayu\Btech_Projects\RoadGuardian-AI\dataset\raw\accident\000325.mp4,0.483,False,0,0,0.0,0,0.0,OpenCV (cv2) is not installed in the current environment.
000326.mp4,C:\Users\Sarayu\Btech_Projects\RoadGuardian-AI\dataset\raw\accident\000326.mp4,0.323,False,0,0,0.0,0,0.0,OpenCV (cv2) is not installed in the current environment.
000327.mp4,C:\Users\Sarayu\Btech_Projects\RoadGuardian-AI\dataset\raw\accident\000327.mp4,0.533,False,0,0,0.0,0,0.0,OpenCV (cv2) is not installed in the current environment.
000328.mp4,C:\Users\Sarayu\Btech_Projects\RoadGuardian-AI\dataset\raw\accident\000328.mp4,0.586,False,0,0,0.0,0,0.0,OpenCV (cv2) is not installed in the current environment.
000329.mp4,C:\Users\Sarayu\Btech_Projects\RoadGuardian-AI\dataset\raw\accident\000329.mp4,0.498,False,0,0,0.0,0,0.0,OpenCV (cv2) is not installed in the current environment.
000330.mp4,C:\Users\Sarayu\Btech_Projects\RoadGuardian-AI\dataset\raw\accident\000330.mp4,0.47,False,0,0,0.0,0,0.0,OpenCV (cv2) is not installed in the current environment.
000331.mp4,C:\Users\Sarayu\Btech_Projects\RoadGuardian-AI\dataset\raw\accident\000331.mp4,0.377,False,0,0,0.0,0,0.0,OpenCV (cv2) is not installed in the current environment.
000332.mp4,C:\Users\Sarayu\Btech_Projects\RoadGuardian-AI\dataset\raw\accident\000332.mp4,0.293,False,0,0,0.0,0,0.0,OpenCV (cv2) is not installed in the current environment.
000333.mp4,C:\Users\Sarayu\Btech_Projects\RoadGuardian-AI\dataset\raw\accident\000333.mp4,0.534,False,0,0,0.0,0,0.0,OpenCV (cv2) is not installed in the current environment.
000334.mp4,C:\Users\Sarayu\Btech_Projects\RoadGuardian-AI\dataset\raw\accident\000334.mp4,0.912,False,0,0,0.0,0,0.0,OpenCV (cv2) is not installed in the current environment.
000335.mp4,C:\Users\Sarayu\Btech_Projects\RoadGuardian-AI\dataset\raw\accident\000335.mp4,0.376,False,0,0,0.0,0,0.0,OpenCV (cv2) is not installed in the current environment.
000336.mp4,C:\Users\Sarayu\Btech_Projects\RoadGuardian-AI\dataset\raw\accident\000336.mp4,0.674,False,0,0,0.0,0,0.0,OpenCV (cv2) is not installed in the current environment.
000337.mp4,C:\Users\Sarayu\Btech_Projects\RoadGuardian-AI\dataset\raw\accident\000337.mp4,0.408,False,0,0,0.0,0,0.0,OpenCV (cv2) is not installed in the current environment.
000338.mp4,C:\Users\Sarayu\Btech_Projects\RoadGuardian-AI\dataset\raw\accident\000338.mp4,0.303,False,0,0,0.0,0,0.0,OpenCV (cv2) is not installed in the current environment.
000339.mp4,C:\Users\Sarayu\Btech_Projects\RoadGuardian-AI\dataset\raw\accident\000339.mp4,0.383,False,0,0,0.0,0,0.0,OpenCV (cv2) is not installed in the current environment.
000340.mp4,C:\Users\Sarayu\Btech_Projects\RoadGuardian-AI\dataset\raw\accident\000340.mp4,0.769,False,0,0,0.0,0,0.0,OpenCV (cv2) is not installed in the current environment.
000341.mp4,C:\Users\Sarayu\Btech_Projects\RoadGuardian-AI\dataset\raw\accident\000341.mp4,0.291,False,0,0,0.0,0,0.0,OpenCV (cv2) is not installed in the current environment.
000342.mp4,C:\Users\Sarayu\Btech_Projects\RoadGuardian-AI\dataset\raw\accident\000342.mp4,0.541,False,0,0,0.0,0,0.0,OpenCV (cv2) is not installed in the current environment.
000343.mp4,C:\Users\Sarayu\Btech_Projects\RoadGuardian-AI\dataset\raw\accident\000343.mp4,0.819,False,0,0,0.0,0,0.0,OpenCV (cv2) is not installed in the current environment.
000344.mp4,C:\Users\Sarayu\Btech_Projects\RoadGuardian-AI\dataset\raw\accident\000344.mp4,0.583,False,0,0,0.0,0,0.0,OpenCV (cv2) is not installed in the current environment.
000345.mp4,C:\Users\Sarayu\Btech_Projects\RoadGuardian-AI\dataset\raw\accident\000345.mp4,0.553,False,0,0,0.0,0,0.0,OpenCV (cv2) is not installed in the current environment.
000346.mp4,C:\Users\Sarayu\Btech_Projects\RoadGuardian-AI\dataset\raw\accident\000346.mp4,0.674,False,0,0,0.0,0,0.0,OpenCV (cv2) is not installed in the current environment.
000347.mp4,C:\Users\Sarayu\Btech_Projects\RoadGuardian-AI\dataset\raw\accident\000347.mp4,0.389,False,0,0,0.0,0,0.0,OpenCV (cv2) is not installed in the current environment.
000348.mp4,C:\Users\Sarayu\Btech_Projects\RoadGuardian-AI\dataset\raw\accident\000348.mp4,0.283,False,0,0,0.0,0,0.0,OpenCV (cv2) is not installed in the current environment.
000349.mp4,C:\Users\Sarayu\Btech_Projects\RoadGuardian-AI\dataset\raw\accident\000349.mp4,0.401,False,0,0,0.0,0,0.0,OpenCV (cv2) is not installed in the current environment.
000350.mp4,C:\Users\Sarayu\Btech_Projects\RoadGuardian-AI\dataset\raw\accident\000350.mp4,0.366,False,0,0,0.0,0,0.0,OpenCV (cv2) is not installed in the current environment.
000351.mp4,C:\Users\Sarayu\Btech_Projects\RoadGuardian-AI\dataset\raw\accident\000351.mp4,0.489,False,0,0,0.0,0,0.0,OpenCV (cv2) is not installed in the current environment.
000352.mp4,C:\Users\Sarayu\Btech_Projects\RoadGuardian-AI\dataset\raw\accident\000352.mp4,0.341,False,0,0,0.0,0,0.0,OpenCV (cv2) is not installed in the current environment.
000353.mp4,C:\Users\Sarayu\Btech_Projects\RoadGuardian-AI\dataset\raw\accident\000353.mp4,0.38,False,0,0,0.0,0,0.0,OpenCV (cv2) is not installed in the current environment.
000354.mp4,C:\Users\Sarayu\Btech_Projects\RoadGuardian-AI\dataset\raw\accident\000354.mp4,0.528,False,0,0,0.0,0,0.0,OpenCV (cv2) is not installed in the current environment.
000355.mp4,C:\Users\Sarayu\Btech_Projects\RoadGuardian-AI\dataset\raw\accident\000355.mp4,0.703,False,0,0,0.0,0,0.0,OpenCV (cv2) is not installed in the current environment.
000356.mp4,C:\Users\Sarayu\Btech_Projects\RoadGuardian-AI\dataset\raw\accident\000356.mp4,0.375,False,0,0,0.0,0,0.0,OpenCV (cv2) is not installed in the current environment.
000357.mp4,C:\Users\Sarayu\Btech_Projects\RoadGuardian-AI\dataset\raw\accident\000357.mp4,0.432,False,0,0,0.0,0,0.0,OpenCV (cv2) is not installed in the current environment.
000358.mp4,C:\Users\Sarayu\Btech_Projects\RoadGuardian-AI\dataset\raw\accident\000358.mp4,0.502,False,0,0,0.0,0,0.0,OpenCV (cv2) is not installed in the current environment.
000359.mp4,C:\Users\Sarayu\Btech_Projects\RoadGuardian-AI\dataset\raw\accident\000359.mp4,0.566,False,0,0,0.0,0,0.0,OpenCV (cv2) is not installed in the current environment.
000360.mp4,C:\Users\Sarayu\Btech_Projects\RoadGuardian-AI\dataset\raw\accident\000360.mp4,0.52,False,0,0,0.0,0,0.0,OpenCV (cv2) is not installed in the current environment.
000361.mp4,C:\Users\Sarayu\Btech_Projects\RoadGuardian-AI\dataset\raw\accident\000361.mp4,0.352,False,0,0,0.0,0,0.0,OpenCV (cv2) is not installed in the current environment.
000362.mp4,C:\Users\Sarayu\Btech_Projects\RoadGuardian-AI\dataset\raw\accident\000362.mp4,0.694,False,0,0,0.0,0,0.0,OpenCV (cv2) is not installed in the current environment.
000363.mp4,C:\Users\Sarayu\Btech_Projects\RoadGuardian-AI\dataset\raw\accident\000363.mp4,0.336,False,0,0,0.0,0,0.0,OpenCV (cv2) is not installed in the current environment.
000364.mp4,C:\Users\Sarayu\Btech_Projects\RoadGuardian-AI\dataset\raw\accident\000364.mp4,0.582,False,0,0,0.0,0,0.0,OpenCV (cv2) is not installed in the current environment.
000365.mp4,C:\Users\Sarayu\Btech_Projects\RoadGuardian-AI\dataset\raw\accident\000365.mp4,0.354,False,0,0,0.0,0,0.0,OpenCV (cv2) is not installed in the current environment.
000366.mp4,C:\Users\Sarayu\Btech_Projects\RoadGuardian-AI\dataset\raw\accident\000366.mp4,0.465,False,0,0,0.0,0,0.0,OpenCV (cv2) is not installed in the current environment.
000367.mp4,C:\Users\Sarayu\Btech_Projects\RoadGuardian-AI\dataset\raw\accident\000367.mp4,0.47,False,0,0,0.0,0,0.0,OpenCV (cv2) is not installed in the current environment.
000368.mp4,C:\Users\Sarayu\Btech_Projects\RoadGuardian-AI\dataset\raw\accident\000368.mp4,1.244,False,0,0,0.0,0,0.0,OpenCV (cv2) is not installed in the current environment.
000369.mp4,C:\Users\Sarayu\Btech_Projects\RoadGuardian-AI\dataset\raw\accident\000369.mp4,0.376,False,0,0,0.0,0,0.0,OpenCV (cv2) is not installed in the current environment.
000370.mp4,C:\Users\Sarayu\Btech_Projects\RoadGuardian-AI\dataset\raw\accident\000370.mp4,0.443,False,0,0,0.0,0,0.0,OpenCV (cv2) is not installed in the current environment.
000371.mp4,C:\Users\Sarayu\Btech_Projects\RoadGuardian-AI\dataset\raw\accident\000371.mp4,0.469,False,0,0,0.0,0,0.0,OpenCV (cv2) is not installed in the current environment.
000372.mp4,C:\Users\Sarayu\Btech_Projects\RoadGuardian-AI\dataset\raw\accident\000372.mp4,0.279,False,0,0,0.0,0,0.0,OpenCV (cv2) is not installed in the current environment.
000373.mp4,C:\Users\Sarayu\Btech_Projects\RoadGuardian-AI\dataset\raw\accident\000373.mp4,0.561,False,0,0,0.0,0,0.0,OpenCV (cv2) is not installed in the current environment.
000374.mp4,C:\Users\Sarayu\Btech_Projects\RoadGuardian-AI\dataset\raw\accident\000374.mp4,0.519,False,0,0,0.0,0,0.0,OpenCV (cv2) is not installed in the current environment.
000375.mp4,C:\Users\Sarayu\Btech_Projects\RoadGuardian-AI\dataset\raw\accident\000375.mp4,0.496,False,0,0,0.0,0,0.0,OpenCV (cv2) is not installed in the current environment.
000376.mp4,C:\Users\Sarayu\Btech_Projects\RoadGuardian-AI\dataset\raw\accident\000376.mp4,0.799,False,0,0,0.0,0,0.0,OpenCV (cv2) is not installed in the current environment.
000377.mp4,C:\Users\Sarayu\Btech_Projects\RoadGuardian-AI\dataset\raw\accident\000377.mp4,1.789,False,0,0,0.0,0,0.0,OpenCV (cv2) is not installed in the current environment.
000378.mp4,C:\Users\Sarayu\Btech_Projects\RoadGuardian-AI\dataset\raw\accident\000378.mp4,0.559,False,0,0,0.0,0,0.0,OpenCV (cv2) is not installed in the current environment.
000379.mp4,C:\Users\Sarayu\Btech_Projects\RoadGuardian-AI\dataset\raw\accident\000379.mp4,0.753,False,0,0,0.0,0,0.0,OpenCV (cv2) is not installed in the current environment.
000380.mp4,C:\Users\Sarayu\Btech_Projects\RoadGuardian-AI\dataset\raw\accident\000380.mp4,0.399,False,0,0,0.0,0,0.0,OpenCV (cv2) is not installed in the current environment.
000381.mp4,C:\Users\Sarayu\Btech_Projects\RoadGuardian-AI\dataset\raw\accident\000381.mp4,0.528,False,0,0,0.0,0,0.0,OpenCV (cv2) is not installed in the current environment.
000382.mp4,C:\Users\Sarayu\Btech_Projects\RoadGuardian-AI\dataset\raw\accident\000382.mp4,0.367,False,0,0,0.0,0,0.0,OpenCV (cv2) is not installed in the current environment.
000383.mp4,C:\Users\Sarayu\Btech_Projects\RoadGuardian-AI\dataset\raw\accident\000383.mp4,0.389,False,0,0,0.0,0,0.0,OpenCV (cv2) is not installed in the current environment.
000384.mp4,C:\Users\Sarayu\Btech_Projects\RoadGuardian-AI\dataset\raw\accident\000384.mp4,0.397,False,0,0,0.0,0,0.0,OpenCV (cv2) is not installed in the current environment.
000385.mp4,C:\Users\Sarayu\Btech_Projects\RoadGuardian-AI\dataset\raw\accident\000385.mp4,0.508,False,0,0,0.0,0,0.0,OpenCV (cv2) is not installed in the current environment.
000386.mp4,C:\Users\Sarayu\Btech_Projects\RoadGuardian-AI\dataset\raw\accident\000386.mp4,0.381,False,0,0,0.0,0,0.0,OpenCV (cv2) is not installed in the current environment.
000387.mp4,C:\Users\Sarayu\Btech_Projects\RoadGuardian-AI\dataset\raw\accident\000387.mp4,0.335,False,0,0,0.0,0,0.0,OpenCV (cv2) is not installed in the current environment.
000388.mp4,C:\Users\Sarayu\Btech_Projects\RoadGuardian-AI\dataset\raw\accident\000388.mp4,0.354,False,0,0,0.0,0,0.0,OpenCV (cv2) is not installed in the current environment.
000389.mp4,C:\Users\Sarayu\Btech_Projects\RoadGuardian-AI\dataset\raw\accident\000389.mp4,0.513,False,0,0,0.0,0,0.0,OpenCV (cv2) is not installed in the current environment.
000390.mp4,C:\Users\Sarayu\Btech_Projects\RoadGuardian-AI\dataset\raw\accident\000390.mp4,0.362,False,0,0,0.0,0,0.0,OpenCV (cv2) is not installed in the current environment.
000391.mp4,C:\Users\Sarayu\Btech_Projects\RoadGuardian-AI\dataset\raw\accident\000391.mp4,0.836,False,0,0,0.0,0,0.0,OpenCV (cv2) is not installed in the current environment.
000392.mp4,C:\Users\Sarayu\Btech_Projects\RoadGuardian-AI\dataset\raw\accident\000392.mp4,0.477,False,0,0,0.0,0,0.0,OpenCV (cv2) is not installed in the current environment.
000393.mp4,C:\Users\Sarayu\Btech_Projects\RoadGuardian-AI\dataset\raw\accident\000393.mp4,0.58,False,0,0,0.0,0,0.0,OpenCV (cv2) is not installed in the current environment.
000394.mp4,C:\Users\Sarayu\Btech_Projects\RoadGuardian-AI\dataset\raw\accident\000394.mp4,0.821,False,0,0,0.0,0,0.0,OpenCV (cv2) is not installed in the current environment.
000395.mp4,C:\Users\Sarayu\Btech_Projects\RoadGuardian-AI\dataset\raw\accident\000395.mp4,0.693,False,0,0,0.0,0,0.0,OpenCV (cv2) is not installed in the current environment.
000396.mp4,C:\Users\Sarayu\Btech_Projects\RoadGuardian-AI\dataset\raw\accident\000396.mp4,0.469,False,0,0,0.0,0,0.0,OpenCV (cv2) is not installed in the current environment.
000397.mp4,C:\Users\Sarayu\Btech_Projects\RoadGuardian-AI\dataset\raw\accident\000397.mp4,0.417,False,0,0,0.0,0,0.0,OpenCV (cv2) is not installed in the current environment.
000398.mp4,C:\Users\Sarayu\Btech_Projects\RoadGuardian-AI\dataset\raw\accident\000398.mp4,0.723,False,0,0,0.0,0,0.0,OpenCV (cv2) is not installed in the current environment.
000399.mp4,C:\Users\Sarayu\Btech_Projects\RoadGuardian-AI\dataset\raw\accident\000399.mp4,0.55,False,0,0,0.0,0,0.0,OpenCV (cv2) is not installed in the current environment.
000400.mp4,C:\Users\Sarayu\Btech_Projects\RoadGuardian-AI\dataset\raw\accident\000400.mp4,0.325,False,0,0,0.0,0,0.0,OpenCV (cv2) is not installed in the current environment.
000401.mp4,C:\Users\Sarayu\Btech_Projects\RoadGuardian-AI\dataset\raw\accident\000401.mp4,0.373,False,0,0,0.0,0,0.0,OpenCV (cv2) is not installed in the current environment.
000402.mp4,C:\Users\Sarayu\Btech_Projects\RoadGuardian-AI\dataset\raw\accident\000402.mp4,0.404,False,0,0,0.0,0,0.0,OpenCV (cv2) is not installed in the current environment.
000403.mp4,C:\Users\Sarayu\Btech_Projects\RoadGuardian-AI\dataset\raw\accident\000403.mp4,0.503,False,0,0,0.0,0,0.0,OpenCV (cv2) is not installed in the current environment.
000404.mp4,C:\Users\Sarayu\Btech_Projects\RoadGuardian-AI\dataset\raw\accident\000404.mp4,0.463,False,0,0,0.0,0,0.0,OpenCV (cv2) is not installed in the current environment.
000405.mp4,C:\Users\Sarayu\Btech_Projects\RoadGuardian-AI\dataset\raw\accident\000405.mp4,0.622,False,0,0,0.0,0,0.0,OpenCV (cv2) is not installed in the current environment.
000406.mp4,C:\Users\Sarayu\Btech_Projects\RoadGuardian-AI\dataset\raw\accident\000406.mp4,0.399,False,0,0,0.0,0,0.0,OpenCV (cv2) is not installed in the current environment.
000407.mp4,C:\Users\Sarayu\Btech_Projects\RoadGuardian-AI\dataset\raw\accident\000407.mp4,0.436,False,0,0,0.0,0,0.0,OpenCV (cv2) is not installed in the current environment.
000408.mp4,C:\Users\Sarayu\Btech_Projects\RoadGuardian-AI\dataset\raw\accident\000408.mp4,0.547,False,0,0,0.0,0,0.0,OpenCV (cv2) is not installed in the current environment.
000409.mp4,C:\Users\Sarayu\Btech_Projects\RoadGuardian-AI\dataset\raw\accident\000409.mp4,0.443,False,0,0,0.0,0,0.0,OpenCV (cv2) is not installed in the current environment.
000410.mp4,C:\Users\Sarayu\Btech_Projects\RoadGuardian-AI\dataset\raw\accident\000410.mp4,0.639,False,0,0,0.0,0,0.0,OpenCV (cv2) is not installed in the current environment.
000411.mp4,C:\Users\Sarayu\Btech_Projects\RoadGuardian-AI\dataset\raw\accident\000411.mp4,0.419,False,0,0,0.0,0,0.0,OpenCV (cv2) is not installed in the current environment.
000412.mp4,C:\Users\Sarayu\Btech_Projects\RoadGuardian-AI\dataset\raw\accident\000412.mp4,0.358,False,0,0,0.0,0,0.0,OpenCV (cv2) is not installed in the current environment.
000413.mp4,C:\Users\Sarayu\Btech_Projects\RoadGuardian-AI\dataset\raw\accident\000413.mp4,0.221,False,0,0,0.0,0,0.0,OpenCV (cv2) is not installed in the current environment.
000414.mp4,C:\Users\Sarayu\Btech_Projects\RoadGuardian-AI\dataset\raw\accident\000414.mp4,0.25,False,0,0,0.0,0,0.0,OpenCV (cv2) is not installed in the current environment.
000415.mp4,C:\Users\Sarayu\Btech_Projects\RoadGuardian-AI\dataset\raw\accident\000415.mp4,0.308,False,0,0,0.0,0,0.0,OpenCV (cv2) is not installed in the current environment.
000416.mp4,C:\Users\Sarayu\Btech_Projects\RoadGuardian-AI\dataset\raw\accident\000416.mp4,0.325,False,0,0,0.0,0,0.0,OpenCV (cv2) is not installed in the current environment.
000417.mp4,C:\Users\Sarayu\Btech_Projects\RoadGuardian-AI\dataset\raw\accident\000417.mp4,0.241,False,0,0,0.0,0,0.0,OpenCV (cv2) is not installed in the current environment.
000418.mp4,C:\Users\Sarayu\Btech_Projects\RoadGuardian-AI\dataset\raw\accident\000418.mp4,0.215,False,0,0,0.0,0,0.0,OpenCV (cv2) is not installed in the current environment.
000419.mp4,C:\Users\Sarayu\Btech_Projects\RoadGuardian-AI\dataset\raw\accident\000419.mp4,0.236,False,0,0,0.0,0,0.0,OpenCV (cv2) is not installed in the current environment.
000420.mp4,C:\Users\Sarayu\Btech_Projects\RoadGuardian-AI\dataset\raw\accident\000420.mp4,0.188,False,0,0,0.0,0,0.0,OpenCV (cv2) is not installed in the current environment.
000421.mp4,C:\Users\Sarayu\Btech_Projects\RoadGuardian-AI\dataset\raw\accident\000421.mp4,0.266,False,0,0,0.0,0,0.0,OpenCV (cv2) is not installed in the current environment.
000422.mp4,C:\Users\Sarayu\Btech_Projects\RoadGuardian-AI\dataset\raw\accident\000422.mp4,0.644,False,0,0,0.0,0,0.0,OpenCV (cv2) is not installed in the current environment.
000423.mp4,C:\Users\Sarayu\Btech_Projects\RoadGuardian-AI\dataset\raw\accident\000423.mp4,0.493,False,0,0,0.0,0,0.0,OpenCV (cv2) is not installed in the current environment.
000424.mp4,C:\Users\Sarayu\Btech_Projects\RoadGuardian-AI\dataset\raw\accident\000424.mp4,0.389,False,0,0,0.0,0,0.0,OpenCV (cv2) is not installed in the current environment.
000425.mp4,C:\Users\Sarayu\Btech_Projects\RoadGuardian-AI\dataset\raw\accident\000425.mp4,0.371,False,0,0,0.0,0,0.0,OpenCV (cv2) is not installed in the current environment.
000426.mp4,C:\Users\Sarayu\Btech_Projects\RoadGuardian-AI\dataset\raw\accident\000426.mp4,0.842,False,0,0,0.0,0,0.0,OpenCV (cv2) is not installed in the current environment.
000427.mp4,C:\Users\Sarayu\Btech_Projects\RoadGuardian-AI\dataset\raw\accident\000427.mp4,0.947,False,0,0,0.0,0,0.0,OpenCV (cv2) is not installed in the current environment.
000428.mp4,C:\Users\Sarayu\Btech_Projects\RoadGuardian-AI\dataset\raw\accident\000428.mp4,0.331,False,0,0,0.0,0,0.0,OpenCV (cv2) is not installed in the current environment.
000429.mp4,C:\Users\Sarayu\Btech_Projects\RoadGuardian-AI\dataset\raw\accident\000429.mp4,0.469,False,0,0,0.0,0,0.0,OpenCV (cv2) is not installed in the current environment.
000430.mp4,C:\Users\Sarayu\Btech_Projects\RoadGuardian-AI\dataset\raw\accident\000430.mp4,0.548,False,0,0,0.0,0,0.0,OpenCV (cv2) is not installed in the current environment.
000431.mp4,C:\Users\Sarayu\Btech_Projects\RoadGuardian-AI\dataset\raw\accident\000431.mp4,0.476,False,0,0,0.0,0,0.0,OpenCV (cv2) is not installed in the current environment.
000432.mp4,C:\Users\Sarayu\Btech_Projects\RoadGuardian-AI\dataset\raw\accident\000432.mp4,0.512,False,0,0,0.0,0,0.0,OpenCV (cv2) is not installed in the current environment.
000433.mp4,C:\Users\Sarayu\Btech_Projects\RoadGuardian-AI\dataset\raw\accident\000433.mp4,0.35,False,0,0,0.0,0,0.0,OpenCV (cv2) is not installed in the current environment.
000434.mp4,C:\Users\Sarayu\Btech_Projects\RoadGuardian-AI\dataset\raw\accident\000434.mp4,0.376,False,0,0,0.0,0,0.0,OpenCV (cv2) is not installed in the current environment.
000435.mp4,C:\Users\Sarayu\Btech_Projects\RoadGuardian-AI\dataset\raw\accident\000435.mp4,0.423,False,0,0,0.0,0,0.0,OpenCV (cv2) is not installed in the current environment.
000436.mp4,C:\Users\Sarayu\Btech_Projects\RoadGuardian-AI\dataset\raw\accident\000436.mp4,0.425,False,0,0,0.0,0,0.0,OpenCV (cv2) is not installed in the current environment.
000437.mp4,C:\Users\Sarayu\Btech_Projects\RoadGuardian-AI\dataset\raw\accident\000437.mp4,0.547,False,0,0,0.0,0,0.0,OpenCV (cv2) is not installed in the current environment.
000438.mp4,C:\Users\Sarayu\Btech_Projects\RoadGuardian-AI\dataset\raw\accident\000438.mp4,0.414,False,0,0,0.0,0,0.0,OpenCV (cv2) is not installed in the current environment.
000439.mp4,C:\Users\Sarayu\Btech_Projects\RoadGuardian-AI\dataset\raw\accident\000439.mp4,0.336,False,0,0,0.0,0,0.0,OpenCV (cv2) is not installed in the current environment.
000440.mp4,C:\Users\Sarayu\Btech_Projects\RoadGuardian-AI\dataset\raw\accident\000440.mp4,0.438,False,0,0,0.0,0,0.0,OpenCV (cv2) is not installed in the current environment.
000441.mp4,C:\Users\Sarayu\Btech_Projects\RoadGuardian-AI\dataset\raw\accident\000441.mp4,0.372,False,0,0,0.0,0,0.0,OpenCV (cv2) is not installed in the current environment.
000442.mp4,C:\Users\Sarayu\Btech_Projects\RoadGuardian-AI\dataset\raw\accident\000442.mp4,0.397,False,0,0,0.0,0,0.0,OpenCV (cv2) is not installed in the current environment.
000443.mp4,C:\Users\Sarayu\Btech_Projects\RoadGuardian-AI\dataset\raw\accident\000443.mp4,0.81,False,0,0,0.0,0,0.0,OpenCV (cv2) is not installed in the current environment.
000444.mp4,C:\Users\Sarayu\Btech_Projects\RoadGuardian-AI\dataset\raw\accident\000444.mp4,0.562,False,0,0,0.0,0,0.0,OpenCV (cv2) is not installed in the current environment.
000445.mp4,C:\Users\Sarayu\Btech_Projects\RoadGuardian-AI\dataset\raw\accident\000445.mp4,0.345,False,0,0,0.0,0,0.0,OpenCV (cv2) is not installed in the current environment.
000446.mp4,C:\Users\Sarayu\Btech_Projects\RoadGuardian-AI\dataset\raw\accident\000446.mp4,0.511,False,0,0,0.0,0,0.0,OpenCV (cv2) is not installed in the current environment.
000447.mp4,C:\Users\Sarayu\Btech_Projects\RoadGuardian-AI\dataset\raw\accident\000447.mp4,0.438,False,0,0,0.0,0,0.0,OpenCV (cv2) is not installed in the current environment.
000448.mp4,C:\Users\Sarayu\Btech_Projects\RoadGuardian-AI\dataset\raw\accident\000448.mp4,0.487,False,0,0,0.0,0,0.0,OpenCV (cv2) is not installed in the current environment.
000449.mp4,C:\Users\Sarayu\Btech_Projects\RoadGuardian-AI\dataset\raw\accident\000449.mp4,0.329,False,0,0,0.0,0,0.0,OpenCV (cv2) is not installed in the current environment.
000450.mp4,C:\Users\Sarayu\Btech_Projects\RoadGuardian-AI\dataset\raw\accident\000450.mp4,0.289,False,0,0,0.0,0,0.0,OpenCV (cv2) is not installed in the current environment.
000451.mp4,C:\Users\Sarayu\Btech_Projects\RoadGuardian-AI\dataset\raw\accident\000451.mp4,0.289,False,0,0,0.0,0,0.0,OpenCV (cv2) is not installed in the current environment.
000452.mp4,C:\Users\Sarayu\Btech_Projects\RoadGuardian-AI\dataset\raw\accident\000452.mp4,0.257,False,0,0,0.0,0,0.0,OpenCV (cv2) is not installed in the current environment.
000453.mp4,C:\Users\Sarayu\Btech_Projects\RoadGuardian-AI\dataset\raw\accident\000453.mp4,0.59,False,0,0,0.0,0,0.0,OpenCV (cv2) is not installed in the current environment.
000454.mp4,C:\Users\Sarayu\Btech_Projects\RoadGuardian-AI\dataset\raw\accident\000454.mp4,0.603,False,0,0,0.0,0,0.0,OpenCV (cv2) is not installed in the current environment.
000455.mp4,C:\Users\Sarayu\Btech_Projects\RoadGuardian-AI\dataset\raw\accident\000455.mp4,0.347,False,0,0,0.0,0,0.0,OpenCV (cv2) is not installed in the current environment.
000456.mp4,C:\Users\Sarayu\Btech_Projects\RoadGuardian-AI\dataset\raw\accident\000456.mp4,0.579,False,0,0,0.0,0,0.0,OpenCV (cv2) is not installed in the current environment.
000457.mp4,C:\Users\Sarayu\Btech_Projects\RoadGuardian-AI\dataset\raw\accident\000457.mp4,0.597,False,0,0,0.0,0,0.0,OpenCV (cv2) is not installed in the current environment.
000458.mp4,C:\Users\Sarayu\Btech_Projects\RoadGuardian-AI\dataset\raw\accident\000458.mp4,0.599,False,0,0,0.0,0,0.0,OpenCV (cv2) is not installed in the current environment.
000459.mp4,C:\Users\Sarayu\Btech_Projects\RoadGuardian-AI\dataset\raw\accident\000459.mp4,0.319,False,0,0,0.0,0,0.0,OpenCV (cv2) is not installed in the current environment.
000460.mp4,C:\Users\Sarayu\Btech_Projects\RoadGuardian-AI\dataset\raw\accident\000460.mp4,0.787,False,0,0,0.0,0,0.0,OpenCV (cv2) is not installed in the current environment.
000461.mp4,C:\Users\Sarayu\Btech_Projects\RoadGuardian-AI\dataset\raw\accident\000461.mp4,0.565,False,0,0,0.0,0,0.0,OpenCV (cv2) is not installed in the current environment.
000462.mp4,C:\Users\Sarayu\Btech_Projects\RoadGuardian-AI\dataset\raw\accident\000462.mp4,0.462,False,0,0,0.0,0,0.0,OpenCV (cv2) is not installed in the current environment.
000463.mp4,C:\Users\Sarayu\Btech_Projects\RoadGuardian-AI\dataset\raw\accident\000463.mp4,0.63,False,0,0,0.0,0,0.0,OpenCV (cv2) is not installed in the current environment.
000464.mp4,C:\Users\Sarayu\Btech_Projects\RoadGuardian-AI\dataset\raw\accident\000464.mp4,0.795,False,0,0,0.0,0,0.0,OpenCV (cv2) is not installed in the current environment.
000465.mp4,C:\Users\Sarayu\Btech_Projects\RoadGuardian-AI\dataset\raw\accident\000465.mp4,0.503,False,0,0,0.0,0,0.0,OpenCV (cv2) is not installed in the current environment.
000466.mp4,C:\Users\Sarayu\Btech_Projects\RoadGuardian-AI\dataset\raw\accident\000466.mp4,0.415,False,0,0,0.0,0,0.0,OpenCV (cv2) is not installed in the current environment.
000467.mp4,C:\Users\Sarayu\Btech_Projects\RoadGuardian-AI\dataset\raw\accident\000467.mp4,0.787,False,0,0,0.0,0,0.0,OpenCV (cv2) is not installed in the current environment.
000468.mp4,C:\Users\Sarayu\Btech_Projects\RoadGuardian-AI\dataset\raw\accident\000468.mp4,0.576,False,0,0,0.0,0,0.0,OpenCV (cv2) is not installed in the current environment.
000469.mp4,C:\Users\Sarayu\Btech_Projects\RoadGuardian-AI\dataset\raw\accident\000469.mp4,0.369,False,0,0,0.0,0,0.0,OpenCV (cv2) is not installed in the current environment.
000470.mp4,C:\Users\Sarayu\Btech_Projects\RoadGuardian-AI\dataset\raw\accident\000470.mp4,0.73,False,0,0,0.0,0,0.0,OpenCV (cv2) is not installed in the current environment.
000471.mp4,C:\Users\Sarayu\Btech_Projects\RoadGuardian-AI\dataset\raw\accident\000471.mp4,0.38,False,0,0,0.0,0,0.0,OpenCV (cv2) is not installed in the current environment.
000472.mp4,C:\Users\Sarayu\Btech_Projects\RoadGuardian-AI\dataset\raw\accident\000472.mp4,0.374,False,0,0,0.0,0,0.0,OpenCV (cv2) is not installed in the current environment.
000473.mp4,C:\Users\Sarayu\Btech_Projects\RoadGuardian-AI\dataset\raw\accident\000473.mp4,0.764,False,0,0,0.0,0,0.0,OpenCV (cv2) is not installed in the current environment.
000474.mp4,C:\Users\Sarayu\Btech_Projects\RoadGuardian-AI\dataset\raw\accident\000474.mp4,0.619,False,0,0,0.0,0,0.0,OpenCV (cv2) is not installed in the current environment.
000475.mp4,C:\Users\Sarayu\Btech_Projects\RoadGuardian-AI\dataset\raw\accident\000475.mp4,0.622,False,0,0,0.0,0,0.0,OpenCV (cv2) is not installed in the current environment.
000476.mp4,C:\Users\Sarayu\Btech_Projects\RoadGuardian-AI\dataset\raw\accident\000476.mp4,0.656,False,0,0,0.0,0,0.0,OpenCV (cv2) is not installed in the current environment.
000477.mp4,C:\Users\Sarayu\Btech_Projects\RoadGuardian-AI\dataset\raw\accident\000477.mp4,0.318,False,0,0,0.0,0,0.0,OpenCV (cv2) is not installed in the current environment.
000478.mp4,C:\Users\Sarayu\Btech_Projects\RoadGuardian-AI\dataset\raw\accident\000478.mp4,0.599,False,0,0,0.0,0,0.0,OpenCV (cv2) is not installed in the current environment.
000479.mp4,C:\Users\Sarayu\Btech_Projects\RoadGuardian-AI\dataset\raw\accident\000479.mp4,0.421,False,0,0,0.0,0,0.0,OpenCV (cv2) is not installed in the current environment.
000480.mp4,C:\Users\Sarayu\Btech_Projects\RoadGuardian-AI\dataset\raw\accident\000480.mp4,0.489,False,0,0,0.0,0,0.0,OpenCV (cv2) is not installed in the current environment.
000481.mp4,C:\Users\Sarayu\Btech_Projects\RoadGuardian-AI\dataset\raw\accident\000481.mp4,0.672,False,0,0,0.0,0,0.0,OpenCV (cv2) is not installed in the current environment.
000482.mp4,C:\Users\Sarayu\Btech_Projects\RoadGuardian-AI\dataset\raw\accident\000482.mp4,0.596,False,0,0,0.0,0,0.0,OpenCV (cv2) is not installed in the current environment.
000483.mp4,C:\Users\Sarayu\Btech_Projects\RoadGuardian-AI\dataset\raw\accident\000483.mp4,0.727,False,0,0,0.0,0,0.0,OpenCV (cv2) is not installed in the current environment.
000484.mp4,C:\Users\Sarayu\Btech_Projects\RoadGuardian-AI\dataset\raw\accident\000484.mp4,0.793,False,0,0,0.0,0,0.0,OpenCV (cv2) is not installed in the current environment.
000485.mp4,C:\Users\Sarayu\Btech_Projects\RoadGuardian-AI\dataset\raw\accident\000485.mp4,0.394,False,0,0,0.0,0,0.0,OpenCV (cv2) is not installed in the current environment.
000486.mp4,C:\Users\Sarayu\Btech_Projects\RoadGuardian-AI\dataset\raw\accident\000486.mp4,0.378,False,0,0,0.0,0,0.0,OpenCV (cv2) is not installed in the current environment.
000487.mp4,C:\Users\Sarayu\Btech_Projects\RoadGuardian-AI\dataset\raw\accident\000487.mp4,0.517,False,0,0,0.0,0,0.0,OpenCV (cv2) is not installed in the current environment.
000488.mp4,C:\Users\Sarayu\Btech_Projects\RoadGuardian-AI\dataset\raw\accident\000488.mp4,0.393,False,0,0,0.0,0,0.0,OpenCV (cv2) is not installed in the current environment.
000489.mp4,C:\Users\Sarayu\Btech_Projects\RoadGuardian-AI\dataset\raw\accident\000489.mp4,0.308,False,0,0,0.0,0,0.0,OpenCV (cv2) is not installed in the current environment.
000490.mp4,C:\Users\Sarayu\Btech_Projects\RoadGuardian-AI\dataset\raw\accident\000490.mp4,0.535,False,0,0,0.0,0,0.0,OpenCV (cv2) is not installed in the current environment.
000491.mp4,C:\Users\Sarayu\Btech_Projects\RoadGuardian-AI\dataset\raw\accident\000491.mp4,0.975,False,0,0,0.0,0,0.0,OpenCV (cv2) is not installed in the current environment.
000492.mp4,C:\Users\Sarayu\Btech_Projects\RoadGuardian-AI\dataset\raw\accident\000492.mp4,0.37,False,0,0,0.0,0,0.0,OpenCV (cv2) is not installed in the current environment.
000493.mp4,C:\Users\Sarayu\Btech_Projects\RoadGuardian-AI\dataset\raw\accident\000493.mp4,0.388,False,0,0,0.0,0,0.0,OpenCV (cv2) is not installed in the current environment.
000494.mp4,C:\Users\Sarayu\Btech_Projects\RoadGuardian-AI\dataset\raw\accident\000494.mp4,0.303,False,0,0,0.0,0,0.0,OpenCV (cv2) is not installed in the current environment.
000495.mp4,C:\Users\Sarayu\Btech_Projects\RoadGuardian-AI\dataset\raw\accident\000495.mp4,0.401,False,0,0,0.0,0,0.0,OpenCV (cv2) is not installed in the current environment.
000496.mp4,C:\Users\Sarayu\Btech_Projects\RoadGuardian-AI\dataset\raw\accident\000496.mp4,0.506,False,0,0,0.0,0,0.0,OpenCV (cv2) is not installed in the current environment.
000497.mp4,C:\Users\Sarayu\Btech_Projects\RoadGuardian-AI\dataset\raw\accident\000497.mp4,0.265,False,0,0,0.0,0,0.0,OpenCV (cv2) is not installed in the current environment.
000498.mp4,C:\Users\Sarayu\Btech_Projects\RoadGuardian-AI\dataset\raw\accident\000498.mp4,0.311,False,0,0,0.0,0,0.0,OpenCV (cv2) is not installed in the current environment.
000499.mp4,C:\Users\Sarayu\Btech_Projects\RoadGuardian-AI\dataset\raw\accident\000499.mp4,0.568,False,0,0,0.0,0,0.0,OpenCV (cv2) is not installed in the current environment.
000500.mp4,C:\Users\Sarayu\Btech_Projects\RoadGuardian-AI\dataset\raw\accident\000500.mp4,0.402,False,0,0,0.0,0,0.0,OpenCV (cv2) is not installed in the current environment.
000501.mp4,C:\Users\Sarayu\Btech_Projects\RoadGuardian-AI\dataset\raw\accident\000501.mp4,0.742,False,0,0,0.0,0,0.0,OpenCV (cv2) is not installed in the current environment.
000502.mp4,C:\Users\Sarayu\Btech_Projects\RoadGuardian-AI\dataset\raw\accident\000502.mp4,0.397,False,0,0,0.0,0,0.0,OpenCV (cv2) is not installed in the current environment.
000503.mp4,C:\Users\Sarayu\Btech_Projects\RoadGuardian-AI\dataset\raw\accident\000503.mp4,0.545,False,0,0,0.0,0,0.0,OpenCV (cv2) is not installed in the current environment.
000504.mp4,C:\Users\Sarayu\Btech_Projects\RoadGuardian-AI\dataset\raw\accident\000504.mp4,0.544,False,0,0,0.0,0,0.0,OpenCV (cv2) is not installed in the current environment.
000505.mp4,C:\Users\Sarayu\Btech_Projects\RoadGuardian-AI\dataset\raw\accident\000505.mp4,0.372,False,0,0,0.0,0,0.0,OpenCV (cv2) is not installed in the current environment.
000506.mp4,C:\Users\Sarayu\Btech_Projects\RoadGuardian-AI\dataset\raw\accident\000506.mp4,0.441,False,0,0,0.0,0,0.0,OpenCV (cv2) is not installed in the current environment.
000507.mp4,C:\Users\Sarayu\Btech_Projects\RoadGuardian-AI\dataset\raw\accident\000507.mp4,0.261,False,0,0,0.0,0,0.0,OpenCV (cv2) is not installed in the current environment.
000508.mp4,C:\Users\Sarayu\Btech_Projects\RoadGuardian-AI\dataset\raw\accident\000508.mp4,0.439,False,0,0,0.0,0,0.0,OpenCV (cv2) is not installed in the current environment.
000509.mp4,C:\Users\Sarayu\Btech_Projects\RoadGuardian-AI\dataset\raw\accident\000509.mp4,0.356,False,0,0,0.0,0,0.0,OpenCV (cv2) is not installed in the current environment.
000510.mp4,C:\Users\Sarayu\Btech_Projects\RoadGuardian-AI\dataset\raw\accident\000510.mp4,0.407,False,0,0,0.0,0,0.0,OpenCV (cv2) is not installed in the current environment.
000511.mp4,C:\Users\Sarayu\Btech_Projects\RoadGuardian-AI\dataset\raw\accident\000511.mp4,0.398,False,0,0,0.0,0,0.0,OpenCV (cv2) is not installed in the current environment.
000512.mp4,C:\Users\Sarayu\Btech_Projects\RoadGuardian-AI\dataset\raw\accident\000512.mp4,0.419,False,0,0,0.0,0,0.0,OpenCV (cv2) is not installed in the current environment.
000513.mp4,C:\Users\Sarayu\Btech_Projects\RoadGuardian-AI\dataset\raw\accident\000513.mp4,0.386,False,0,0,0.0,0,0.0,OpenCV (cv2) is not installed in the current environment.
000514.mp4,C:\Users\Sarayu\Btech_Projects\RoadGuardian-AI\dataset\raw\accident\000514.mp4,0.467,False,0,0,0.0,0,0.0,OpenCV (cv2) is not installed in the current environment.
000515.mp4,C:\Users\Sarayu\Btech_Projects\RoadGuardian-AI\dataset\raw\accident\000515.mp4,0.463,False,0,0,0.0,0,0.0,OpenCV (cv2) is not installed in the current environment.
000516.mp4,C:\Users\Sarayu\Btech_Projects\RoadGuardian-AI\dataset\raw\accident\000516.mp4,0.779,False,0,0,0.0,0,0.0,OpenCV (cv2) is not installed in the current environment.
000517.mp4,C:\Users\Sarayu\Btech_Projects\RoadGuardian-AI\dataset\raw\accident\000517.mp4,0.462,False,0,0,0.0,0,0.0,OpenCV (cv2) is not installed in the current environment.
000518.mp4,C:\Users\Sarayu\Btech_Projects\RoadGuardian-AI\dataset\raw\accident\000518.mp4,0.475,False,0,0,0.0,0,0.0,OpenCV (cv2) is not installed in the current environment.
000519.mp4,C:\Users\Sarayu\Btech_Projects\RoadGuardian-AI\dataset\raw\accident\000519.mp4,0.697,False,0,0,0.0,0,0.0,OpenCV (cv2) is not installed in the current environment.
000520.mp4,C:\Users\Sarayu\Btech_Projects\RoadGuardian-AI\dataset\raw\accident\000520.mp4,0.327,False,0,0,0.0,0,0.0,OpenCV (cv2) is not installed in the current environment.
000521.mp4,C:\Users\Sarayu\Btech_Projects\RoadGuardian-AI\dataset\raw\accident\000521.mp4,0.455,False,0,0,0.0,0,0.0,OpenCV (cv2) is not installed in the current environment.
000522.mp4,C:\Users\Sarayu\Btech_Projects\RoadGuardian-AI\dataset\raw\accident\000522.mp4,0.49,False,0,0,0.0,0,0.0,OpenCV (cv2) is not installed in the current environment.
000523.mp4,C:\Users\Sarayu\Btech_Projects\RoadGuardian-AI\dataset\raw\accident\000523.mp4,0.34,False,0,0,0.0,0,0.0,OpenCV (cv2) is not installed in the current environment.
000524.mp4,C:\Users\Sarayu\Btech_Projects\RoadGuardian-AI\dataset\raw\accident\000524.mp4,0.434,False,0,0,0.0,0,0.0,OpenCV (cv2) is not installed in the current environment.
000525.mp4,C:\Users\Sarayu\Btech_Projects\RoadGuardian-AI\dataset\raw\accident\000525.mp4,0.394,False,0,0,0.0,0,0.0,OpenCV (cv2) is not installed in the current environment.
000526.mp4,C:\Users\Sarayu\Btech_Projects\RoadGuardian-AI\dataset\raw\accident\000526.mp4,0.305,False,0,0,0.0,0,0.0,OpenCV (cv2) is not installed in the current environment.
000527.mp4,C:\Users\Sarayu\Btech_Projects\RoadGuardian-AI\dataset\raw\accident\000527.mp4,0.294,False,0,0,0.0,0,0.0,OpenCV (cv2) is not installed in the current environment.
000528.mp4,C:\Users\Sarayu\Btech_Projects\RoadGuardian-AI\dataset\raw\accident\000528.mp4,0.673,False,0,0,0.0,0,0.0,OpenCV (cv2) is not installed in the current environment.
000529.mp4,C:\Users\Sarayu\Btech_Projects\RoadGuardian-AI\dataset\raw\accident\000529.mp4,0.532,False,0,0,0.0,0,0.0,OpenCV (cv2) is not installed in the current environment.
000530.mp4,C:\Users\Sarayu\Btech_Projects\RoadGuardian-AI\dataset\raw\accident\000530.mp4,0.554,False,0,0,0.0,0,0.0,OpenCV (cv2) is not installed in the current environment.
000531.mp4,C:\Users\Sarayu\Btech_Projects\RoadGuardian-AI\dataset\raw\accident\000531.mp4,0.476,False,0,0,0.0,0,0.0,OpenCV (cv2) is not installed in the current environment.
000532.mp4,C:\Users\Sarayu\Btech_Projects\RoadGuardian-AI\dataset\raw\accident\000532.mp4,0.343,False,0,0,0.0,0,0.0,OpenCV (cv2) is not installed in the current environment.
000533.mp4,C:\Users\Sarayu\Btech_Projects\RoadGuardian-AI\dataset\raw\accident\000533.mp4,0.446,False,0,0,0.0,0,0.0,OpenCV (cv2) is not installed in the current environment.
000534.mp4,C:\Users\Sarayu\Btech_Projects\RoadGuardian-AI\dataset\raw\accident\000534.mp4,0.413,False,0,0,0.0,0,0.0,OpenCV (cv2) is not installed in the current environment.
000535.mp4,C:\Users\Sarayu\Btech_Projects\RoadGuardian-AI\dataset\raw\accident\000535.mp4,0.468,False,0,0,0.0,0,0.0,OpenCV (cv2) is not installed in the current environment.
000536.mp4,C:\Users\Sarayu\Btech_Projects\RoadGuardian-AI\dataset\raw\accident\000536.mp4,0.433,False,0,0,0.0,0,0.0,OpenCV (cv2) is not installed in the current environment.
000537.mp4,C:\Users\Sarayu\Btech_Projects\RoadGuardian-AI\dataset\raw\accident\000537.mp4,0.476,False,0,0,0.0,0,0.0,OpenCV (cv2) is not installed in the current environment.
000538.mp4,C:\Users\Sarayu\Btech_Projects\RoadGuardian-AI\dataset\raw\accident\000538.mp4,0.412,False,0,0,0.0,0,0.0,OpenCV (cv2) is not installed in the current environment.
000539.mp4,C:\Users\Sarayu\Btech_Projects\RoadGuardian-AI\dataset\raw\accident\000539.mp4,0.414,False,0,0,0.0,0,0.0,OpenCV (cv2) is not installed in the current environment.
000540.mp4,C:\Users\Sarayu\Btech_Projects\RoadGuardian-AI\dataset\raw\accident\000540.mp4,0.413,False,0,0,0.0,0,0.0,OpenCV (cv2) is not installed in the current environment.
000541.mp4,C:\Users\Sarayu\Btech_Projects\RoadGuardian-AI\dataset\raw\accident\000541.mp4,0.472,False,0,0,0.0,0,0.0,OpenCV (cv2) is not installed in the current environment.
000542.mp4,C:\Users\Sarayu\Btech_Projects\RoadGuardian-AI\dataset\raw\accident\000542.mp4,0.504,False,0,0,0.0,0,0.0,OpenCV (cv2) is not installed in the current environment.
000543.mp4,C:\Users\Sarayu\Btech_Projects\RoadGuardian-AI\dataset\raw\accident\000543.mp4,0.849,False,0,0,0.0,0,0.0,OpenCV (cv2) is not installed in the current environment.
000544.mp4,C:\Users\Sarayu\Btech_Projects\RoadGuardian-AI\dataset\raw\accident\000544.mp4,0.5,False,0,0,0.0,0,0.0,OpenCV (cv2) is not installed in the current environment.
000545.mp4,C:\Users\Sarayu\Btech_Projects\RoadGuardian-AI\dataset\raw\accident\000545.mp4,0.405,False,0,0,0.0,0,0.0,OpenCV (cv2) is not installed in the current environment.
000546.mp4,C:\Users\Sarayu\Btech_Projects\RoadGuardian-AI\dataset\raw\accident\000546.mp4,0.418,False,0,0,0.0,0,0.0,OpenCV (cv2) is not installed in the current environment.
000547.mp4,C:\Users\Sarayu\Btech_Projects\RoadGuardian-AI\dataset\raw\accident\000547.mp4,0.277,False,0,0,0.0,0,0.0,OpenCV (cv2) is not installed in the current environment.
000548.mp4,C:\Users\Sarayu\Btech_Projects\RoadGuardian-AI\dataset\raw\accident\000548.mp4,0.604,False,0,0,0.0,0,0.0,OpenCV (cv2) is not installed in the current environment.
000549.mp4,C:\Users\Sarayu\Btech_Projects\RoadGuardian-AI\dataset\raw\accident\000549.mp4,0.605,False,0,0,0.0,0,0.0,OpenCV (cv2) is not installed in the current environment.
000550.mp4,C:\Users\Sarayu\Btech_Projects\RoadGuardian-AI\dataset\raw\accident\000550.mp4,0.276,False,0,0,0.0,0,0.0,OpenCV (cv2) is not installed in the current environment.
000551.mp4,C:\Users\Sarayu\Btech_Projects\RoadGuardian-AI\dataset\raw\accident\000551.mp4,0.287,False,0,0,0.0,0,0.0,OpenCV (cv2) is not installed in the current environment.
000552.mp4,C:\Users\Sarayu\Btech_Projects\RoadGuardian-AI\dataset\raw\accident\000552.mp4,0.464,False,0,0,0.0,0,0.0,OpenCV (cv2) is not installed in the current environment.
000553.mp4,C:\Users\Sarayu\Btech_Projects\RoadGuardian-AI\dataset\raw\accident\000553.mp4,0.462,False,0,0,0.0,0,0.0,OpenCV (cv2) is not installed in the current environment.
000554.mp4,C:\Users\Sarayu\Btech_Projects\RoadGuardian-AI\dataset\raw\accident\000554.mp4,0.84,False,0,0,0.0,0,0.0,OpenCV (cv2) is not installed in the current environment.
000555.mp4,C:\Users\Sarayu\Btech_Projects\RoadGuardian-AI\dataset\raw\accident\000555.mp4,0.522,False,0,0,0.0,0,0.0,OpenCV (cv2) is not installed in the current environment.
000556.mp4,C:\Users\Sarayu\Btech_Projects\RoadGuardian-AI\dataset\raw\accident\000556.mp4,0.291,False,0,0,0.0,0,0.0,OpenCV (cv2) is not installed in the current environment.
000557.mp4,C:\Users\Sarayu\Btech_Projects\RoadGuardian-AI\dataset\raw\accident\000557.mp4,0.453,False,0,0,0.0,0,0.0,OpenCV (cv2) is not installed in the current environment.
000558.mp4,C:\Users\Sarayu\Btech_Projects\RoadGuardian-AI\dataset\raw\accident\000558.mp4,0.303,False,0,0,0.0,0,0.0,OpenCV (cv2) is not installed in the current environment.
000559.mp4,C:\Users\Sarayu\Btech_Projects\RoadGuardian-AI\dataset\raw\accident\000559.mp4,0.493,False,0,0,0.0,0,0.0,OpenCV (cv2) is not installed in the current environment.
000560.mp4,C:\Users\Sarayu\Btech_Projects\RoadGuardian-AI\dataset\raw\accident\000560.mp4,0.326,False,0,0,0.0,0,0.0,OpenCV (cv2) is not installed in the current environment.
000561.mp4,C:\Users\Sarayu\Btech_Projects\RoadGuardian-AI\dataset\raw\accident\000561.mp4,0.741,False,0,0,0.0,0,0.0,OpenCV (cv2) is not installed in the current environment.
000562.mp4,C:\Users\Sarayu\Btech_Projects\RoadGuardian-AI\dataset\raw\accident\000562.mp4,0.838,False,0,0,0.0,0,0.0,OpenCV (cv2) is not installed in the current environment.
000563.mp4,C:\Users\Sarayu\Btech_Projects\RoadGuardian-AI\dataset\raw\accident\000563.mp4,0.579,False,0,0,0.0,0,0.0,OpenCV (cv2) is not installed in the current environment.
000564.mp4,C:\Users\Sarayu\Btech_Projects\RoadGuardian-AI\dataset\raw\accident\000564.mp4,0.449,False,0,0,0.0,0,0.0,OpenCV (cv2) is not installed in the current environment.
000565.mp4,C:\Users\Sarayu\Btech_Projects\RoadGuardian-AI\dataset\raw\accident\000565.mp4,0.717,False,0,0,0.0,0,0.0,OpenCV (cv2) is not installed in the current environment.
000566.mp4,C:\Users\Sarayu\Btech_Projects\RoadGuardian-AI\dataset\raw\accident\000566.mp4,0.501,False,0,0,0.0,0,0.0,OpenCV (cv2) is not installed in the current environment.
000567.mp4,C:\Users\Sarayu\Btech_Projects\RoadGuardian-AI\dataset\raw\accident\000567.mp4,0.415,False,0,0,0.0,0,0.0,OpenCV (cv2) is not installed in the current environment.
000568.mp4,C:\Users\Sarayu\Btech_Projects\RoadGuardian-AI\dataset\raw\accident\000568.mp4,0.605,False,0,0,0.0,0,0.0,OpenCV (cv2) is not installed in the current environment.
000569.mp4,C:\Users\Sarayu\Btech_Projects\RoadGuardian-AI\dataset\raw\accident\000569.mp4,0.594,False,0,0,0.0,0,0.0,OpenCV (cv2) is not installed in the current environment.
000570.mp4,C:\Users\Sarayu\Btech_Projects\RoadGuardian-AI\dataset\raw\accident\000570.mp4,0.611,False,0,0,0.0,0,0.0,OpenCV (cv2) is not installed in the current environment.
000571.mp4,C:\Users\Sarayu\Btech_Projects\RoadGuardian-AI\dataset\raw\accident\000571.mp4,0.769,False,0,0,0.0,0,0.0,OpenCV (cv2) is not installed in the current environment.
000572.mp4,C:\Users\Sarayu\Btech_Projects\RoadGuardian-AI\dataset\raw\accident\000572.mp4,0.84,False,0,0,0.0,0,0.0,OpenCV (cv2) is not installed in the current environment.
000573.mp4,C:\Users\Sarayu\Btech_Projects\RoadGuardian-AI\dataset\raw\accident\000573.mp4,0.414,False,0,0,0.0,0,0.0,OpenCV (cv2) is not installed in the current environment.
000574.mp4,C:\Users\Sarayu\Btech_Projects\RoadGuardian-AI\dataset\raw\accident\000574.mp4,0.76,False,0,0,0.0,0,0.0,OpenCV (cv2) is not installed in the current environment.
000575.mp4,C:\Users\Sarayu\Btech_Projects\RoadGuardian-AI\dataset\raw\accident\000575.mp4,0.364,False,0,0,0.0,0,0.0,OpenCV (cv2) is not installed in the current environment.
000576.mp4,C:\Users\Sarayu\Btech_Projects\RoadGuardian-AI\dataset\raw\accident\000576.mp4,0.489,False,0,0,0.0,0,0.0,OpenCV (cv2) is not installed in the current environment.
000577.mp4,C:\Users\Sarayu\Btech_Projects\RoadGuardian-AI\dataset\raw\accident\000577.mp4,0.564,False,0,0,0.0,0,0.0,OpenCV (cv2) is not installed in the current environment.
000578.mp4,C:\Users\Sarayu\Btech_Projects\RoadGuardian-AI\dataset\raw\accident\000578.mp4,0.817,False,0,0,0.0,0,0.0,OpenCV (cv2) is not installed in the current environment.
000579.mp4,C:\Users\Sarayu\Btech_Projects\RoadGuardian-AI\dataset\raw\accident\000579.mp4,0.611,False,0,0,0.0,0,0.0,OpenCV (cv2) is not installed in the current environment.
000580.mp4,C:\Users\Sarayu\Btech_Projects\RoadGuardian-AI\dataset\raw\accident\000580.mp4,0.517,False,0,0,0.0,0,0.0,OpenCV (cv2) is not installed in the current environment.
000581.mp4,C:\Users\Sarayu\Btech_Projects\RoadGuardian-AI\dataset\raw\accident\000581.mp4,0.691,False,0,0,0.0,0,0.0,OpenCV (cv2) is not installed in the current environment.
000582.mp4,C:\Users\Sarayu\Btech_Projects\RoadGuardian-AI\dataset\raw\accident\000582.mp4,0.309,False,0,0,0.0,0,0.0,OpenCV (cv2) is not installed in the current environment.
000583.mp4,C:\Users\Sarayu\Btech_Projects\RoadGuardian-AI\dataset\raw\accident\000583.mp4,0.618,False,0,0,0.0,0,0.0,OpenCV (cv2) is not installed in the current environment.
000584.mp4,C:\Users\Sarayu\Btech_Projects\RoadGuardian-AI\dataset\raw\accident\000584.mp4,0.297,False,0,0,0.0,0,0.0,OpenCV (cv2) is not installed in the current environment.
000585.mp4,C:\Users\Sarayu\Btech_Projects\RoadGuardian-AI\dataset\raw\accident\000585.mp4,0.392,False,0,0,0.0,0,0.0,OpenCV (cv2) is not installed in the current environment.
000586.mp4,C:\Users\Sarayu\Btech_Projects\RoadGuardian-AI\dataset\raw\accident\000586.mp4,0.612,False,0,0,0.0,0,0.0,OpenCV (cv2) is not installed in the current environment.
000587.mp4,C:\Users\Sarayu\Btech_Projects\RoadGuardian-AI\dataset\raw\accident\000587.mp4,0.564,False,0,0,0.0,0,0.0,OpenCV (cv2) is not installed in the current environment.
000588.mp4,C:\Users\Sarayu\Btech_Projects\RoadGuardian-AI\dataset\raw\accident\000588.mp4,0.418,False,0,0,0.0,0,0.0,OpenCV (cv2) is not installed in the current environment.
000589.mp4,C:\Users\Sarayu\Btech_Projects\RoadGuardian-AI\dataset\raw\accident\000589.mp4,0.427,False,0,0,0.0,0,0.0,OpenCV (cv2) is not installed in the current environment.
000590.mp4,C:\Users\Sarayu\Btech_Projects\RoadGuardian-AI\dataset\raw\accident\000590.mp4,0.613,False,0,0,0.0,0,0.0,OpenCV (cv2) is not installed in the current environment.
000591.mp4,C:\Users\Sarayu\Btech_Projects\RoadGuardian-AI\dataset\raw\accident\000591.mp4,0.674,False,0,0,0.0,0,0.0,OpenCV (cv2) is not installed in the current environment.
000592.mp4,C:\Users\Sarayu\Btech_Projects\RoadGuardian-AI\dataset\raw\accident\000592.mp4,0.428,False,0,0,0.0,0,0.0,OpenCV (cv2) is not installed in the current environment.
000593.mp4,C:\Users\Sarayu\Btech_Projects\RoadGuardian-AI\dataset\raw\accident\000593.mp4,0.411,False,0,0,0.0,0,0.0,OpenCV (cv2) is not installed in the current environment.
000594.mp4,C:\Users\Sarayu\Btech_Projects\RoadGuardian-AI\dataset\raw\accident\000594.mp4,0.538,False,0,0,0.0,0,0.0,OpenCV (cv2) is not installed in the current environment.
000595.mp4,C:\Users\Sarayu\Btech_Projects\RoadGuardian-AI\dataset\raw\accident\000595.mp4,0.515,False,0,0,0.0,0,0.0,OpenCV (cv2) is not installed in the current environment.
000596.mp4,C:\Users\Sarayu\Btech_Projects\RoadGuardian-AI\dataset\raw\accident\000596.mp4,0.497,False,0,0,0.0,0,0.0,OpenCV (cv2) is not installed in the current environment.
000597.mp4,C:\Users\Sarayu\Btech_Projects\RoadGuardian-AI\dataset\raw\accident\000597.mp4,0.555,False,0,0,0.0,0,0.0,OpenCV (cv2) is not installed in the current environment.
000598.mp4,C:\Users\Sarayu\Btech_Projects\RoadGuardian-AI\dataset\raw\accident\000598.mp4,0.571,False,0,0,0.0,0,0.0,OpenCV (cv2) is not installed in the current environment.
000599.mp4,C:\Users\Sarayu\Btech_Projects\RoadGuardian-AI\dataset\raw\accident\000599.mp4,0.626,False,0,0,0.0,0,0.0,OpenCV (cv2) is not installed in the current environment.
000600.mp4,C:\Users\Sarayu\Btech_Projects\RoadGuardian-AI\dataset\raw\accident\000600.mp4,0.44,False,0,0,0.0,0,0.0,OpenCV (cv2) is not installed in the current environment.
000601.mp4,C:\Users\Sarayu\Btech_Projects\RoadGuardian-AI\dataset\raw\accident\000601.mp4,0.385,False,0,0,0.0,0,0.0,OpenCV (cv2) is not installed in the current environment.
000602.mp4,C:\Users\Sarayu\Btech_Projects\RoadGuardian-AI\dataset\raw\accident\000602.mp4,0.454,False,0,0,0.0,0,0.0,OpenCV (cv2) is not installed in the current environment.
000603.mp4,C:\Users\Sarayu\Btech_Projects\RoadGuardian-AI\dataset\raw\accident\000603.mp4,0.516,False,0,0,0.0,0,0.0,OpenCV (cv2) is not installed in the current environment.
000604.mp4,C:\Users\Sarayu\Btech_Projects\RoadGuardian-AI\dataset\raw\accident\000604.mp4,0.326,False,0,0,0.0,0,0.0,OpenCV (cv2) is not installed in the current environment.
000605.mp4,C:\Users\Sarayu\Btech_Projects\RoadGuardian-AI\dataset\raw\accident\000605.mp4,0.344,False,0,0,0.0,0,0.0,OpenCV (cv2) is not installed in the current environment.
000606.mp4,C:\Users\Sarayu\Btech_Projects\RoadGuardian-AI\dataset\raw\accident\000606.mp4,0.372,False,0,0,0.0,0,0.0,OpenCV (cv2) is not installed in the current environment.
000607.mp4,C:\Users\Sarayu\Btech_Projects\RoadGuardian-AI\dataset\raw\accident\000607.mp4,0.852,False,0,0,0.0,0,0.0,OpenCV (cv2) is not installed in the current environment.
000608.mp4,C:\Users\Sarayu\Btech_Projects\RoadGuardian-AI\dataset\raw\accident\000608.mp4,0.347,False,0,0,0.0,0,0.0,OpenCV (cv2) is not installed in the current environment.
000609.mp4,C:\Users\Sarayu\Btech_Projects\RoadGuardian-AI\dataset\raw\accident\000609.mp4,0.777,False,0,0,0.0,0,0.0,OpenCV (cv2) is not installed in the current environment.
000610.mp4,C:\Users\Sarayu\Btech_Projects\RoadGuardian-AI\dataset\raw\accident\000610.mp4,0.332,False,0,0,0.0,0,0.0,OpenCV (cv2) is not installed in the current environment.
000611.mp4,C:\Users\Sarayu\Btech_Projects\RoadGuardian-AI\dataset\raw\accident\000611.mp4,0.527,False,0,0,0.0,0,0.0,OpenCV (cv2) is not installed in the current environment.
000612.mp4,C:\Users\Sarayu\Btech_Projects\RoadGuardian-AI\dataset\raw\accident\000612.mp4,0.343,False,0,0,0.0,0,0.0,OpenCV (cv2) is not installed in the current environment.
000613.mp4,C:\Users\Sarayu\Btech_Projects\RoadGuardian-AI\dataset\raw\accident\000613.mp4,0.346,False,0,0,0.0,0,0.0,OpenCV (cv2) is not installed in the current environment.
000614.mp4,C:\Users\Sarayu\Btech_Projects\RoadGuardian-AI\dataset\raw\accident\000614.mp4,0.899,False,0,0,0.0,0,0.0,OpenCV (cv2) is not installed in the current environment.
000615.mp4,C:\Users\Sarayu\Btech_Projects\RoadGuardian-AI\dataset\raw\accident\000615.mp4,0.729,False,0,0,0.0,0,0.0,OpenCV (cv2) is not installed in the current environment.
000616.mp4,C:\Users\Sarayu\Btech_Projects\RoadGuardian-AI\dataset\raw\accident\000616.mp4,0.352,False,0,0,0.0,0,0.0,OpenCV (cv2) is not installed in the current environment.
000617.mp4,C:\Users\Sarayu\Btech_Projects\RoadGuardian-AI\dataset\raw\accident\000617.mp4,0.455,False,0,0,0.0,0,0.0,OpenCV (cv2) is not installed in the current environment.
000618.mp4,C:\Users\Sarayu\Btech_Projects\RoadGuardian-AI\dataset\raw\accident\000618.mp4,0.953,False,0,0,0.0,0,0.0,OpenCV (cv2) is not installed in the current environment.
000619.mp4,C:\Users\Sarayu\Btech_Projects\RoadGuardian-AI\dataset\raw\accident\000619.mp4,0.424,False,0,0,0.0,0,0.0,OpenCV (cv2) is not installed in the current environment.
000620.mp4,C:\Users\Sarayu\Btech_Projects\RoadGuardian-AI\dataset\raw\accident\000620.mp4,0.429,False,0,0,0.0,0,0.0,OpenCV (cv2) is not installed in the current environment.
000621.mp4,C:\Users\Sarayu\Btech_Projects\RoadGuardian-AI\dataset\raw\accident\000621.mp4,0.838,False,0,0,0.0,0,0.0,OpenCV (cv2) is not installed in the current environment.
000622.mp4,C:\Users\Sarayu\Btech_Projects\RoadGuardian-AI\dataset\raw\accident\000622.mp4,0.447,False,0,0,0.0,0,0.0,OpenCV (cv2) is not installed in the current environment.
000623.mp4,C:\Users\Sarayu\Btech_Projects\RoadGuardian-AI\dataset\raw\accident\000623.mp4,0.592,False,0,0,0.0,0,0.0,OpenCV (cv2) is not installed in the current environment.
000624.mp4,C:\Users\Sarayu\Btech_Projects\RoadGuardian-AI\dataset\raw\accident\000624.mp4,0.387,False,0,0,0.0,0,0.0,OpenCV (cv2) is not installed in the current environment.
000625.mp4,C:\Users\Sarayu\Btech_Projects\RoadGuardian-AI\dataset\raw\accident\000625.mp4,0.475,False,0,0,0.0,0,0.0,OpenCV (cv2) is not installed in the current environment.
000626.mp4,C:\Users\Sarayu\Btech_Projects\RoadGuardian-AI\dataset\raw\accident\000626.mp4,0.497,False,0,0,0.0,0,0.0,OpenCV (cv2) is not installed in the current environment.
000627.mp4,C:\Users\Sarayu\Btech_Projects\RoadGuardian-AI\dataset\raw\accident\000627.mp4,0.424,False,0,0,0.0,0,0.0,OpenCV (cv2) is not installed in the current environment.
000628.mp4,C:\Users\Sarayu\Btech_Projects\RoadGuardian-AI\dataset\raw\accident\000628.mp4,0.419,False,0,0,0.0,0,0.0,OpenCV (cv2) is not installed in the current environment.
000629.mp4,C:\Users\Sarayu\Btech_Projects\RoadGuardian-AI\dataset\raw\accident\000629.mp4,0.357,False,0,0,0.0,0,0.0,OpenCV (cv2) is not installed in the current environment.
000630.mp4,C:\Users\Sarayu\Btech_Projects\RoadGuardian-AI\dataset\raw\accident\000630.mp4,0.424,False,0,0,0.0,0,0.0,OpenCV (cv2) is not installed in the current environment.
000631.mp4,C:\Users\Sarayu\Btech_Projects\RoadGuardian-AI\dataset\raw\accident\000631.mp4,0.404,False,0,0,0.0,0,0.0,OpenCV (cv2) is not installed in the current environment.
000632.mp4,C:\Users\Sarayu\Btech_Projects\RoadGuardian-AI\dataset\raw\accident\000632.mp4,0.526,False,0,0,0.0,0,0.0,OpenCV (cv2) is not installed in the current environment.
000633.mp4,C:\Users\Sarayu\Btech_Projects\RoadGuardian-AI\dataset\raw\accident\000633.mp4,0.636,False,0,0,0.0,0,0.0,OpenCV (cv2) is not installed in the current environment.
000634.mp4,C:\Users\Sarayu\Btech_Projects\RoadGuardian-AI\dataset\raw\accident\000634.mp4,0.527,False,0,0,0.0,0,0.0,OpenCV (cv2) is not installed in the current environment.
000635.mp4,C:\Users\Sarayu\Btech_Projects\RoadGuardian-AI\dataset\raw\accident\000635.mp4,0.657,False,0,0,0.0,0,0.0,OpenCV (cv2) is not installed in the current environment.
000636.mp4,C:\Users\Sarayu\Btech_Projects\RoadGuardian-AI\dataset\raw\accident\000636.mp4,0.403,False,0,0,0.0,0,0.0,OpenCV (cv2) is not installed in the current environment.
000637.mp4,C:\Users\Sarayu\Btech_Projects\RoadGuardian-AI\dataset\raw\accident\000637.mp4,0.302,False,0,0,0.0,0,0.0,OpenCV (cv2) is not installed in the current environment.
000638.mp4,C:\Users\Sarayu\Btech_Projects\RoadGuardian-AI\dataset\raw\accident\000638.mp4,0.671,False,0,0,0.0,0,0.0,OpenCV (cv2) is not installed in the current environment.
000639.mp4,C:\Users\Sarayu\Btech_Projects\RoadGuardian-AI\dataset\raw\accident\000639.mp4,0.618,False,0,0,0.0,0,0.0,OpenCV (cv2) is not installed in the current environment.
000640.mp4,C:\Users\Sarayu\Btech_Projects\RoadGuardian-AI\dataset\raw\accident\000640.mp4,0.596,False,0,0,0.0,0,0.0,OpenCV (cv2) is not installed in the current environment.
000641.mp4,C:\Users\Sarayu\Btech_Projects\RoadGuardian-AI\dataset\raw\accident\000641.mp4,0.837,False,0,0,0.0,0,0.0,OpenCV (cv2) is not installed in the current environment.
000642.mp4,C:\Users\Sarayu\Btech_Projects\RoadGuardian-AI\dataset\raw\accident\000642.mp4,0.434,False,0,0,0.0,0,0.0,OpenCV (cv2) is not installed in the current environment.
000643.mp4,C:\Users\Sarayu\Btech_Projects\RoadGuardian-AI\dataset\raw\accident\000643.mp4,0.524,False,0,0,0.0,0,0.0,OpenCV (cv2) is not installed in the current environment.
000644.mp4,C:\Users\Sarayu\Btech_Projects\RoadGuardian-AI\dataset\raw\accident\000644.mp4,0.607,False,0,0,0.0,0,0.0,OpenCV (cv2) is not installed in the current environment.
000645.mp4,C:\Users\Sarayu\Btech_Projects\RoadGuardian-AI\dataset\raw\accident\000645.mp4,0.36,False,0,0,0.0,0,0.0,OpenCV (cv2) is not installed in the current environment.
000646.mp4,C:\Users\Sarayu\Btech_Projects\RoadGuardian-AI\dataset\raw\accident\000646.mp4,0.434,False,0,0,0.0,0,0.0,OpenCV (cv2) is not installed in the current environment.
000647.mp4,C:\Users\Sarayu\Btech_Projects\RoadGuardian-AI\dataset\raw\accident\000647.mp4,0.276,False,0,0,0.0,0,0.0,OpenCV (cv2) is not installed in the current environment.
000648.mp4,C:\Users\Sarayu\Btech_Projects\RoadGuardian-AI\dataset\raw\accident\000648.mp4,0.374,False,0,0,0.0,0,0.0,OpenCV (cv2) is not installed in the current environment.
000649.mp4,C:\Users\Sarayu\Btech_Projects\RoadGuardian-AI\dataset\raw\accident\000649.mp4,0.339,False,0,0,0.0,0,0.0,OpenCV (cv2) is not installed in the current environment.
000650.mp4,C:\Users\Sarayu\Btech_Projects\RoadGuardian-AI\dataset\raw\accident\000650.mp4,0.416,False,0,0,0.0,0,0.0,OpenCV (cv2) is not installed in the current environment.
000651.mp4,C:\Users\Sarayu\Btech_Projects\RoadGuardian-AI\dataset\raw\accident\000651.mp4,0.473,False,0,0,0.0,0,0.0,OpenCV (cv2) is not installed in the current environment.
000652.mp4,C:\Users\Sarayu\Btech_Projects\RoadGuardian-AI\dataset\raw\accident\000652.mp4,0.342,False,0,0,0.0,0,0.0,OpenCV (cv2) is not installed in the current environment.
000653.mp4,C:\Users\Sarayu\Btech_Projects\RoadGuardian-AI\dataset\raw\accident\000653.mp4,0.415,False,0,0,0.0,0,0.0,OpenCV (cv2) is not installed in the current environment.
000654.mp4,C:\Users\Sarayu\Btech_Projects\RoadGuardian-AI\dataset\raw\accident\000654.mp4,0.271,False,0,0,0.0,0,0.0,OpenCV (cv2) is not installed in the current environment.
000655.mp4,C:\Users\Sarayu\Btech_Projects\RoadGuardian-AI\dataset\raw\accident\000655.mp4,0.442,False,0,0,0.0,0,0.0,OpenCV (cv2) is not installed in the current environment.
000656.mp4,C:\Users\Sarayu\Btech_Projects\RoadGuardian-AI\dataset\raw\accident\000656.mp4,0.534,False,0,0,0.0,0,0.0,OpenCV (cv2) is not installed in the current environment.
000657.mp4,C:\Users\Sarayu\Btech_Projects\RoadGuardian-AI\dataset\raw\accident\000657.mp4,0.276,False,0,0,0.0,0,0.0,OpenCV (cv2) is not installed in the current environment.
000658.mp4,C:\Users\Sarayu\Btech_Projects\RoadGuardian-AI\dataset\raw\accident\000658.mp4,0.273,False,0,0,0.0,0,0.0,OpenCV (cv2) is not installed in the current environment.
000659.mp4,C:\Users\Sarayu\Btech_Projects\RoadGuardian-AI\dataset\raw\accident\000659.mp4,0.427,False,0,0,0.0,0,0.0,OpenCV (cv2) is not installed in the current environment.
000660.mp4,C:\Users\Sarayu\Btech_Projects\RoadGuardian-AI\dataset\raw\accident\000660.mp4,0.654,False,0,0,0.0,0,0.0,OpenCV (cv2) is not installed in the current environment.
000661.mp4,C:\Users\Sarayu\Btech_Projects\RoadGuardian-AI\dataset\raw\accident\000661.mp4,0.428,False,0,0,0.0,0,0.0,OpenCV (cv2) is not installed in the current environment.
000662.mp4,C:\Users\Sarayu\Btech_Projects\RoadGuardian-AI\dataset\raw\accident\000662.mp4,0.403,False,0,0,0.0,0,0.0,OpenCV (cv2) is not installed in the current environment.
000663.mp4,C:\Users\Sarayu\Btech_Projects\RoadGuardian-AI\dataset\raw\accident\000663.mp4,0.292,False,0,0,0.0,0,0.0,OpenCV (cv2) is not installed in the current environment.
000664.mp4,C:\Users\Sarayu\Btech_Projects\RoadGuardian-AI\dataset\raw\accident\000664.mp4,0.693,False,0,0,0.0,0,0.0,OpenCV (cv2) is not installed in the current environment.
000665.mp4,C:\Users\Sarayu\Btech_Projects\RoadGuardian-AI\dataset\raw\accident\000665.mp4,0.395,False,0,0,0.0,0,0.0,OpenCV (cv2) is not installed in the current environment.
000666.mp4,C:\Users\Sarayu\Btech_Projects\RoadGuardian-AI\dataset\raw\accident\000666.mp4,0.494,False,0,0,0.0,0,0.0,OpenCV (cv2) is not installed in the current environment.
000667.mp4,C:\Users\Sarayu\Btech_Projects\RoadGuardian-AI\dataset\raw\accident\000667.mp4,0.425,False,0,0,0.0,0,0.0,OpenCV (cv2) is not installed in the current environment.
000668.mp4,C:\Users\Sarayu\Btech_Projects\RoadGuardian-AI\dataset\raw\accident\000668.mp4,0.363,False,0,0,0.0,0,0.0,OpenCV (cv2) is not installed in the current environment.
000669.mp4,C:\Users\Sarayu\Btech_Projects\RoadGuardian-AI\dataset\raw\accident\000669.mp4,0.384,False,0,0,0.0,0,0.0,OpenCV (cv2) is not installed in the current environment.
000670.mp4,C:\Users\Sarayu\Btech_Projects\RoadGuardian-AI\dataset\raw\accident\000670.mp4,0.333,False,0,0,0.0,0,0.0,OpenCV (cv2) is not installed in the current environment.
000671.mp4,C:\Users\Sarayu\Btech_Projects\RoadGuardian-AI\dataset\raw\accident\000671.mp4,0.337,False,0,0,0.0,0,0.0,OpenCV (cv2) is not installed in the current environment.
000672.mp4,C:\Users\Sarayu\Btech_Projects\RoadGuardian-AI\dataset\raw\accident\000672.mp4,0.284,False,0,0,0.0,0,0.0,OpenCV (cv2) is not installed in the current environment.
000673.mp4,C:\Users\Sarayu\Btech_Projects\RoadGuardian-AI\dataset\raw\accident\000673.mp4,0.581,False,0,0,0.0,0,0.0,OpenCV (cv2) is not installed in the current environment.
000674.mp4,C:\Users\Sarayu\Btech_Projects\RoadGuardian-AI\dataset\raw\accident\000674.mp4,0.506,False,0,0,0.0,0,0.0,OpenCV (cv2) is not installed in the current environment.
000675.mp4,C:\Users\Sarayu\Btech_Projects\RoadGuardian-AI\dataset\raw\accident\000675.mp4,0.275,False,0,0,0.0,0,0.0,OpenCV (cv2) is not installed in the current environment.
000676.mp4,C:\Users\Sarayu\Btech_Projects\RoadGuardian-AI\dataset\raw\accident\000676.mp4,0.444,False,0,0,0.0,0,0.0,OpenCV (cv2) is not installed in the current environment.
000677.mp4,C:\Users\Sarayu\Btech_Projects\RoadGuardian-AI\dataset\raw\accident\000677.mp4,0.268,False,0,0,0.0,0,0.0,OpenCV (cv2) is not installed in the current environment.
000678.mp4,C:\Users\Sarayu\Btech_Projects\RoadGuardian-AI\dataset\raw\accident\000678.mp4,1.14,False,0,0,0.0,0,0.0,OpenCV (cv2) is not installed in the current environment.
000679.mp4,C:\Users\Sarayu\Btech_Projects\RoadGuardian-AI\dataset\raw\accident\000679.mp4,1.344,False,0,0,0.0,0,0.0,OpenCV (cv2) is not installed in the current environment.
000680.mp4,C:\Users\Sarayu\Btech_Projects\RoadGuardian-AI\dataset\raw\accident\000680.mp4,0.476,False,0,0,0.0,0,0.0,OpenCV (cv2) is not installed in the current environment.
000681.mp4,C:\Users\Sarayu\Btech_Projects\RoadGuardian-AI\dataset\raw\accident\000681.mp4,0.439,False,0,0,0.0,0,0.0,OpenCV (cv2) is not installed in the current environment.
000682.mp4,C:\Users\Sarayu\Btech_Projects\RoadGuardian-AI\dataset\raw\accident\000682.mp4,0.379,False,0,0,0.0,0,0.0,OpenCV (cv2) is not installed in the current environment.
000683.mp4,C:\Users\Sarayu\Btech_Projects\RoadGuardian-AI\dataset\raw\accident\000683.mp4,0.708,False,0,0,0.0,0,0.0,OpenCV (cv2) is not installed in the current environment.
000684.mp4,C:\Users\Sarayu\Btech_Projects\RoadGuardian-AI\dataset\raw\accident\000684.mp4,0.299,False,0,0,0.0,0,0.0,OpenCV (cv2) is not installed in the current environment.
000685.mp4,C:\Users\Sarayu\Btech_Projects\RoadGuardian-AI\dataset\raw\accident\000685.mp4,0.505,False,0,0,0.0,0,0.0,OpenCV (cv2) is not installed in the current environment.
000686.mp4,C:\Users\Sarayu\Btech_Projects\RoadGuardian-AI\dataset\raw\accident\000686.mp4,0.518,False,0,0,0.0,0,0.0,OpenCV (cv2) is not installed in the current environment.
000687.mp4,C:\Users\Sarayu\Btech_Projects\RoadGuardian-AI\dataset\raw\accident\000687.mp4,0.277,False,0,0,0.0,0,0.0,OpenCV (cv2) is not installed in the current environment.
000688.mp4,C:\Users\Sarayu\Btech_Projects\RoadGuardian-AI\dataset\raw\accident\000688.mp4,0.46,False,0,0,0.0,0,0.0,OpenCV (cv2) is not installed in the current environment.
000689.mp4,C:\Users\Sarayu\Btech_Projects\RoadGuardian-AI\dataset\raw\accident\000689.mp4,0.269,False,0,0,0.0,0,0.0,OpenCV (cv2) is not installed in the current environment.
000690.mp4,C:\Users\Sarayu\Btech_Projects\RoadGuardian-AI\dataset\raw\accident\000690.mp4,0.426,False,0,0,0.0,0,0.0,OpenCV (cv2) is not installed in the current environment.
000691.mp4,C:\Users\Sarayu\Btech_Projects\RoadGuardian-AI\dataset\raw\accident\000691.mp4,0.488,False,0,0,0.0,0,0.0,OpenCV (cv2) is not installed in the current environment.
000692.mp4,C:\Users\Sarayu\Btech_Projects\RoadGuardian-AI\dataset\raw\accident\000692.mp4,0.556,False,0,0,0.0,0,0.0,OpenCV (cv2) is not installed in the current environment.
000693.mp4,C:\Users\Sarayu\Btech_Projects\RoadGuardian-AI\dataset\raw\accident\000693.mp4,0.331,False,0,0,0.0,0,0.0,OpenCV (cv2) is not installed in the current environment.
000694.mp4,C:\Users\Sarayu\Btech_Projects\RoadGuardian-AI\dataset\raw\accident\000694.mp4,0.453,False,0,0,0.0,0,0.0,OpenCV (cv2) is not installed in the current environment.
000695.mp4,C:\Users\Sarayu\Btech_Projects\RoadGuardian-AI\dataset\raw\accident\000695.mp4,0.504,False,0,0,0.0,0,0.0,OpenCV (cv2) is not installed in the current environment.
000696.mp4,C:\Users\Sarayu\Btech_Projects\RoadGuardian-AI\dataset\raw\accident\000696.mp4,0.445,False,0,0,0.0,0,0.0,OpenCV (cv2) is not installed in the current environment.
000697.mp4,C:\Users\Sarayu\Btech_Projects\RoadGuardian-AI\dataset\raw\accident\000697.mp4,0.438,False,0,0,0.0,0,0.0,OpenCV (cv2) is not installed in the current environment.
000698.mp4,C:\Users\Sarayu\Btech_Projects\RoadGuardian-AI\dataset\raw\accident\000698.mp4,0.404,False,0,0,0.0,0,0.0,OpenCV (cv2) is not installed in the current environment.
000699.mp4,C:\Users\Sarayu\Btech_Projects\RoadGuardian-AI\dataset\raw\accident\000699.mp4,0.76,False,0,0,0.0,0,0.0,OpenCV (cv2) is not installed in the current environment.
000700.mp4,C:\Users\Sarayu\Btech_Projects\RoadGuardian-AI\dataset\raw\accident\000700.mp4,0.429,False,0,0,0.0,0,0.0,OpenCV (cv2) is not installed in the current environment.
000701.mp4,C:\Users\Sarayu\Btech_Projects\RoadGuardian-AI\dataset\raw\accident\000701.mp4,0.479,False,0,0,0.0,0,0.0,OpenCV (cv2) is not installed in the current environment.
000702.mp4,C:\Users\Sarayu\Btech_Projects\RoadGuardian-AI\dataset\raw\accident\000702.mp4,1.009,False,0,0,0.0,0,0.0,OpenCV (cv2) is not installed in the current environment.
000703.mp4,C:\Users\Sarayu\Btech_Projects\RoadGuardian-AI\dataset\raw\accident\000703.mp4,0.492,False,0,0,0.0,0,0.0,OpenCV (cv2) is not installed in the current environment.
000704.mp4,C:\Users\Sarayu\Btech_Projects\RoadGuardian-AI\dataset\raw\accident\000704.mp4,0.356,False,0,0,0.0,0,0.0,OpenCV (cv2) is not installed in the current environment.
000705.mp4,C:\Users\Sarayu\Btech_Projects\RoadGuardian-AI\dataset\raw\accident\000705.mp4,0.527,False,0,0,0.0,0,0.0,OpenCV (cv2) is not installed in the current environment.
000706.mp4,C:\Users\Sarayu\Btech_Projects\RoadGuardian-AI\dataset\raw\accident\000706.mp4,0.591,False,0,0,0.0,0,0.0,OpenCV (cv2) is not installed in the current environment.
000707.mp4,C:\Users\Sarayu\Btech_Projects\RoadGuardian-AI\dataset\raw\accident\000707.mp4,0.562,False,0,0,0.0,0,0.0,OpenCV (cv2) is not installed in the current environment.
000708.mp4,C:\Users\Sarayu\Btech_Projects\RoadGuardian-AI\dataset\raw\accident\000708.mp4,0.385,False,0,0,0.0,0,0.0,OpenCV (cv2) is not installed in the current environment.
000709.mp4,C:\Users\Sarayu\Btech_Projects\RoadGuardian-AI\dataset\raw\accident\000709.mp4,0.531,False,0,0,0.0,0,0.0,OpenCV (cv2) is not installed in the current environment.
000710.mp4,C:\Users\Sarayu\Btech_Projects\RoadGuardian-AI\dataset\raw\accident\000710.mp4,0.802,False,0,0,0.0,0,0.0,OpenCV (cv2) is not installed in the current environment.
000711.mp4,C:\Users\Sarayu\Btech_Projects\RoadGuardian-AI\dataset\raw\accident\000711.mp4,0.881,False,0,0,0.0,0,0.0,OpenCV (cv2) is not installed in the current environment.
000712.mp4,C:\Users\Sarayu\Btech_Projects\RoadGuardian-AI\dataset\raw\accident\000712.mp4,0.519,False,0,0,0.0,0,0.0,OpenCV (cv2) is not installed in the current environment.
000713.mp4,C:\Users\Sarayu\Btech_Projects\RoadGuardian-AI\dataset\raw\accident\000713.mp4,0.497,False,0,0,0.0,0,0.0,OpenCV (cv2) is not installed in the current environment.
000714.mp4,C:\Users\Sarayu\Btech_Projects\RoadGuardian-AI\dataset\raw\accident\000714.mp4,0.423,False,0,0,0.0,0,0.0,OpenCV (cv2) is not installed in the current environment.
000715.mp4,C:\Users\Sarayu\Btech_Projects\RoadGuardian-AI\dataset\raw\accident\000715.mp4,0.509,False,0,0,0.0,0,0.0,OpenCV (cv2) is not installed in the current environment.
000716.mp4,C:\Users\Sarayu\Btech_Projects\RoadGuardian-AI\dataset\raw\accident\000716.mp4,0.515,False,0,0,0.0,0,0.0,OpenCV (cv2) is not installed in the current environment.
000717.mp4,C:\Users\Sarayu\Btech_Projects\RoadGuardian-AI\dataset\raw\accident\000717.mp4,0.584,False,0,0,0.0,0,0.0,OpenCV (cv2) is not installed in the current environment.
000718.mp4,C:\Users\Sarayu\Btech_Projects\RoadGuardian-AI\dataset\raw\accident\000718.mp4,0.879,False,0,0,0.0,0,0.0,OpenCV (cv2) is not installed in the current environment.
000719.mp4,C:\Users\Sarayu\Btech_Projects\RoadGuardian-AI\dataset\raw\accident\000719.mp4,0.467,False,0,0,0.0,0,0.0,OpenCV (cv2) is not installed in the current environment.
000720.mp4,C:\Users\Sarayu\Btech_Projects\RoadGuardian-AI\dataset\raw\accident\000720.mp4,0.969,False,0,0,0.0,0,0.0,OpenCV (cv2) is not installed in the current environment.
000721.mp4,C:\Users\Sarayu\Btech_Projects\RoadGuardian-AI\dataset\raw\accident\000721.mp4,0.845,False,0,0,0.0,0,0.0,OpenCV (cv2) is not installed in the current environment.
000722.mp4,C:\Users\Sarayu\Btech_Projects\RoadGuardian-AI\dataset\raw\accident\000722.mp4,1.1,False,0,0,0.0,0,0.0,OpenCV (cv2) is not installed in the current environment.
000723.mp4,C:\Users\Sarayu\Btech_Projects\RoadGuardian-AI\dataset\raw\accident\000723.mp4,0.496,False,0,0,0.0,0,0.0,OpenCV (cv2) is not installed in the current environment.
000724.mp4,C:\Users\Sarayu\Btech_Projects\RoadGuardian-AI\dataset\raw\accident\000724.mp4,0.845,False,0,0,0.0,0,0.0,OpenCV (cv2) is not installed in the current environment.
000725.mp4,C:\Users\Sarayu\Btech_Projects\RoadGuardian-AI\dataset\raw\accident\000725.mp4,0.506,False,0,0,0.0,0,0.0,OpenCV (cv2) is not installed in the current environment.
000726.mp4,C:\Users\Sarayu\Btech_Projects\RoadGuardian-AI\dataset\raw\accident\000726.mp4,0.574,False,0,0,0.0,0,0.0,OpenCV (cv2) is not installed in the current environment.
000727.mp4,C:\Users\Sarayu\Btech_Projects\RoadGuardian-AI\dataset\raw\accident\000727.mp4,0.674,False,0,0,0.0,0,0.0,OpenCV (cv2) is not installed in the current environment.
000728.mp4,C:\Users\Sarayu\Btech_Projects\RoadGuardian-AI\dataset\raw\accident\000728.mp4,0.612,False,0,0,0.0,0,0.0,OpenCV (cv2) is not installed in the current environment.
000729.mp4,C:\Users\Sarayu\Btech_Projects\RoadGuardian-AI\dataset\raw\accident\000729.mp4,0.53,False,0,0,0.0,0,0.0,OpenCV (cv2) is not installed in the current environment.
000730.mp4,C:\Users\Sarayu\Btech_Projects\RoadGuardian-AI\dataset\raw\accident\000730.mp4,0.433,False,0,0,0.0,0,0.0,OpenCV (cv2) is not installed in the current environment.
000731.mp4,C:\Users\Sarayu\Btech_Projects\RoadGuardian-AI\dataset\raw\accident\000731.mp4,0.375,False,0,0,0.0,0,0.0,OpenCV (cv2) is not installed in the current environment.
000732.mp4,C:\Users\Sarayu\Btech_Projects\RoadGuardian-AI\dataset\raw\accident\000732.mp4,0.562,False,0,0,0.0,0,0.0,OpenCV (cv2) is not installed in the current environment.
000733.mp4,C:\Users\Sarayu\Btech_Projects\RoadGuardian-AI\dataset\raw\accident\000733.mp4,0.635,False,0,0,0.0,0,0.0,OpenCV (cv2) is not installed in the current environment.
000734.mp4,C:\Users\Sarayu\Btech_Projects\RoadGuardian-AI\dataset\raw\accident\000734.mp4,1.081,False,0,0,0.0,0,0.0,OpenCV (cv2) is not installed in the current environment.
000735.mp4,C:\Users\Sarayu\Btech_Projects\RoadGuardian-AI\dataset\raw\accident\000735.mp4,0.521,False,0,0,0.0,0,0.0,OpenCV (cv2) is not installed in the current environment.
000736.mp4,C:\Users\Sarayu\Btech_Projects\RoadGuardian-AI\dataset\raw\accident\000736.mp4,0.743,False,0,0,0.0,0,0.0,OpenCV (cv2) is not installed in the current environment.
000737.mp4,C:\Users\Sarayu\Btech_Projects\RoadGuardian-AI\dataset\raw\accident\000737.mp4,0.64,False,0,0,0.0,0,0.0,OpenCV (cv2) is not installed in the current environment.
000738.mp4,C:\Users\Sarayu\Btech_Projects\RoadGuardian-AI\dataset\raw\accident\000738.mp4,0.503,False,0,0,0.0,0,0.0,OpenCV (cv2) is not installed in the current environment.
000739.mp4,C:\Users\Sarayu\Btech_Projects\RoadGuardian-AI\dataset\raw\accident\000739.mp4,0.729,False,0,0,0.0,0,0.0,OpenCV (cv2) is not installed in the current environment.
000740.mp4,C:\Users\Sarayu\Btech_Projects\RoadGuardian-AI\dataset\raw\accident\000740.mp4,0.345,False,0,0,0.0,0,0.0,OpenCV (cv2) is not installed in the current environment.
000741.mp4,C:\Users\Sarayu\Btech_Projects\RoadGuardian-AI\dataset\raw\accident\000741.mp4,0.461,False,0,0,0.0,0,0.0,OpenCV (cv2) is not installed in the current environment.
000742.mp4,C:\Users\Sarayu\Btech_Projects\RoadGuardian-AI\dataset\raw\accident\000742.mp4,0.599,False,0,0,0.0,0,0.0,OpenCV (cv2) is not installed in the current environment.
000743.mp4,C:\Users\Sarayu\Btech_Projects\RoadGuardian-AI\dataset\raw\accident\000743.mp4,0.863,False,0,0,0.0,0,0.0,OpenCV (cv2) is not installed in the current environment.
000744.mp4,C:\Users\Sarayu\Btech_Projects\RoadGuardian-AI\dataset\raw\accident\000744.mp4,0.725,False,0,0,0.0,0,0.0,OpenCV (cv2) is not installed in the current environment.
000745.mp4,C:\Users\Sarayu\Btech_Projects\RoadGuardian-AI\dataset\raw\accident\000745.mp4,0.468,False,0,0,0.0,0,0.0,OpenCV (cv2) is not installed in the current environment.
000746.mp4,C:\Users\Sarayu\Btech_Projects\RoadGuardian-AI\dataset\raw\accident\000746.mp4,1.028,False,0,0,0.0,0,0.0,OpenCV (cv2) is not installed in the current environment.
000747.mp4,C:\Users\Sarayu\Btech_Projects\RoadGuardian-AI\dataset\raw\accident\000747.mp4,0.351,False,0,0,0.0,0,0.0,OpenCV (cv2) is not installed in the current environment.
000748.mp4,C:\Users\Sarayu\Btech_Projects\RoadGuardian-AI\dataset\raw\accident\000748.mp4,0.718,False,0,0,0.0,0,0.0,OpenCV (cv2) is not installed in the current environment.
000749.mp4,C:\Users\Sarayu\Btech_Projects\RoadGuardian-AI\dataset\raw\accident\000749.mp4,0.405,False,0,0,0.0,0,0.0,OpenCV (cv2) is not installed in the current environment.
000750.mp4,C:\Users\Sarayu\Btech_Projects\RoadGuardian-AI\dataset\raw\accident\000750.mp4,0.939,False,0,0,0.0,0,0.0,OpenCV (cv2) is not installed in the current environment.
000751.mp4,C:\Users\Sarayu\Btech_Projects\RoadGuardian-AI\dataset\raw\accident\000751.mp4,0.876,False,0,0,0.0,0,0.0,OpenCV (cv2) is not installed in the current environment.
000752.mp4,C:\Users\Sarayu\Btech_Projects\RoadGuardian-AI\dataset\raw\accident\000752.mp4,0.847,False,0,0,0.0,0,0.0,OpenCV (cv2) is not installed in the current environment.
000753.mp4,C:\Users\Sarayu\Btech_Projects\RoadGuardian-AI\dataset\raw\accident\000753.mp4,1.009,False,0,0,0.0,0,0.0,OpenCV (cv2) is not installed in the current environment.
000754.mp4,C:\Users\Sarayu\Btech_Projects\RoadGuardian-AI\dataset\raw\accident\000754.mp4,0.619,False,0,0,0.0,0,0.0,OpenCV (cv2) is not installed in the current environment.
000755.mp4,C:\Users\Sarayu\Btech_Projects\RoadGuardian-AI\dataset\raw\accident\000755.mp4,0.901,False,0,0,0.0,0,0.0,OpenCV (cv2) is not installed in the current environment.
000756.mp4,C:\Users\Sarayu\Btech_Projects\RoadGuardian-AI\dataset\raw\accident\000756.mp4,0.78,False,0,0,0.0,0,0.0,OpenCV (cv2) is not installed in the current environment.
000757.mp4,C:\Users\Sarayu\Btech_Projects\RoadGuardian-AI\dataset\raw\accident\000757.mp4,0.397,False,0,0,0.0,0,0.0,OpenCV (cv2) is not installed in the current environment.
000758.mp4,C:\Users\Sarayu\Btech_Projects\RoadGuardian-AI\dataset\raw\accident\000758.mp4,0.451,False,0,0,0.0,0,0.0,OpenCV (cv2) is not installed in the current environment.
000759.mp4,C:\Users\Sarayu\Btech_Projects\RoadGuardian-AI\dataset\raw\accident\000759.mp4,0.464,False,0,0,0.0,0,0.0,OpenCV (cv2) is not installed in the current environment.
000760.mp4,C:\Users\Sarayu\Btech_Projects\RoadGuardian-AI\dataset\raw\accident\000760.mp4,0.552,False,0,0,0.0,0,0.0,OpenCV (cv2) is not installed in the current environment.
000761.mp4,C:\Users\Sarayu\Btech_Projects\RoadGuardian-AI\dataset\raw\accident\000761.mp4,0.715,False,0,0,0.0,0,0.0,OpenCV (cv2) is not installed in the current environment.
000762.mp4,C:\Users\Sarayu\Btech_Projects\RoadGuardian-AI\dataset\raw\accident\000762.mp4,0.562,False,0,0,0.0,0,0.0,OpenCV (cv2) is not installed in the current environment.
000763.mp4,C:\Users\Sarayu\Btech_Projects\RoadGuardian-AI\dataset\raw\accident\000763.mp4,0.761,False,0,0,0.0,0,0.0,OpenCV (cv2) is not installed in the current environment.
000764.mp4,C:\Users\Sarayu\Btech_Projects\RoadGuardian-AI\dataset\raw\accident\000764.mp4,0.406,False,0,0,0.0,0,0.0,OpenCV (cv2) is not installed in the current environment.
000765.mp4,C:\Users\Sarayu\Btech_Projects\RoadGuardian-AI\dataset\raw\accident\000765.mp4,0.453,False,0,0,0.0,0,0.0,OpenCV (cv2) is not installed in the current environment.
000766.mp4,C:\Users\Sarayu\Btech_Projects\RoadGuardian-AI\dataset\raw\accident\000766.mp4,0.369,False,0,0,0.0,0,0.0,OpenCV (cv2) is not installed in the current environment.
000767.mp4,C:\Users\Sarayu\Btech_Projects\RoadGuardian-AI\dataset\raw\accident\000767.mp4,0.654,False,0,0,0.0,0,0.0,OpenCV (cv2) is not installed in the current environment.
000768.mp4,C:\Users\Sarayu\Btech_Projects\RoadGuardian-AI\dataset\raw\accident\000768.mp4,0.865,False,0,0,0.0,0,0.0,OpenCV (cv2) is not installed in the current environment.
000769.mp4,C:\Users\Sarayu\Btech_Projects\RoadGuardian-AI\dataset\raw\accident\000769.mp4,0.428,False,0,0,0.0,0,0.0,OpenCV (cv2) is not installed in the current environment.
000770.mp4,C:\Users\Sarayu\Btech_Projects\RoadGuardian-AI\dataset\raw\accident\000770.mp4,0.79,False,0,0,0.0,0,0.0,OpenCV (cv2) is not installed in the current environment.
000771.mp4,C:\Users\Sarayu\Btech_Projects\RoadGuardian-AI\dataset\raw\accident\000771.mp4,0.631,False,0,0,0.0,0,0.0,OpenCV (cv2) is not installed in the current environment.
000772.mp4,C:\Users\Sarayu\Btech_Projects\RoadGuardian-AI\dataset\raw\accident\000772.mp4,0.774,False,0,0,0.0,0,0.0,OpenCV (cv2) is not installed in the current environment.
000773.mp4,C:\Users\Sarayu\Btech_Projects\RoadGuardian-AI\dataset\raw\accident\000773.mp4,0.47,False,0,0,0.0,0,0.0,OpenCV (cv2) is not installed in the current environment.
000774.mp4,C:\Users\Sarayu\Btech_Projects\RoadGuardian-AI\dataset\raw\accident\000774.mp4,1.092,False,0,0,0.0,0,0.0,OpenCV (cv2) is not installed in the current environment.
000775.mp4,C:\Users\Sarayu\Btech_Projects\RoadGuardian-AI\dataset\raw\accident\000775.mp4,0.74,False,0,0,0.0,0,0.0,OpenCV (cv2) is not installed in the current environment.
000776.mp4,C:\Users\Sarayu\Btech_Projects\RoadGuardian-AI\dataset\raw\accident\000776.mp4,0.617,False,0,0,0.0,0,0.0,OpenCV (cv2) is not installed in the current environment.
000777.mp4,C:\Users\Sarayu\Btech_Projects\RoadGuardian-AI\dataset\raw\accident\000777.mp4,0.479,False,0,0,0.0,0,0.0,OpenCV (cv2) is not installed in the current environment.
000778.mp4,C:\Users\Sarayu\Btech_Projects\RoadGuardian-AI\dataset\raw\accident\000778.mp4,0.565,False,0,0,0.0,0,0.0,OpenCV (cv2) is not installed in the current environment.
000779.mp4,C:\Users\Sarayu\Btech_Projects\RoadGuardian-AI\dataset\raw\accident\000779.mp4,0.693,False,0,0,0.0,0,0.0,OpenCV (cv2) is not installed in the current environment.
000780.mp4,C:\Users\Sarayu\Btech_Projects\RoadGuardian-AI\dataset\raw\accident\000780.mp4,1.129,False,0,0,0.0,0,0.0,OpenCV (cv2) is not installed in the current environment.
000781.mp4,C:\Users\Sarayu\Btech_Projects\RoadGuardian-AI\dataset\raw\accident\000781.mp4,0.411,False,0,0,0.0,0,0.0,OpenCV (cv2) is not installed in the current environment.
000782.mp4,C:\Users\Sarayu\Btech_Projects\RoadGuardian-AI\dataset\raw\accident\000782.mp4,0.614,False,0,0,0.0,0,0.0,OpenCV (cv2) is not installed in the current environment.
000783.mp4,C:\Users\Sarayu\Btech_Projects\RoadGuardian-AI\dataset\raw\accident\000783.mp4,0.831,False,0,0,0.0,0,0.0,OpenCV (cv2) is not installed in the current environment.
000784.mp4,C:\Users\Sarayu\Btech_Projects\RoadGuardian-AI\dataset\raw\accident\000784.mp4,0.442,False,0,0,0.0,0,0.0,OpenCV (cv2) is not installed in the current environment.
000785.mp4,C:\Users\Sarayu\Btech_Projects\RoadGuardian-AI\dataset\raw\accident\000785.mp4,0.541,False,0,0,0.0,0,0.0,OpenCV (cv2) is not installed in the current environment.
000786.mp4,C:\Users\Sarayu\Btech_Projects\RoadGuardian-AI\dataset\raw\accident\000786.mp4,0.747,False,0,0,0.0,0,0.0,OpenCV (cv2) is not installed in the current environment.
000787.mp4,C:\Users\Sarayu\Btech_Projects\RoadGuardian-AI\dataset\raw\accident\000787.mp4,0.457,False,0,0,0.0,0,0.0,OpenCV (cv2) is not installed in the current environment.
000788.mp4,C:\Users\Sarayu\Btech_Projects\RoadGuardian-AI\dataset\raw\accident\000788.mp4,1.154,False,0,0,0.0,0,0.0,OpenCV (cv2) is not installed in the current environment.
000789.mp4,C:\Users\Sarayu\Btech_Projects\RoadGuardian-AI\dataset\raw\accident\000789.mp4,0.846,False,0,0,0.0,0,0.0,OpenCV (cv2) is not installed in the current environment.
000790.mp4,C:\Users\Sarayu\Btech_Projects\RoadGuardian-AI\dataset\raw\accident\000790.mp4,0.73,False,0,0,0.0,0,0.0,OpenCV (cv2) is not installed in the current environment.
000791.mp4,C:\Users\Sarayu\Btech_Projects\RoadGuardian-AI\dataset\raw\accident\000791.mp4,0.75,False,0,0,0.0,0,0.0,OpenCV (cv2) is not installed in the current environment.
000792.mp4,C:\Users\Sarayu\Btech_Projects\RoadGuardian-AI\dataset\raw\accident\000792.mp4,0.948,False,0,0,0.0,0,0.0,OpenCV (cv2) is not installed in the current environment.
000793.mp4,C:\Users\Sarayu\Btech_Projects\RoadGuardian-AI\dataset\raw\accident\000793.mp4,0.729,False,0,0,0.0,0,0.0,OpenCV (cv2) is not installed in the current environment.
000794.mp4,C:\Users\Sarayu\Btech_Projects\RoadGuardian-AI\dataset\raw\accident\000794.mp4,0.486,False,0,0,0.0,0,0.0,OpenCV (cv2) is not installed in the current environment.
000795.mp4,C:\Users\Sarayu\Btech_Projects\RoadGuardian-AI\dataset\raw\accident\000795.mp4,0.532,False,0,0,0.0,0,0.0,OpenCV (cv2) is not installed in the current environment.
000796.mp4,C:\Users\Sarayu\Btech_Projects\RoadGuardian-AI\dataset\raw\accident\000796.mp4,0.597,False,0,0,0.0,0,0.0,OpenCV (cv2) is not installed in the current environment.
000797.mp4,C:\Users\Sarayu\Btech_Projects\RoadGuardian-AI\dataset\raw\accident\000797.mp4,0.529,False,0,0,0.0,0,0.0,OpenCV (cv2) is not installed in the current environment.
000798.mp4,C:\Users\Sarayu\Btech_Projects\RoadGuardian-AI\dataset\raw\accident\000798.mp4,0.602,False,0,0,0.0,0,0.0,OpenCV (cv2) is not installed in the current environment.
000799.mp4,C:\Users\Sarayu\Btech_Projects\RoadGuardian-AI\dataset\raw\accident\000799.mp4,0.536,False,0,0,0.0,0,0.0,OpenCV (cv2) is not installed in the current environment.
000800.mp4,C:\Users\Sarayu\Btech_Projects\RoadGuardian-AI\dataset\raw\accident\000800.mp4,1.062,False,0,0,0.0,0,0.0,OpenCV (cv2) is not installed in the current environment.
000801.mp4,C:\Users\Sarayu\Btech_Projects\RoadGuardian-AI\dataset\raw\accident\000801.mp4,0.832,False,0,0,0.0,0,0.0,OpenCV (cv2) is not installed in the current environment.
000802.mp4,C:\Users\Sarayu\Btech_Projects\RoadGuardian-AI\dataset\raw\accident\000802.mp4,0.37,False,0,0,0.0,0,0.0,OpenCV (cv2) is not installed in the current environment.
000803.mp4,C:\Users\Sarayu\Btech_Projects\RoadGuardian-AI\dataset\raw\accident\000803.mp4,0.698,False,0,0,0.0,0,0.0,OpenCV (cv2) is not installed in the current environment.
000804.mp4,C:\Users\Sarayu\Btech_Projects\RoadGuardian-AI\dataset\raw\accident\000804.mp4,0.704,False,0,0,0.0,0,0.0,OpenCV (cv2) is not installed in the current environment.
000805.mp4,C:\Users\Sarayu\Btech_Projects\RoadGuardian-AI\dataset\raw\accident\000805.mp4,0.52,False,0,0,0.0,0,0.0,OpenCV (cv2) is not installed in the current environment.
000806.mp4,C:\Users\Sarayu\Btech_Projects\RoadGuardian-AI\dataset\raw\accident\000806.mp4,0.294,False,0,0,0.0,0,0.0,OpenCV (cv2) is not installed in the current environment.
000807.mp4,C:\Users\Sarayu\Btech_Projects\RoadGuardian-AI\dataset\raw\accident\000807.mp4,0.755,False,0,0,0.0,0,0.0,OpenCV (cv2) is not installed in the current environment.
000808.mp4,C:\Users\Sarayu\Btech_Projects\RoadGuardian-AI\dataset\raw\accident\000808.mp4,0.469,False,0,0,0.0,0,0.0,OpenCV (cv2) is not installed in the current environment.
000809.mp4,C:\Users\Sarayu\Btech_Projects\RoadGuardian-AI\dataset\raw\accident\000809.mp4,0.719,False,0,0,0.0,0,0.0,OpenCV (cv2) is not installed in the current environment.
000810.mp4,C:\Users\Sarayu\Btech_Projects\RoadGuardian-AI\dataset\raw\accident\000810.mp4,0.742,False,0,0,0.0,0,0.0,OpenCV (cv2) is not installed in the current environment.
000811.mp4,C:\Users\Sarayu\Btech_Projects\RoadGuardian-AI\dataset\raw\accident\000811.mp4,0.969,False,0,0,0.0,0,0.0,OpenCV (cv2) is not installed in the current environment.
000812.mp4,C:\Users\Sarayu\Btech_Projects\RoadGuardian-AI\dataset\raw\accident\000812.mp4,0.593,False,0,0,0.0,0,0.0,OpenCV (cv2) is not installed in the current environment.
000813.mp4,C:\Users\Sarayu\Btech_Projects\RoadGuardian-AI\dataset\raw\accident\000813.mp4,0.645,False,0,0,0.0,0,0.0,OpenCV (cv2) is not installed in the current environment.
000814.mp4,C:\Users\Sarayu\Btech_Projects\RoadGuardian-AI\dataset\raw\accident\000814.mp4,0.677,False,0,0,0.0,0,0.0,OpenCV (cv2) is not installed in the current environment.
000815.mp4,C:\Users\Sarayu\Btech_Projects\RoadGuardian-AI\dataset\raw\accident\000815.mp4,1.075,False,0,0,0.0,0,0.0,OpenCV (cv2) is not installed in the current environment.
000816.mp4,C:\Users\Sarayu\Btech_Projects\RoadGuardian-AI\dataset\raw\accident\000816.mp4,0.606,False,0,0,0.0,0,0.0,OpenCV (cv2) is not installed in the current environment.
000817.mp4,C:\Users\Sarayu\Btech_Projects\RoadGuardian-AI\dataset\raw\accident\000817.mp4,0.539,False,0,0,0.0,0,0.0,OpenCV (cv2) is not installed in the current environment.
000818.mp4,C:\Users\Sarayu\Btech_Projects\RoadGuardian-AI\dataset\raw\accident\000818.mp4,1.262,False,0,0,0.0,0,0.0,OpenCV (cv2) is not installed in the current environment.
000819.mp4,C:\Users\Sarayu\Btech_Projects\RoadGuardian-AI\dataset\raw\accident\000819.mp4,0.39,False,0,0,0.0,0,0.0,OpenCV (cv2) is not installed in the current environment.
000820.mp4,C:\Users\Sarayu\Btech_Projects\RoadGuardian-AI\dataset\raw\accident\000820.mp4,1.114,False,0,0,0.0,0,0.0,OpenCV (cv2) is not installed in the current environment.
000821.mp4,C:\Users\Sarayu\Btech_Projects\RoadGuardian-AI\dataset\raw\accident\000821.mp4,0.342,False,0,0,0.0,0,0.0,OpenCV (cv2) is not installed in the current environment.
000822.mp4,C:\Users\Sarayu\Btech_Projects\RoadGuardian-AI\dataset\raw\accident\000822.mp4,0.993,False,0,0,0.0,0,0.0,OpenCV (cv2) is not installed in the current environment.
000823.mp4,C:\Users\Sarayu\Btech_Projects\RoadGuardian-AI\dataset\raw\accident\000823.mp4,0.587,False,0,0,0.0,0,0.0,OpenCV (cv2) is not installed in the current environment.
000824.mp4,C:\Users\Sarayu\Btech_Projects\RoadGuardian-AI\dataset\raw\accident\000824.mp4,1.039,False,0,0,0.0,0,0.0,OpenCV (cv2) is not installed in the current environment.
000825.mp4,C:\Users\Sarayu\Btech_Projects\RoadGuardian-AI\dataset\raw\accident\000825.mp4,0.775,False,0,0,0.0,0,0.0,OpenCV (cv2) is not installed in the current environment.
000826.mp4,C:\Users\Sarayu\Btech_Projects\RoadGuardian-AI\dataset\raw\accident\000826.mp4,0.841,False,0,0,0.0,0,0.0,OpenCV (cv2) is not installed in the current environment.
000827.mp4,C:\Users\Sarayu\Btech_Projects\RoadGuardian-AI\dataset\raw\accident\000827.mp4,1.036,False,0,0,0.0,0,0.0,OpenCV (cv2) is not installed in the current environment.
000828.mp4,C:\Users\Sarayu\Btech_Projects\RoadGuardian-AI\dataset\raw\accident\000828.mp4,0.634,False,0,0,0.0,0,0.0,OpenCV (cv2) is not installed in the current environment.
000829.mp4,C:\Users\Sarayu\Btech_Projects\RoadGuardian-AI\dataset\raw\accident\000829.mp4,1.221,False,0,0,0.0,0,0.0,OpenCV (cv2) is not installed in the current environment.
000830.mp4,C:\Users\Sarayu\Btech_Projects\RoadGuardian-AI\dataset\raw\accident\000830.mp4,0.518,False,0,0,0.0,0,0.0,OpenCV (cv2) is not installed in the current environment.
000831.mp4,C:\Users\Sarayu\Btech_Projects\RoadGuardian-AI\dataset\raw\accident\000831.mp4,0.939,False,0,0,0.0,0,0.0,OpenCV (cv2) is not installed in the current environment.
000832.mp4,C:\Users\Sarayu\Btech_Projects\RoadGuardian-AI\dataset\raw\accident\000832.mp4,0.486,False,0,0,0.0,0,0.0,OpenCV (cv2) is not installed in the current environment.
000833.mp4,C:\Users\Sarayu\Btech_Projects\RoadGuardian-AI\dataset\raw\accident\000833.mp4,0.675,False,0,0,0.0,0,0.0,OpenCV (cv2) is not installed in the current environment.
000834.mp4,C:\Users\Sarayu\Btech_Projects\RoadGuardian-AI\dataset\raw\accident\000834.mp4,0.827,False,0,0,0.0,0,0.0,OpenCV (cv2) is not installed in the current environment.
000835.mp4,C:\Users\Sarayu\Btech_Projects\RoadGuardian-AI\dataset\raw\accident\000835.mp4,0.715,False,0,0,0.0,0,0.0,OpenCV (cv2) is not installed in the current environment.
000836.mp4,C:\Users\Sarayu\Btech_Projects\RoadGuardian-AI\dataset\raw\accident\000836.mp4,0.603,False,0,0,0.0,0,0.0,OpenCV (cv2) is not installed in the current environment.
000837.mp4,C:\Users\Sarayu\Btech_Projects\RoadGuardian-AI\dataset\raw\accident\000837.mp4,0.578,False,0,0,0.0,0,0.0,OpenCV (cv2) is not installed in the current environment.
000838.mp4,C:\Users\Sarayu\Btech_Projects\RoadGuardian-AI\dataset\raw\accident\000838.mp4,0.755,False,0,0,0.0,0,0.0,OpenCV (cv2) is not installed in the current environment.
000839.mp4,C:\Users\Sarayu\Btech_Projects\RoadGuardian-AI\dataset\raw\accident\000839.mp4,0.672,False,0,0,0.0,0,0.0,OpenCV (cv2) is not installed in the current environment.
000840.mp4,C:\Users\Sarayu\Btech_Projects\RoadGuardian-AI\dataset\raw\accident\000840.mp4,0.539,False,0,0,0.0,0,0.0,OpenCV (cv2) is not installed in the current environment.
000841.mp4,C:\Users\Sarayu\Btech_Projects\RoadGuardian-AI\dataset\raw\accident\000841.mp4,0.397,False,0,0,0.0,0,0.0,OpenCV (cv2) is not installed in the current environment.
000842.mp4,C:\Users\Sarayu\Btech_Projects\RoadGuardian-AI\dataset\raw\accident\000842.mp4,0.376,False,0,0,0.0,0,0.0,OpenCV (cv2) is not installed in the current environment.
000843.mp4,C:\Users\Sarayu\Btech_Projects\RoadGuardian-AI\dataset\raw\accident\000843.mp4,0.566,False,0,0,0.0,0,0.0,OpenCV (cv2) is not installed in the current environment.
000844.mp4,C:\Users\Sarayu\Btech_Projects\RoadGuardian-AI\dataset\raw\accident\000844.mp4,0.753,False,0,0,0.0,0,0.0,OpenCV (cv2) is not installed in the current environment.
000845.mp4,C:\Users\Sarayu\Btech_Projects\RoadGuardian-AI\dataset\raw\accident\000845.mp4,0.458,False,0,0,0.0,0,0.0,OpenCV (cv2) is not installed in the current environment.
000846.mp4,C:\Users\Sarayu\Btech_Projects\RoadGuardian-AI\dataset\raw\accident\000846.mp4,1.069,False,0,0,0.0,0,0.0,OpenCV (cv2) is not installed in the current environment.
000847.mp4,C:\Users\Sarayu\Btech_Projects\RoadGuardian-AI\dataset\raw\accident\000847.mp4,0.764,False,0,0,0.0,0,0.0,OpenCV (cv2) is not installed in the current environment.
000848.mp4,C:\Users\Sarayu\Btech_Projects\RoadGuardian-AI\dataset\raw\accident\000848.mp4,0.822,False,0,0,0.0,0,0.0,OpenCV (cv2) is not installed in the current environment.
000849.mp4,C:\Users\Sarayu\Btech_Projects\RoadGuardian-AI\dataset\raw\accident\000849.mp4,0.559,False,0,0,0.0,0,0.0,OpenCV (cv2) is not installed in the current environment.
000850.mp4,C:\Users\Sarayu\Btech_Projects\RoadGuardian-AI\dataset\raw\accident\000850.mp4,0.522,False,0,0,0.0,0,0.0,OpenCV (cv2) is not installed in the current environment.
000851.mp4,C:\Users\Sarayu\Btech_Projects\RoadGuardian-AI\dataset\raw\accident\000851.mp4,1.042,False,0,0,0.0,0,0.0,OpenCV (cv2) is not installed in the current environment.
000852.mp4,C:\Users\Sarayu\Btech_Projects\RoadGuardian-AI\dataset\raw\accident\000852.mp4,0.503,False,0,0,0.0,0,0.0,OpenCV (cv2) is not installed in the current environment.
000853.mp4,C:\Users\Sarayu\Btech_Projects\RoadGuardian-AI\dataset\raw\accident\000853.mp4,0.92,False,0,0,0.0,0,0.0,OpenCV (cv2) is not installed in the current environment.
000854.mp4,C:\Users\Sarayu\Btech_Projects\RoadGuardian-AI\dataset\raw\accident\000854.mp4,0.767,False,0,0,0.0,0,0.0,OpenCV (cv2) is not installed in the current environment.
000855.mp4,C:\Users\Sarayu\Btech_Projects\RoadGuardian-AI\dataset\raw\accident\000855.mp4,0.725,False,0,0,0.0,0,0.0,OpenCV (cv2) is not installed in the current environment.
000856.mp4,C:\Users\Sarayu\Btech_Projects\RoadGuardian-AI\dataset\raw\accident\000856.mp4,0.648,False,0,0,0.0,0,0.0,OpenCV (cv2) is not installed in the current environment.
000857.mp4,C:\Users\Sarayu\Btech_Projects\RoadGuardian-AI\dataset\raw\accident\000857.mp4,0.571,False,0,0,0.0,0,0.0,OpenCV (cv2) is not installed in the current environment.
000858.mp4,C:\Users\Sarayu\Btech_Projects\RoadGuardian-AI\dataset\raw\accident\000858.mp4,0.956,False,0,0,0.0,0,0.0,OpenCV (cv2) is not installed in the current environment.
000859.mp4,C:\Users\Sarayu\Btech_Projects\RoadGuardian-AI\dataset\raw\accident\000859.mp4,1.091,False,0,0,0.0,0,0.0,OpenCV (cv2) is not installed in the current environment.
000860.mp4,C:\Users\Sarayu\Btech_Projects\RoadGuardian-AI\dataset\raw\accident\000860.mp4,1.162,False,0,0,0.0,0,0.0,OpenCV (cv2) is not installed in the current environment.
000861.mp4,C:\Users\Sarayu\Btech_Projects\RoadGuardian-AI\dataset\raw\accident\000861.mp4,0.534,False,0,0,0.0,0,0.0,OpenCV (cv2) is not installed in the current environment.
000862.mp4,C:\Users\Sarayu\Btech_Projects\RoadGuardian-AI\dataset\raw\accident\000862.mp4,0.728,False,0,0,0.0,0,0.0,OpenCV (cv2) is not installed in the current environment.
000863.mp4,C:\Users\Sarayu\Btech_Projects\RoadGuardian-AI\dataset\raw\accident\000863.mp4,1.321,False,0,0,0.0,0,0.0,OpenCV (cv2) is not installed in the current environment.
000864.mp4,C:\Users\Sarayu\Btech_Projects\RoadGuardian-AI\dataset\raw\accident\000864.mp4,0.573,False,0,0,0.0,0,0.0,OpenCV (cv2) is not installed in the current environment.
000865.mp4,C:\Users\Sarayu\Btech_Projects\RoadGuardian-AI\dataset\raw\accident\000865.mp4,0.383,False,0,0,0.0,0,0.0,OpenCV (cv2) is not installed in the current environment.
000866.mp4,C:\Users\Sarayu\Btech_Projects\RoadGuardian-AI\dataset\raw\accident\000866.mp4,0.395,False,0,0,0.0,0,0.0,OpenCV (cv2) is not installed in the current environment.
000867.mp4,C:\Users\Sarayu\Btech_Projects\RoadGuardian-AI\dataset\raw\accident\000867.mp4,0.331,False,0,0,0.0,0,0.0,OpenCV (cv2) is not installed in the current environment.
000868.mp4,C:\Users\Sarayu\Btech_Projects\RoadGuardian-AI\dataset\raw\accident\000868.mp4,0.884,False,0,0,0.0,0,0.0,OpenCV (cv2) is not installed in the current environment.
000869.mp4,C:\Users\Sarayu\Btech_Projects\RoadGuardian-AI\dataset\raw\accident\000869.mp4,0.659,False,0,0,0.0,0,0.0,OpenCV (cv2) is not installed in the current environment.
000870.mp4,C:\Users\Sarayu\Btech_Projects\RoadGuardian-AI\dataset\raw\accident\000870.mp4,0.708,False,0,0,0.0,0,0.0,OpenCV (cv2) is not installed in the current environment.
000871.mp4,C:\Users\Sarayu\Btech_Projects\RoadGuardian-AI\dataset\raw\accident\000871.mp4,1.012,False,0,0,0.0,0,0.0,OpenCV (cv2) is not installed in the current environment.
000872.mp4,C:\Users\Sarayu\Btech_Projects\RoadGuardian-AI\dataset\raw\accident\000872.mp4,0.496,False,0,0,0.0,0,0.0,OpenCV (cv2) is not installed in the current environment.
000873.mp4,C:\Users\Sarayu\Btech_Projects\RoadGuardian-AI\dataset\raw\accident\000873.mp4,1.24,False,0,0,0.0,0,0.0,OpenCV (cv2) is not installed in the current environment.
000874.mp4,C:\Users\Sarayu\Btech_Projects\RoadGuardian-AI\dataset\raw\accident\000874.mp4,0.344,False,0,0,0.0,0,0.0,OpenCV (cv2) is not installed in the current environment.
000875.mp4,C:\Users\Sarayu\Btech_Projects\RoadGuardian-AI\dataset\raw\accident\000875.mp4,0.33,False,0,0,0.0,0,0.0,OpenCV (cv2) is not installed in the current environment.
000876.mp4,C:\Users\Sarayu\Btech_Projects\RoadGuardian-AI\dataset\raw\accident\000876.mp4,0.582,False,0,0,0.0,0,0.0,OpenCV (cv2) is not installed in the current environment.
000877.mp4,C:\Users\Sarayu\Btech_Projects\RoadGuardian-AI\dataset\raw\accident\000877.mp4,0.665,False,0,0,0.0,0,0.0,OpenCV (cv2) is not installed in the current environment.
000878.mp4,C:\Users\Sarayu\Btech_Projects\RoadGuardian-AI\dataset\raw\accident\000878.mp4,0.687,False,0,0,0.0,0,0.0,OpenCV (cv2) is not installed in the current environment.
000879.mp4,C:\Users\Sarayu\Btech_Projects\RoadGuardian-AI\dataset\raw\accident\000879.mp4,0.655,False,0,0,0.0,0,0.0,OpenCV (cv2) is not installed in the current environment.
000880.mp4,C:\Users\Sarayu\Btech_Projects\RoadGuardian-AI\dataset\raw\accident\000880.mp4,0.275,False,0,0,0.0,0,0.0,OpenCV (cv2) is not installed in the current environment.
000881.mp4,C:\Users\Sarayu\Btech_Projects\RoadGuardian-AI\dataset\raw\accident\000881.mp4,1.058,False,0,0,0.0,0,0.0,OpenCV (cv2) is not installed in the current environment.
000882.mp4,C:\Users\Sarayu\Btech_Projects\RoadGuardian-AI\dataset\raw\accident\000882.mp4,1.335,False,0,0,0.0,0,0.0,OpenCV (cv2) is not installed in the current environment.
000883.mp4,C:\Users\Sarayu\Btech_Projects\RoadGuardian-AI\dataset\raw\accident\000883.mp4,0.807,False,0,0,0.0,0,0.0,OpenCV (cv2) is not installed in the current environment.
000884.mp4,C:\Users\Sarayu\Btech_Projects\RoadGuardian-AI\dataset\raw\accident\000884.mp4,1.115,False,0,0,0.0,0,0.0,OpenCV (cv2) is not installed in the current environment.
000885.mp4,C:\Users\Sarayu\Btech_Projects\RoadGuardian-AI\dataset\raw\accident\000885.mp4,0.834,False,0,0,0.0,0,0.0,OpenCV (cv2) is not installed in the current environment.
000886.mp4,C:\Users\Sarayu\Btech_Projects\RoadGuardian-AI\dataset\raw\accident\000886.mp4,0.546,False,0,0,0.0,0,0.0,OpenCV (cv2) is not installed in the current environment.
000887.mp4,C:\Users\Sarayu\Btech_Projects\RoadGuardian-AI\dataset\raw\accident\000887.mp4,0.668,False,0,0,0.0,0,0.0,OpenCV (cv2) is not installed in the current environment.
000888.mp4,C:\Users\Sarayu\Btech_Projects\RoadGuardian-AI\dataset\raw\accident\000888.mp4,0.912,False,0,0,0.0,0,0.0,OpenCV (cv2) is not installed in the current environment.
000889.mp4,C:\Users\Sarayu\Btech_Projects\RoadGuardian-AI\dataset\raw\accident\000889.mp4,0.918,False,0,0,0.0,0,0.0,OpenCV (cv2) is not installed in the current environment.
000890.mp4,C:\Users\Sarayu\Btech_Projects\RoadGuardian-AI\dataset\raw\accident\000890.mp4,0.794,False,0,0,0.0,0,0.0,OpenCV (cv2) is not installed in the current environment.
000891.mp4,C:\Users\Sarayu\Btech_Projects\RoadGuardian-AI\dataset\raw\accident\000891.mp4,0.685,False,0,0,0.0,0,0.0,OpenCV (cv2) is not installed in the current environment.
000892.mp4,C:\Users\Sarayu\Btech_Projects\RoadGuardian-AI\dataset\raw\accident\000892.mp4,0.712,False,0,0,0.0,0,0.0,OpenCV (cv2) is not installed in the current environment.
000893.mp4,C:\Users\Sarayu\Btech_Projects\RoadGuardian-AI\dataset\raw\accident\000893.mp4,0.741,False,0,0,0.0,0,0.0,OpenCV (cv2) is not installed in the current environment.
000894.mp4,C:\Users\Sarayu\Btech_Projects\RoadGuardian-AI\dataset\raw\accident\000894.mp4,1.235,False,0,0,0.0,0,0.0,OpenCV (cv2) is not installed in the current environment.
000895.mp4,C:\Users\Sarayu\Btech_Projects\RoadGuardian-AI\dataset\raw\accident\000895.mp4,0.564,False,0,0,0.0,0,0.0,OpenCV (cv2) is not installed in the current environment.
000896.mp4,C:\Users\Sarayu\Btech_Projects\RoadGuardian-AI\dataset\raw\accident\000896.mp4,0.469,False,0,0,0.0,0,0.0,OpenCV (cv2) is not installed in the current environment.
000897.mp4,C:\Users\Sarayu\Btech_Projects\RoadGuardian-AI\dataset\raw\accident\000897.mp4,0.76,False,0,0,0.0,0,0.0,OpenCV (cv2) is not installed in the current environment.
000898.mp4,C:\Users\Sarayu\Btech_Projects\RoadGuardian-AI\dataset\raw\accident\000898.mp4,0.819,False,0,0,0.0,0,0.0,OpenCV (cv2) is not installed in the current environment.
000899.mp4,C:\Users\Sarayu\Btech_Projects\RoadGuardian-AI\dataset\raw\accident\000899.mp4,0.68,False,0,0,0.0,0,0.0,OpenCV (cv2) is not installed in the current environment.
000900.mp4,C:\Users\Sarayu\Btech_Projects\RoadGuardian-AI\dataset\raw\accident\000900.mp4,0.571,False,0,0,0.0,0,0.0,OpenCV (cv2) is not installed in the current environment.
000901.mp4,C:\Users\Sarayu\Btech_Projects\RoadGuardian-AI\dataset\raw\accident\000901.mp4,1.134,False,0,0,0.0,0,0.0,OpenCV (cv2) is not installed in the current environment.
000902.mp4,C:\Users\Sarayu\Btech_Projects\RoadGuardian-AI\dataset\raw\accident\000902.mp4,0.667,False,0,0,0.0,0,0.0,OpenCV (cv2) is not installed in the current environment.
000903.mp4,C:\Users\Sarayu\Btech_Projects\RoadGuardian-AI\dataset\raw\accident\000903.mp4,0.837,False,0,0,0.0,0,0.0,OpenCV (cv2) is not installed in the current environment.
000904.mp4,C:\Users\Sarayu\Btech_Projects\RoadGuardian-AI\dataset\raw\accident\000904.mp4,1.203,False,0,0,0.0,0,0.0,OpenCV (cv2) is not installed in the current environment.
000905.mp4,C:\Users\Sarayu\Btech_Projects\RoadGuardian-AI\dataset\raw\accident\000905.mp4,0.644,False,0,0,0.0,0,0.0,OpenCV (cv2) is not installed in the current environment.
000906.mp4,C:\Users\Sarayu\Btech_Projects\RoadGuardian-AI\dataset\raw\accident\000906.mp4,0.608,False,0,0,0.0,0,0.0,OpenCV (cv2) is not installed in the current environment.
000907.mp4,C:\Users\Sarayu\Btech_Projects\RoadGuardian-AI\dataset\raw\accident\000907.mp4,0.842,False,0,0,0.0,0,0.0,OpenCV (cv2) is not installed in the current environment.
000908.mp4,C:\Users\Sarayu\Btech_Projects\RoadGuardian-AI\dataset\raw\accident\000908.mp4,0.579,False,0,0,0.0,0,0.0,OpenCV (cv2) is not installed in the current environment.
000909.mp4,C:\Users\Sarayu\Btech_Projects\RoadGuardian-AI\dataset\raw\accident\000909.mp4,0.566,False,0,0,0.0,0,0.0,OpenCV (cv2) is not installed in the current environment.
000910.mp4,C:\Users\Sarayu\Btech_Projects\RoadGuardian-AI\dataset\raw\accident\000910.mp4,0.774,False,0,0,0.0,0,0.0,OpenCV (cv2) is not installed in the current environment.
000911.mp4,C:\Users\Sarayu\Btech_Projects\RoadGuardian-AI\dataset\raw\accident\000911.mp4,1.135,False,0,0,0.0,0,0.0,OpenCV (cv2) is not installed in the current environment.
000912.mp4,C:\Users\Sarayu\Btech_Projects\RoadGuardian-AI\dataset\raw\accident\000912.mp4,0.661,False,0,0,0.0,0,0.0,OpenCV (cv2) is not installed in the current environment.
000913.mp4,C:\Users\Sarayu\Btech_Projects\RoadGuardian-AI\dataset\raw\accident\000913.mp4,0.55,False,0,0,0.0,0,0.0,OpenCV (cv2) is not installed in the current environment.
000914.mp4,C:\Users\Sarayu\Btech_Projects\RoadGuardian-AI\dataset\raw\accident\000914.mp4,0.706,False,0,0,0.0,0,0.0,OpenCV (cv2) is not installed in the current environment.
000915.mp4,C:\Users\Sarayu\Btech_Projects\RoadGuardian-AI\dataset\raw\accident\000915.mp4,0.495,False,0,0,0.0,0,0.0,OpenCV (cv2) is not installed in the current environment.
000916.mp4,C:\Users\Sarayu\Btech_Projects\RoadGuardian-AI\dataset\raw\accident\000916.mp4,1.492,False,0,0,0.0,0,0.0,OpenCV (cv2) is not installed in the current environment.
000917.mp4,C:\Users\Sarayu\Btech_Projects\RoadGuardian-AI\dataset\raw\accident\000917.mp4,0.687,False,0,0,0.0,0,0.0,OpenCV (cv2) is not installed in the current environment.
000918.mp4,C:\Users\Sarayu\Btech_Projects\RoadGuardian-AI\dataset\raw\accident\000918.mp4,0.829,False,0,0,0.0,0,0.0,OpenCV (cv2) is not installed in the current environment.
000919.mp4,C:\Users\Sarayu\Btech_Projects\RoadGuardian-AI\dataset\raw\accident\000919.mp4,0.784,False,0,0,0.0,0,0.0,OpenCV (cv2) is not installed in the current environment.
000920.mp4,C:\Users\Sarayu\Btech_Projects\RoadGuardian-AI\dataset\raw\accident\000920.mp4,0.58,False,0,0,0.0,0,0.0,OpenCV (cv2) is not installed in the current environment.
000921.mp4,C:\Users\Sarayu\Btech_Projects\RoadGuardian-AI\dataset\raw\accident\000921.mp4,0.979,False,0,0,0.0,0,0.0,OpenCV (cv2) is not installed in the current environment.
000922.mp4,C:\Users\Sarayu\Btech_Projects\RoadGuardian-AI\dataset\raw\accident\000922.mp4,0.556,False,0,0,0.0,0,0.0,OpenCV (cv2) is not installed in the current environment.
000923.mp4,C:\Users\Sarayu\Btech_Projects\RoadGuardian-AI\dataset\raw\accident\000923.mp4,0.997,False,0,0,0.0,0,0.0,OpenCV (cv2) is not installed in the current environment.
000924.mp4,C:\Users\Sarayu\Btech_Projects\RoadGuardian-AI\dataset\raw\accident\000924.mp4,0.793,False,0,0,0.0,0,0.0,OpenCV (cv2) is not installed in the current environment.
000925.mp4,C:\Users\Sarayu\Btech_Projects\RoadGuardian-AI\dataset\raw\accident\000925.mp4,0.627,False,0,0,0.0,0,0.0,OpenCV (cv2) is not installed in the current environment.
000926.mp4,C:\Users\Sarayu\Btech_Projects\RoadGuardian-AI\dataset\raw\accident\000926.mp4,0.946,False,0,0,0.0,0,0.0,OpenCV (cv2) is not installed in the current environment.
000927.mp4,C:\Users\Sarayu\Btech_Projects\RoadGuardian-AI\dataset\raw\accident\000927.mp4,0.815,False,0,0,0.0,0,0.0,OpenCV (cv2) is not installed in the current environment.
000928.mp4,C:\Users\Sarayu\Btech_Projects\RoadGuardian-AI\dataset\raw\accident\000928.mp4,0.686,False,0,0,0.0,0,0.0,OpenCV (cv2) is not installed in the current environment.
000929.mp4,C:\Users\Sarayu\Btech_Projects\RoadGuardian-AI\dataset\raw\accident\000929.mp4,0.5,False,0,0,0.0,0,0.0,OpenCV (cv2) is not installed in the current environment.
000930.mp4,C:\Users\Sarayu\Btech_Projects\RoadGuardian-AI\dataset\raw\accident\000930.mp4,0.393,False,0,0,0.0,0,0.0,OpenCV (cv2) is not installed in the current environment.
000931.mp4,C:\Users\Sarayu\Btech_Projects\RoadGuardian-AI\dataset\raw\accident\000931.mp4,0.555,False,0,0,0.0,0,0.0,OpenCV (cv2) is not installed in the current environment.
000932.mp4,C:\Users\Sarayu\Btech_Projects\RoadGuardian-AI\dataset\raw\accident\000932.mp4,0.859,False,0,0,0.0,0,0.0,OpenCV (cv2) is not installed in the current environment.
000933.mp4,C:\Users\Sarayu\Btech_Projects\RoadGuardian-AI\dataset\raw\accident\000933.mp4,1.18,False,0,0,0.0,0,0.0,OpenCV (cv2) is not installed in the current environment.
000934.mp4,C:\Users\Sarayu\Btech_Projects\RoadGuardian-AI\dataset\raw\accident\000934.mp4,0.797,False,0,0,0.0,0,0.0,OpenCV (cv2) is not installed in the current environment.
000935.mp4,C:\Users\Sarayu\Btech_Projects\RoadGuardian-AI\dataset\raw\accident\000935.mp4,0.645,False,0,0,0.0,0,0.0,OpenCV (cv2) is not installed in the current environment.
000936.mp4,C:\Users\Sarayu\Btech_Projects\RoadGuardian-AI\dataset\raw\accident\000936.mp4,0.721,False,0,0,0.0,0,0.0,OpenCV (cv2) is not installed in the current environment.
000937.mp4,C:\Users\Sarayu\Btech_Projects\RoadGuardian-AI\dataset\raw\accident\000937.mp4,0.704,False,0,0,0.0,0,0.0,OpenCV (cv2) is not installed in the current environment.
000938.mp4,C:\Users\Sarayu\Btech_Projects\RoadGuardian-AI\dataset\raw\accident\000938.mp4,0.841,False,0,0,0.0,0,0.0,OpenCV (cv2) is not installed in the current environment.
000939.mp4,C:\Users\Sarayu\Btech_Projects\RoadGuardian-AI\dataset\raw\accident\000939.mp4,0.488,False,0,0,0.0,0,0.0,OpenCV (cv2) is not installed in the current environment.
000940.mp4,C:\Users\Sarayu\Btech_Projects\RoadGuardian-AI\dataset\raw\accident\000940.mp4,0.853,False,0,0,0.0,0,0.0,OpenCV (cv2) is not installed in the current environment.
000941.mp4,C:\Users\Sarayu\Btech_Projects\RoadGuardian-AI\dataset\raw\accident\000941.mp4,0.661,False,0,0,0.0,0,0.0,OpenCV (cv2) is not installed in the current environment.
000942.mp4,C:\Users\Sarayu\Btech_Projects\RoadGuardian-AI\dataset\raw\accident\000942.mp4,0.905,False,0,0,0.0,0,0.0,OpenCV (cv2) is not installed in the current environment.
000943.mp4,C:\Users\Sarayu\Btech_Projects\RoadGuardian-AI\dataset\raw\accident\000943.mp4,0.844,False,0,0,0.0,0,0.0,OpenCV (cv2) is not installed in the current environment.
000944.mp4,C:\Users\Sarayu\Btech_Projects\RoadGuardian-AI\dataset\raw\accident\000944.mp4,0.596,False,0,0,0.0,0,0.0,OpenCV (cv2) is not installed in the current environment.
000945.mp4,C:\Users\Sarayu\Btech_Projects\RoadGuardian-AI\dataset\raw\accident\000945.mp4,0.473,False,0,0,0.0,0,0.0,OpenCV (cv2) is not installed in the current environment.
000946.mp4,C:\Users\Sarayu\Btech_Projects\RoadGuardian-AI\dataset\raw\accident\000946.mp4,0.545,False,0,0,0.0,0,0.0,OpenCV (cv2) is not installed in the current environment.
000947.mp4,C:\Users\Sarayu\Btech_Projects\RoadGuardian-AI\dataset\raw\accident\000947.mp4,0.937,False,0,0,0.0,0,0.0,OpenCV (cv2) is not installed in the current environment.
000948.mp4,C:\Users\Sarayu\Btech_Projects\RoadGuardian-AI\dataset\raw\accident\000948.mp4,0.366,False,0,0,0.0,0,0.0,OpenCV (cv2) is not installed in the current environment.
000949.mp4,C:\Users\Sarayu\Btech_Projects\RoadGuardian-AI\dataset\raw\accident\000949.mp4,0.606,False,0,0,0.0,0,0.0,OpenCV (cv2) is not installed in the current environment.
000950.mp4,C:\Users\Sarayu\Btech_Projects\RoadGuardian-AI\dataset\raw\accident\000950.mp4,0.511,False,0,0,0.0,0,0.0,OpenCV (cv2) is not installed in the current environment.
000951.mp4,C:\Users\Sarayu\Btech_Projects\RoadGuardian-AI\dataset\raw\accident\000951.mp4,0.541,False,0,0,0.0,0,0.0,OpenCV (cv2) is not installed in the current environment.
000952.mp4,C:\Users\Sarayu\Btech_Projects\RoadGuardian-AI\dataset\raw\accident\000952.mp4,1.203,False,0,0,0.0,0,0.0,OpenCV (cv2) is not installed in the current environment.
000953.mp4,C:\Users\Sarayu\Btech_Projects\RoadGuardian-AI\dataset\raw\accident\000953.mp4,1.784,False,0,0,0.0,0,0.0,OpenCV (cv2) is not installed in the current environment.
000954.mp4,C:\Users\Sarayu\Btech_Projects\RoadGuardian-AI\dataset\raw\accident\000954.mp4,0.313,False,0,0,0.0,0,0.0,OpenCV (cv2) is not installed in the current environment.
000955.mp4,C:\Users\Sarayu\Btech_Projects\RoadGuardian-AI\dataset\raw\accident\000955.mp4,0.788,False,0,0,0.0,0,0.0,OpenCV (cv2) is not installed in the current environment.
000956.mp4,C:\Users\Sarayu\Btech_Projects\RoadGuardian-AI\dataset\raw\accident\000956.mp4,0.422,False,0,0,0.0,0,0.0,OpenCV (cv2) is not installed in the current environment.
000957.mp4,C:\Users\Sarayu\Btech_Projects\RoadGuardian-AI\dataset\raw\accident\000957.mp4,0.554,False,0,0,0.0,0,0.0,OpenCV (cv2) is not installed in the current environment.
000958.mp4,C:\Users\Sarayu\Btech_Projects\RoadGuardian-AI\dataset\raw\accident\000958.mp4,0.434,False,0,0,0.0,0,0.0,OpenCV (cv2) is not installed in the current environment.
000959.mp4,C:\Users\Sarayu\Btech_Projects\RoadGuardian-AI\dataset\raw\accident\000959.mp4,0.918,False,0,0,0.0,0,0.0,OpenCV (cv2) is not installed in the current environment.
000960.mp4,C:\Users\Sarayu\Btech_Projects\RoadGuardian-AI\dataset\raw\accident\000960.mp4,0.854,False,0,0,0.0,0,0.0,OpenCV (cv2) is not installed in the current environment.
000961.mp4,C:\Users\Sarayu\Btech_Projects\RoadGuardian-AI\dataset\raw\accident\000961.mp4,0.432,False,0,0,0.0,0,0.0,OpenCV (cv2) is not installed in the current environment.
000962.mp4,C:\Users\Sarayu\Btech_Projects\RoadGuardian-AI\dataset\raw\accident\000962.mp4,0.898,False,0,0,0.0,0,0.0,OpenCV (cv2) is not installed in the current environment.
000963.mp4,C:\Users\Sarayu\Btech_Projects\RoadGuardian-AI\dataset\raw\accident\000963.mp4,0.77,False,0,0,0.0,0,0.0,OpenCV (cv2) is not installed in the current environment.
000964.mp4,C:\Users\Sarayu\Btech_Projects\RoadGuardian-AI\dataset\raw\accident\000964.mp4,0.568,False,0,0,0.0,0,0.0,OpenCV (cv2) is not installed in the current environment.
000965.mp4,C:\Users\Sarayu\Btech_Projects\RoadGuardian-AI\dataset\raw\accident\000965.mp4,0.658,False,0,0,0.0,0,0.0,OpenCV (cv2) is not installed in the current environment.
000966.mp4,C:\Users\Sarayu\Btech_Projects\RoadGuardian-AI\dataset\raw\accident\000966.mp4,0.502,False,0,0,0.0,0,0.0,OpenCV (cv2) is not installed in the current environment.
000967.mp4,C:\Users\Sarayu\Btech_Projects\RoadGuardian-AI\dataset\raw\accident\000967.mp4,0.878,False,0,0,0.0,0,0.0,OpenCV (cv2) is not installed in the current environment.
000968.mp4,C:\Users\Sarayu\Btech_Projects\RoadGuardian-AI\dataset\raw\accident\000968.mp4,0.695,False,0,0,0.0,0,0.0,OpenCV (cv2) is not installed in the current environment.
000969.mp4,C:\Users\Sarayu\Btech_Projects\RoadGuardian-AI\dataset\raw\accident\000969.mp4,0.721,False,0,0,0.0,0,0.0,OpenCV (cv2) is not installed in the current environment.
000970.mp4,C:\Users\Sarayu\Btech_Projects\RoadGuardian-AI\dataset\raw\accident\000970.mp4,0.756,False,0,0,0.0,0,0.0,OpenCV (cv2) is not installed in the current environment.
000971.mp4,C:\Users\Sarayu\Btech_Projects\RoadGuardian-AI\dataset\raw\accident\000971.mp4,0.818,False,0,0,0.0,0,0.0,OpenCV (cv2) is not installed in the current environment.
000972.mp4,C:\Users\Sarayu\Btech_Projects\RoadGuardian-AI\dataset\raw\accident\000972.mp4,0.731,False,0,0,0.0,0,0.0,OpenCV (cv2) is not installed in the current environment.
000973.mp4,C:\Users\Sarayu\Btech_Projects\RoadGuardian-AI\dataset\raw\accident\000973.mp4,0.746,False,0,0,0.0,0,0.0,OpenCV (cv2) is not installed in the current environment.
000974.mp4,C:\Users\Sarayu\Btech_Projects\RoadGuardian-AI\dataset\raw\accident\000974.mp4,0.553,False,0,0,0.0,0,0.0,OpenCV (cv2) is not installed in the current environment.
000975.mp4,C:\Users\Sarayu\Btech_Projects\RoadGuardian-AI\dataset\raw\accident\000975.mp4,0.581,False,0,0,0.0,0,0.0,OpenCV (cv2) is not installed in the current environment.
000976.mp4,C:\Users\Sarayu\Btech_Projects\RoadGuardian-AI\dataset\raw\accident\000976.mp4,0.739,False,0,0,0.0,0,0.0,OpenCV (cv2) is not installed in the current environment.
000977.mp4,C:\Users\Sarayu\Btech_Projects\RoadGuardian-AI\dataset\raw\accident\000977.mp4,1.095,False,0,0,0.0,0,0.0,OpenCV (cv2) is not installed in the current environment.
000978.mp4,C:\Users\Sarayu\Btech_Projects\RoadGuardian-AI\dataset\raw\accident\000978.mp4,0.453,False,0,0,0.0,0,0.0,OpenCV (cv2) is not installed in the current environment.
000979.mp4,C:\Users\Sarayu\Btech_Projects\RoadGuardian-AI\dataset\raw\accident\000979.mp4,1.024,False,0,0,0.0,0,0.0,OpenCV (cv2) is not installed in the current environment.
000980.mp4,C:\Users\Sarayu\Btech_Projects\RoadGuardian-AI\dataset\raw\accident\000980.mp4,0.667,False,0,0,0.0,0,0.0,OpenCV (cv2) is not installed in the current environment.
000981.mp4,C:\Users\Sarayu\Btech_Projects\RoadGuardian-AI\dataset\raw\accident\000981.mp4,0.54,False,0,0,0.0,0,0.0,OpenCV (cv2) is not installed in the current environment.
000982.mp4,C:\Users\Sarayu\Btech_Projects\RoadGuardian-AI\dataset\raw\accident\000982.mp4,0.612,False,0,0,0.0,0,0.0,OpenCV (cv2) is not installed in the current environment.
000983.mp4,C:\Users\Sarayu\Btech_Projects\RoadGuardian-AI\dataset\raw\accident\000983.mp4,0.396,False,0,0,0.0,0,0.0,OpenCV (cv2) is not installed in the current environment.
000984.mp4,C:\Users\Sarayu\Btech_Projects\RoadGuardian-AI\dataset\raw\accident\000984.mp4,0.877,False,0,0,0.0,0,0.0,OpenCV (cv2) is not installed in the current environment.
000985.mp4,C:\Users\Sarayu\Btech_Projects\RoadGuardian-AI\dataset\raw\accident\000985.mp4,0.454,False,0,0,0.0,0,0.0,OpenCV (cv2) is not installed in the current environment.
000986.mp4,C:\Users\Sarayu\Btech_Projects\RoadGuardian-AI\dataset\raw\accident\000986.mp4,0.496,False,0,0,0.0,0,0.0,OpenCV (cv2) is not installed in the current environment.
000987.mp4,C:\Users\Sarayu\Btech_Projects\RoadGuardian-AI\dataset\raw\accident\000987.mp4,0.885,False,0,0,0.0,0,0.0,OpenCV (cv2) is not installed in the current environment.
000988.mp4,C:\Users\Sarayu\Btech_Projects\RoadGuardian-AI\dataset\raw\accident\000988.mp4,0.535,False,0,0,0.0,0,0.0,OpenCV (cv2) is not installed in the current environment.
000989.mp4,C:\Users\Sarayu\Btech_Projects\RoadGuardian-AI\dataset\raw\accident\000989.mp4,0.265,False,0,0,0.0,0,0.0,OpenCV (cv2) is not installed in the current environment.
000990.mp4,C:\Users\Sarayu\Btech_Projects\RoadGuardian-AI\dataset\raw\accident\000990.mp4,0.352,False,0,0,0.0,0,0.0,OpenCV (cv2) is not installed in the current environment.
000991.mp4,C:\Users\Sarayu\Btech_Projects\RoadGuardian-AI\dataset\raw\accident\000991.mp4,0.404,False,0,0,0.0,0,0.0,OpenCV (cv2) is not installed in the current environment.
000992.mp4,C:\Users\Sarayu\Btech_Projects\RoadGuardian-AI\dataset\raw\accident\000992.mp4,0.684,False,0,0,0.0,0,0.0,OpenCV (cv2) is not installed in the current environment.
000993.mp4,C:\Users\Sarayu\Btech_Projects\RoadGuardian-AI\dataset\raw\accident\000993.mp4,1.013,False,0,0,0.0,0,0.0,OpenCV (cv2) is not installed in the current environment.
000994.mp4,C:\Users\Sarayu\Btech_Projects\RoadGuardian-AI\dataset\raw\accident\000994.mp4,0.723,False,0,0,0.0,0,0.0,OpenCV (cv2) is not installed in the current environment.
000995.mp4,C:\Users\Sarayu\Btech_Projects\RoadGuardian-AI\dataset\raw\accident\000995.mp4,0.923,False,0,0,0.0,0,0.0,OpenCV (cv2) is not installed in the current environment.
000996.mp4,C:\Users\Sarayu\Btech_Projects\RoadGuardian-AI\dataset\raw\accident\000996.mp4,0.589,False,0,0,0.0,0,0.0,OpenCV (cv2) is not installed in the current environment.
000997.mp4,C:\Users\Sarayu\Btech_Projects\RoadGuardian-AI\dataset\raw\accident\000997.mp4,0.409,False,0,0,0.0,0,0.0,OpenCV (cv2) is not installed in the current environment.
000998.mp4,C:\Users\Sarayu\Btech_Projects\RoadGuardian-AI\dataset\raw\accident\000998.mp4,0.596,False,0,0,0.0,0,0.0,OpenCV (cv2) is not installed in the current environment.
000999.mp4,C:\Users\Sarayu\Btech_Projects\RoadGuardian-AI\dataset\raw\accident\000999.mp4,0.86,False,0,0,0.0,0,0.0,OpenCV (cv2) is not installed in the current environment.
001000.mp4,C:\Users\Sarayu\Btech_Projects\RoadGuardian-AI\dataset\raw\accident\001000.mp4,0.431,False,0,0,0.0,0,0.0,OpenCV (cv2) is not installed in the current environment.
001001.mp4,C:\Users\Sarayu\Btech_Projects\RoadGuardian-AI\dataset\raw\accident\001001.mp4,0.619,False,0,0,0.0,0,0.0,OpenCV (cv2) is not installed in the current environment.
001002.mp4,C:\Users\Sarayu\Btech_Projects\RoadGuardian-AI\dataset\raw\accident\001002.mp4,0.809,False,0,0,0.0,0,0.0,OpenCV (cv2) is not installed in the current environment.
001003.mp4,C:\Users\Sarayu\Btech_Projects\RoadGuardian-AI\dataset\raw\accident\001003.mp4,0.946,False,0,0,0.0,0,0.0,OpenCV (cv2) is not installed in the current environment.
001004.mp4,C:\Users\Sarayu\Btech_Projects\RoadGuardian-AI\dataset\raw\accident\001004.mp4,0.721,False,0,0,0.0,0,0.0,OpenCV (cv2) is not installed in the current environment.
001005.mp4,C:\Users\Sarayu\Btech_Projects\RoadGuardian-AI\dataset\raw\accident\001005.mp4,0.55,False,0,0,0.0,0,0.0,OpenCV (cv2) is not installed in the current environment.
001006.mp4,C:\Users\Sarayu\Btech_Projects\RoadGuardian-AI\dataset\raw\accident\001006.mp4,0.517,False,0,0,0.0,0,0.0,OpenCV (cv2) is not installed in the current environment.
001007.mp4,C:\Users\Sarayu\Btech_Projects\RoadGuardian-AI\dataset\raw\accident\001007.mp4,0.875,False,0,0,0.0,0,0.0,OpenCV (cv2) is not installed in the current environment.
001008.mp4,C:\Users\Sarayu\Btech_Projects\RoadGuardian-AI\dataset\raw\accident\001008.mp4,0.65,False,0,0,0.0,0,0.0,OpenCV (cv2) is not installed in the current environment.
001009.mp4,C:\Users\Sarayu\Btech_Projects\RoadGuardian-AI\dataset\raw\accident\001009.mp4,0.597,False,0,0,0.0,0,0.0,OpenCV (cv2) is not installed in the current environment.
001010.mp4,C:\Users\Sarayu\Btech_Projects\RoadGuardian-AI\dataset\raw\accident\001010.mp4,0.357,False,0,0,0.0,0,0.0,OpenCV (cv2) is not installed in the current environment.
001011.mp4,C:\Users\Sarayu\Btech_Projects\RoadGuardian-AI\dataset\raw\accident\001011.mp4,0.664,False,0,0,0.0,0,0.0,OpenCV (cv2) is not installed in the current environment.
001012.mp4,C:\Users\Sarayu\Btech_Projects\RoadGuardian-AI\dataset\raw\accident\001012.mp4,0.431,False,0,0,0.0,0,0.0,OpenCV (cv2) is not installed in the current environment.
001013.mp4,C:\Users\Sarayu\Btech_Projects\RoadGuardian-AI\dataset\raw\accident\001013.mp4,0.407,False,0,0,0.0,0,0.0,OpenCV (cv2) is not installed in the current environment.
001014.mp4,C:\Users\Sarayu\Btech_Projects\RoadGuardian-AI\dataset\raw\accident\001014.mp4,0.569,False,0,0,0.0,0,0.0,OpenCV (cv2) is not installed in the current environment.
001015.mp4,C:\Users\Sarayu\Btech_Projects\RoadGuardian-AI\dataset\raw\accident\001015.mp4,0.556,False,0,0,0.0,0,0.0,OpenCV (cv2) is not installed in the current environment.
001016.mp4,C:\Users\Sarayu\Btech_Projects\RoadGuardian-AI\dataset\raw\accident\001016.mp4,0.718,False,0,0,0.0,0,0.0,OpenCV (cv2) is not installed in the current environment.
001017.mp4,C:\Users\Sarayu\Btech_Projects\RoadGuardian-AI\dataset\raw\accident\001017.mp4,0.326,False,0,0,0.0,0,0.0,OpenCV (cv2) is not installed in the current environment.
001018.mp4,C:\Users\Sarayu\Btech_Projects\RoadGuardian-AI\dataset\raw\accident\001018.mp4,0.367,False,0,0,0.0,0,0.0,OpenCV (cv2) is not installed in the current environment.
001019.mp4,C:\Users\Sarayu\Btech_Projects\RoadGuardian-AI\dataset\raw\accident\001019.mp4,0.579,False,0,0,0.0,0,0.0,OpenCV (cv2) is not installed in the current environment.
001020.mp4,C:\Users\Sarayu\Btech_Projects\RoadGuardian-AI\dataset\raw\accident\001020.mp4,0.718,False,0,0,0.0,0,0.0,OpenCV (cv2) is not installed in the current environment.
001021.mp4,C:\Users\Sarayu\Btech_Projects\RoadGuardian-AI\dataset\raw\accident\001021.mp4,0.398,False,0,0,0.0,0,0.0,OpenCV (cv2) is not installed in the current environment.
001022.mp4,C:\Users\Sarayu\Btech_Projects\RoadGuardian-AI\dataset\raw\accident\001022.mp4,0.707,False,0,0,0.0,0,0.0,OpenCV (cv2) is not installed in the current environment.
001023.mp4,C:\Users\Sarayu\Btech_Projects\RoadGuardian-AI\dataset\raw\accident\001023.mp4,0.817,False,0,0,0.0,0,0.0,OpenCV (cv2) is not installed in the current environment.
001024.mp4,C:\Users\Sarayu\Btech_Projects\RoadGuardian-AI\dataset\raw\accident\001024.mp4,0.488,False,0,0,0.0,0,0.0,OpenCV (cv2) is not installed in the current environment.
001025.mp4,C:\Users\Sarayu\Btech_Projects\RoadGuardian-AI\dataset\raw\accident\001025.mp4,0.412,False,0,0,0.0,0,0.0,OpenCV (cv2) is not installed in the current environment.
001026.mp4,C:\Users\Sarayu\Btech_Projects\RoadGuardian-AI\dataset\raw\accident\001026.mp4,0.307,False,0,0,0.0,0,0.0,OpenCV (cv2) is not installed in the current environment.
001027.mp4,C:\Users\Sarayu\Btech_Projects\RoadGuardian-AI\dataset\raw\accident\001027.mp4,0.566,False,0,0,0.0,0,0.0,OpenCV (cv2) is not installed in the current environment.
001028.mp4,C:\Users\Sarayu\Btech_Projects\RoadGuardian-AI\dataset\raw\accident\001028.mp4,0.433,False,0,0,0.0,0,0.0,OpenCV (cv2) is not installed in the current environment.
001029.mp4,C:\Users\Sarayu\Btech_Projects\RoadGuardian-AI\dataset\raw\accident\001029.mp4,0.527,False,0,0,0.0,0,0.0,OpenCV (cv2) is not installed in the current environment.
001030.mp4,C:\Users\Sarayu\Btech_Projects\RoadGuardian-AI\dataset\raw\accident\001030.mp4,0.812,False,0,0,0.0,0,0.0,OpenCV (cv2) is not installed in the current environment.
001031.mp4,C:\Users\Sarayu\Btech_Projects\RoadGuardian-AI\dataset\raw\accident\001031.mp4,0.323,False,0,0,0.0,0,0.0,OpenCV (cv2) is not installed in the current environment.
001032.mp4,C:\Users\Sarayu\Btech_Projects\RoadGuardian-AI\dataset\raw\accident\001032.mp4,1.099,False,0,0,0.0,0,0.0,OpenCV (cv2) is not installed in the current environment.
001033.mp4,C:\Users\Sarayu\Btech_Projects\RoadGuardian-AI\dataset\raw\accident\001033.mp4,0.409,False,0,0,0.0,0,0.0,OpenCV (cv2) is not installed in the current environment.
001034.mp4,C:\Users\Sarayu\Btech_Projects\RoadGuardian-AI\dataset\raw\accident\001034.mp4,0.623,False,0,0,0.0,0,0.0,OpenCV (cv2) is not installed in the current environment.
001035.mp4,C:\Users\Sarayu\Btech_Projects\RoadGuardian-AI\dataset\raw\accident\001035.mp4,0.643,False,0,0,0.0,0,0.0,OpenCV (cv2) is not installed in the current environment.
001036.mp4,C:\Users\Sarayu\Btech_Projects\RoadGuardian-AI\dataset\raw\accident\001036.mp4,0.808,False,0,0,0.0,0,0.0,OpenCV (cv2) is not installed in the current environment.
001037.mp4,C:\Users\Sarayu\Btech_Projects\RoadGuardian-AI\dataset\raw\accident\001037.mp4,0.464,False,0,0,0.0,0,0.0,OpenCV (cv2) is not installed in the current environment.
001038.mp4,C:\Users\Sarayu\Btech_Projects\RoadGuardian-AI\dataset\raw\accident\001038.mp4,0.599,False,0,0,0.0,0,0.0,OpenCV (cv2) is not installed in the current environment.
001039.mp4,C:\Users\Sarayu\Btech_Projects\RoadGuardian-AI\dataset\raw\accident\001039.mp4,0.497,False,0,0,0.0,0,0.0,OpenCV (cv2) is not installed in the current environment.
001040.mp4,C:\Users\Sarayu\Btech_Projects\RoadGuardian-AI\dataset\raw\accident\001040.mp4,0.697,False,0,0,0.0,0,0.0,OpenCV (cv2) is not installed in the current environment.
001041.mp4,C:\Users\Sarayu\Btech_Projects\RoadGuardian-AI\dataset\raw\accident\001041.mp4,0.93,False,0,0,0.0,0,0.0,OpenCV (cv2) is not installed in the current environment.
001042.mp4,C:\Users\Sarayu\Btech_Projects\RoadGuardian-AI\dataset\raw\accident\001042.mp4,0.512,False,0,0,0.0,0,0.0,OpenCV (cv2) is not installed in the current environment.
001043.mp4,C:\Users\Sarayu\Btech_Projects\RoadGuardian-AI\dataset\raw\accident\001043.mp4,0.666,False,0,0,0.0,0,0.0,OpenCV (cv2) is not installed in the current environment.
001044.mp4,C:\Users\Sarayu\Btech_Projects\RoadGuardian-AI\dataset\raw\accident\001044.mp4,0.474,False,0,0,0.0,0,0.0,OpenCV (cv2) is not installed in the current environment.
001045.mp4,C:\Users\Sarayu\Btech_Projects\RoadGuardian-AI\dataset\raw\accident\001045.mp4,0.829,False,0,0,0.0,0,0.0,OpenCV (cv2) is not installed in the current environment.
001046.mp4,C:\Users\Sarayu\Btech_Projects\RoadGuardian-AI\dataset\raw\accident\001046.mp4,1.325,False,0,0,0.0,0,0.0,OpenCV (cv2) is not installed in the current environment.
001047.mp4,C:\Users\Sarayu\Btech_Projects\RoadGuardian-AI\dataset\raw\accident\001047.mp4,0.496,False,0,0,0.0,0,0.0,OpenCV (cv2) is not installed in the current environment.
001048.mp4,C:\Users\Sarayu\Btech_Projects\RoadGuardian-AI\dataset\raw\accident\001048.mp4,0.602,False,0,0,0.0,0,0.0,OpenCV (cv2) is not installed in the current environment.
001049.mp4,C:\Users\Sarayu\Btech_Projects\RoadGuardian-AI\dataset\raw\accident\001049.mp4,0.475,False,0,0,0.0,0,0.0,OpenCV (cv2) is not installed in the current environment.
001050.mp4,C:\Users\Sarayu\Btech_Projects\RoadGuardian-AI\dataset\raw\accident\001050.mp4,0.617,False,0,0,0.0,0,0.0,OpenCV (cv2) is not installed in the current environment.
001051.mp4,C:\Users\Sarayu\Btech_Projects\RoadGuardian-AI\dataset\raw\accident\001051.mp4,0.354,False,0,0,0.0,0,0.0,OpenCV (cv2) is not installed in the current environment.
001052.mp4,C:\Users\Sarayu\Btech_Projects\RoadGuardian-AI\dataset\raw\accident\001052.mp4,0.404,False,0,0,0.0,0,0.0,OpenCV (cv2) is not installed in the current environment.
001053.mp4,C:\Users\Sarayu\Btech_Projects\RoadGuardian-AI\dataset\raw\accident\001053.mp4,0.53,False,0,0,0.0,0,0.0,OpenCV (cv2) is not installed in the current environment.
001054.mp4,C:\Users\Sarayu\Btech_Projects\RoadGuardian-AI\dataset\raw\accident\001054.mp4,0.499,False,0,0,0.0,0,0.0,OpenCV (cv2) is not installed in the current environment.
001055.mp4,C:\Users\Sarayu\Btech_Projects\RoadGuardian-AI\dataset\raw\accident\001055.mp4,0.513,False,0,0,0.0,0,0.0,OpenCV (cv2) is not installed in the current environment.
001056.mp4,C:\Users\Sarayu\Btech_Projects\RoadGuardian-AI\dataset\raw\accident\001056.mp4,0.512,False,0,0,0.0,0,0.0,OpenCV (cv2) is not installed in the current environment.
001057.mp4,C:\Users\Sarayu\Btech_Projects\RoadGuardian-AI\dataset\raw\accident\001057.mp4,0.762,False,0,0,0.0,0,0.0,OpenCV (cv2) is not installed in the current environment.
001058.mp4,C:\Users\Sarayu\Btech_Projects\RoadGuardian-AI\dataset\raw\accident\001058.mp4,0.628,False,0,0,0.0,0,0.0,OpenCV (cv2) is not installed in the current environment.
001059.mp4,C:\Users\Sarayu\Btech_Projects\RoadGuardian-AI\dataset\raw\accident\001059.mp4,0.809,False,0,0,0.0,0,0.0,OpenCV (cv2) is not installed in the current environment.
001060.mp4,C:\Users\Sarayu\Btech_Projects\RoadGuardian-AI\dataset\raw\accident\001060.mp4,0.367,False,0,0,0.0,0,0.0,OpenCV (cv2) is not installed in the current environment.
001061.mp4,C:\Users\Sarayu\Btech_Projects\RoadGuardian-AI\dataset\raw\accident\001061.mp4,0.931,False,0,0,0.0,0,0.0,OpenCV (cv2) is not installed in the current environment.
001062.mp4,C:\Users\Sarayu\Btech_Projects\RoadGuardian-AI\dataset\raw\accident\001062.mp4,0.672,False,0,0,0.0,0,0.0,OpenCV (cv2) is not installed in the current environment.
001063.mp4,C:\Users\Sarayu\Btech_Projects\RoadGuardian-AI\dataset\raw\accident\001063.mp4,0.556,False,0,0,0.0,0,0.0,OpenCV (cv2) is not installed in the current environment.
001064.mp4,C:\Users\Sarayu\Btech_Projects\RoadGuardian-AI\dataset\raw\accident\001064.mp4,0.472,False,0,0,0.0,0,0.0,OpenCV (cv2) is not installed in the current environment.
001065.mp4,C:\Users\Sarayu\Btech_Projects\RoadGuardian-AI\dataset\raw\accident\001065.mp4,0.692,False,0,0,0.0,0,0.0,OpenCV (cv2) is not installed in the current environment.
001066.mp4,C:\Users\Sarayu\Btech_Projects\RoadGuardian-AI\dataset\raw\accident\001066.mp4,0.47,False,0,0,0.0,0,0.0,OpenCV (cv2) is not installed in the current environment.
001067.mp4,C:\Users\Sarayu\Btech_Projects\RoadGuardian-AI\dataset\raw\accident\001067.mp4,1.033,False,0,0,0.0,0,0.0,OpenCV (cv2) is not installed in the current environment.
001068.mp4,C:\Users\Sarayu\Btech_Projects\RoadGuardian-AI\dataset\raw\accident\001068.mp4,0.47,False,0,0,0.0,0,0.0,OpenCV (cv2) is not installed in the current environment.
001069.mp4,C:\Users\Sarayu\Btech_Projects\RoadGuardian-AI\dataset\raw\accident\001069.mp4,0.622,False,0,0,0.0,0,0.0,OpenCV (cv2) is not installed in the current environment.
001070.mp4,C:\Users\Sarayu\Btech_Projects\RoadGuardian-AI\dataset\raw\accident\001070.mp4,0.485,False,0,0,0.0,0,0.0,OpenCV (cv2) is not installed in the current environment.
001071.mp4,C:\Users\Sarayu\Btech_Projects\RoadGuardian-AI\dataset\raw\accident\001071.mp4,0.889,False,0,0,0.0,0,0.0,OpenCV (cv2) is not installed in the current environment.
001072.mp4,C:\Users\Sarayu\Btech_Projects\RoadGuardian-AI\dataset\raw\accident\001072.mp4,1.005,False,0,0,0.0,0,0.0,OpenCV (cv2) is not installed in the current environment.
001073.mp4,C:\Users\Sarayu\Btech_Projects\RoadGuardian-AI\dataset\raw\accident\001073.mp4,0.706,False,0,0,0.0,0,0.0,OpenCV (cv2) is not installed in the current environment.
001074.mp4,C:\Users\Sarayu\Btech_Projects\RoadGuardian-AI\dataset\raw\accident\001074.mp4,0.377,False,0,0,0.0,0,0.0,OpenCV (cv2) is not installed in the current environment.
001075.mp4,C:\Users\Sarayu\Btech_Projects\RoadGuardian-AI\dataset\raw\accident\001075.mp4,1.003,False,0,0,0.0,0,0.0,OpenCV (cv2) is not installed in the current environment.
001076.mp4,C:\Users\Sarayu\Btech_Projects\RoadGuardian-AI\dataset\raw\accident\001076.mp4,0.883,False,0,0,0.0,0,0.0,OpenCV (cv2) is not installed in the current environment.
001077.mp4,C:\Users\Sarayu\Btech_Projects\RoadGuardian-AI\dataset\raw\accident\001077.mp4,0.584,False,0,0,0.0,0,0.0,OpenCV (cv2) is not installed in the current environment.
001078.mp4,C:\Users\Sarayu\Btech_Projects\RoadGuardian-AI\dataset\raw\accident\001078.mp4,0.537,False,0,0,0.0,0,0.0,OpenCV (cv2) is not installed in the current environment.
001079.mp4,C:\Users\Sarayu\Btech_Projects\RoadGuardian-AI\dataset\raw\accident\001079.mp4,1.172,False,0,0,0.0,0,0.0,OpenCV (cv2) is not installed in the current environment.
001080.mp4,C:\Users\Sarayu\Btech_Projects\RoadGuardian-AI\dataset\raw\accident\001080.mp4,0.43,False,0,0,0.0,0,0.0,OpenCV (cv2) is not installed in the current environment.
001081.mp4,C:\Users\Sarayu\Btech_Projects\RoadGuardian-AI\dataset\raw\accident\001081.mp4,0.687,False,0,0,0.0,0,0.0,OpenCV (cv2) is not installed in the current environment.
001082.mp4,C:\Users\Sarayu\Btech_Projects\RoadGuardian-AI\dataset\raw\accident\001082.mp4,0.479,False,0,0,0.0,0,0.0,OpenCV (cv2) is not installed in the current environment.
001083.mp4,C:\Users\Sarayu\Btech_Projects\RoadGuardian-AI\dataset\raw\accident\001083.mp4,0.679,False,0,0,0.0,0,0.0,OpenCV (cv2) is not installed in the current environment.
001084.mp4,C:\Users\Sarayu\Btech_Projects\RoadGuardian-AI\dataset\raw\accident\001084.mp4,0.376,False,0,0,0.0,0,0.0,OpenCV (cv2) is not installed in the current environment.
001085.mp4,C:\Users\Sarayu\Btech_Projects\RoadGuardian-AI\dataset\raw\accident\001085.mp4,0.394,False,0,0,0.0,0,0.0,OpenCV (cv2) is not installed in the current environment.
001086.mp4,C:\Users\Sarayu\Btech_Projects\RoadGuardian-AI\dataset\raw\accident\001086.mp4,0.822,False,0,0,0.0,0,0.0,OpenCV (cv2) is not installed in the current environment.
001087.mp4,C:\Users\Sarayu\Btech_Projects\RoadGuardian-AI\dataset\raw\accident\001087.mp4,0.841,False,0,0,0.0,0,0.0,OpenCV (cv2) is not installed in the current environment.
001088.mp4,C:\Users\Sarayu\Btech_Projects\RoadGuardian-AI\dataset\raw\accident\001088.mp4,0.386,False,0,0,0.0,0,0.0,OpenCV (cv2) is not installed in the current environment.
001089.mp4,C:\Users\Sarayu\Btech_Projects\RoadGuardian-AI\dataset\raw\accident\001089.mp4,0.501,False,0,0,0.0,0,0.0,OpenCV (cv2) is not installed in the current environment.
001090.mp4,C:\Users\Sarayu\Btech_Projects\RoadGuardian-AI\dataset\raw\accident\001090.mp4,0.586,False,0,0,0.0,0,0.0,OpenCV (cv2) is not installed in the current environment.
001091.mp4,C:\Users\Sarayu\Btech_Projects\RoadGuardian-AI\dataset\raw\accident\001091.mp4,0.543,False,0,0,0.0,0,0.0,OpenCV (cv2) is not installed in the current environment.
001092.mp4,C:\Users\Sarayu\Btech_Projects\RoadGuardian-AI\dataset\raw\accident\001092.mp4,1.003,False,0,0,0.0,0,0.0,OpenCV (cv2) is not installed in the current environment.
001093.mp4,C:\Users\Sarayu\Btech_Projects\RoadGuardian-AI\dataset\raw\accident\001093.mp4,0.742,False,0,0,0.0,0,0.0,OpenCV (cv2) is not installed in the current environment.
001094.mp4,C:\Users\Sarayu\Btech_Projects\RoadGuardian-AI\dataset\raw\accident\001094.mp4,0.449,False,0,0,0.0,0,0.0,OpenCV (cv2) is not installed in the current environment.
001095.mp4,C:\Users\Sarayu\Btech_Projects\RoadGuardian-AI\dataset\raw\accident\001095.mp4,0.441,False,0,0,0.0,0,0.0,OpenCV (cv2) is not installed in the current environment.
001096.mp4,C:\Users\Sarayu\Btech_Projects\RoadGuardian-AI\dataset\raw\accident\001096.mp4,0.644,False,0,0,0.0,0,0.0,OpenCV (cv2) is not installed in the current environment.
001097.mp4,C:\Users\Sarayu\Btech_Projects\RoadGuardian-AI\dataset\raw\accident\001097.mp4,0.562,False,0,0,0.0,0,0.0,OpenCV (cv2) is not installed in the current environment.
001098.mp4,C:\Users\Sarayu\Btech_Projects\RoadGuardian-AI\dataset\raw\accident\001098.mp4,0.812,False,0,0,0.0,0,0.0,OpenCV (cv2) is not installed in the current environment.
001099.mp4,C:\Users\Sarayu\Btech_Projects\RoadGuardian-AI\dataset\raw\accident\001099.mp4,0.673,False,0,0,0.0,0,0.0,OpenCV (cv2) is not installed in the current environment.
001100.mp4,C:\Users\Sarayu\Btech_Projects\RoadGuardian-AI\dataset\raw\accident\001100.mp4,0.318,False,0,0,0.0,0,0.0,OpenCV (cv2) is not installed in the current environment.
001101.mp4,C:\Users\Sarayu\Btech_Projects\RoadGuardian-AI\dataset\raw\accident\001101.mp4,0.402,False,0,0,0.0,0,0.0,OpenCV (cv2) is not installed in the current environment.
001102.mp4,C:\Users\Sarayu\Btech_Projects\RoadGuardian-AI\dataset\raw\accident\001102.mp4,0.332,False,0,0,0.0,0,0.0,OpenCV (cv2) is not installed in the current environment.
001103.mp4,C:\Users\Sarayu\Btech_Projects\RoadGuardian-AI\dataset\raw\accident\001103.mp4,0.732,False,0,0,0.0,0,0.0,OpenCV (cv2) is not installed in the current environment.
001104.mp4,C:\Users\Sarayu\Btech_Projects\RoadGuardian-AI\dataset\raw\accident\001104.mp4,0.785,False,0,0,0.0,0,0.0,OpenCV (cv2) is not installed in the current environment.
001105.mp4,C:\Users\Sarayu\Btech_Projects\RoadGuardian-AI\dataset\raw\accident\001105.mp4,0.895,False,0,0,0.0,0,0.0,OpenCV (cv2) is not installed in the current environment.
001106.mp4,C:\Users\Sarayu\Btech_Projects\RoadGuardian-AI\dataset\raw\accident\001106.mp4,0.457,False,0,0,0.0,0,0.0,OpenCV (cv2) is not installed in the current environment.
001107.mp4,C:\Users\Sarayu\Btech_Projects\RoadGuardian-AI\dataset\raw\accident\001107.mp4,0.428,False,0,0,0.0,0,0.0,OpenCV (cv2) is not installed in the current environment.
001108.mp4,C:\Users\Sarayu\Btech_Projects\RoadGuardian-AI\dataset\raw\accident\001108.mp4,0.483,False,0,0,0.0,0,0.0,OpenCV (cv2) is not installed in the current environment.
001109.mp4,C:\Users\Sarayu\Btech_Projects\RoadGuardian-AI\dataset\raw\accident\001109.mp4,0.503,False,0,0,0.0,0,0.0,OpenCV (cv2) is not installed in the current environment.
001110.mp4,C:\Users\Sarayu\Btech_Projects\RoadGuardian-AI\dataset\raw\accident\001110.mp4,0.4,False,0,0,0.0,0,0.0,OpenCV (cv2) is not installed in the current environment.
001111.mp4,C:\Users\Sarayu\Btech_Projects\RoadGuardian-AI\dataset\raw\accident\001111.mp4,0.644,False,0,0,0.0,0,0.0,OpenCV (cv2) is not installed in the current environment.
001112.mp4,C:\Users\Sarayu\Btech_Projects\RoadGuardian-AI\dataset\raw\accident\001112.mp4,0.48,False,0,0,0.0,0,0.0,OpenCV (cv2) is not installed in the current environment.
001113.mp4,C:\Users\Sarayu\Btech_Projects\RoadGuardian-AI\dataset\raw\accident\001113.mp4,0.487,False,0,0,0.0,0,0.0,OpenCV (cv2) is not installed in the current environment.
001114.mp4,C:\Users\Sarayu\Btech_Projects\RoadGuardian-AI\dataset\raw\accident\001114.mp4,0.421,False,0,0,0.0,0,0.0,OpenCV (cv2) is not installed in the current environment.
001115.mp4,C:\Users\Sarayu\Btech_Projects\RoadGuardian-AI\dataset\raw\accident\001115.mp4,0.615,False,0,0,0.0,0,0.0,OpenCV (cv2) is not installed in the current environment.
001116.mp4,C:\Users\Sarayu\Btech_Projects\RoadGuardian-AI\dataset\raw\accident\001116.mp4,0.421,False,0,0,0.0,0,0.0,OpenCV (cv2) is not installed in the current environment.
001117.mp4,C:\Users\Sarayu\Btech_Projects\RoadGuardian-AI\dataset\raw\accident\001117.mp4,0.314,False,0,0,0.0,0,0.0,OpenCV (cv2) is not installed in the current environment.
001118.mp4,C:\Users\Sarayu\Btech_Projects\RoadGuardian-AI\dataset\raw\accident\001118.mp4,0.603,False,0,0,0.0,0,0.0,OpenCV (cv2) is not installed in the current environment.
001119.mp4,C:\Users\Sarayu\Btech_Projects\RoadGuardian-AI\dataset\raw\accident\001119.mp4,0.516,False,0,0,0.0,0,0.0,OpenCV (cv2) is not installed in the current environment.
001120.mp4,C:\Users\Sarayu\Btech_Projects\RoadGuardian-AI\dataset\raw\accident\001120.mp4,0.788,False,0,0,0.0,0,0.0,OpenCV (cv2) is not installed in the current environment.
001121.mp4,C:\Users\Sarayu\Btech_Projects\RoadGuardian-AI\dataset\raw\accident\001121.mp4,0.52,False,0,0,0.0,0,0.0,OpenCV (cv2) is not installed in the current environment.
001122.mp4,C:\Users\Sarayu\Btech_Projects\RoadGuardian-AI\dataset\raw\accident\001122.mp4,0.34,False,0,0,0.0,0,0.0,OpenCV (cv2) is not installed in the current environment.
001123.mp4,C:\Users\Sarayu\Btech_Projects\RoadGuardian-AI\dataset\raw\accident\001123.mp4,0.449,False,0,0,0.0,0,0.0,OpenCV (cv2) is not installed in the current environment.
001124.mp4,C:\Users\Sarayu\Btech_Projects\RoadGuardian-AI\dataset\raw\accident\001124.mp4,0.499,False,0,0,0.0,0,0.0,OpenCV (cv2) is not installed in the current environment.
001125.mp4,C:\Users\Sarayu\Btech_Projects\RoadGuardian-AI\dataset\raw\accident\001125.mp4,0.451,False,0,0,0.0,0,0.0,OpenCV (cv2) is not installed in the current environment.
001126.mp4,C:\Users\Sarayu\Btech_Projects\RoadGuardian-AI\dataset\raw\accident\001126.mp4,0.616,False,0,0,0.0,0,0.0,OpenCV (cv2) is not installed in the current environment.
001127.mp4,C:\Users\Sarayu\Btech_Projects\RoadGuardian-AI\dataset\raw\accident\001127.mp4,0.405,False,0,0,0.0,0,0.0,OpenCV (cv2) is not installed in the current environment.
001128.mp4,C:\Users\Sarayu\Btech_Projects\RoadGuardian-AI\dataset\raw\accident\001128.mp4,0.517,False,0,0,0.0,0,0.0,OpenCV (cv2) is not installed in the current environment.
001129.mp4,C:\Users\Sarayu\Btech_Projects\RoadGuardian-AI\dataset\raw\accident\001129.mp4,0.507,False,0,0,0.0,0,0.0,OpenCV (cv2) is not installed in the current environment.
001130.mp4,C:\Users\Sarayu\Btech_Projects\RoadGuardian-AI\dataset\raw\accident\001130.mp4,0.357,False,0,0,0.0,0,0.0,OpenCV (cv2) is not installed in the current environment.
001131.mp4,C:\Users\Sarayu\Btech_Projects\RoadGuardian-AI\dataset\raw\accident\001131.mp4,0.604,False,0,0,0.0,0,0.0,OpenCV (cv2) is not installed in the current environment.
001132.mp4,C:\Users\Sarayu\Btech_Projects\RoadGuardian-AI\dataset\raw\accident\001132.mp4,0.456,False,0,0,0.0,0,0.0,OpenCV (cv2) is not installed in the current environment.
001133.mp4,C:\Users\Sarayu\Btech_Projects\RoadGuardian-AI\dataset\raw\accident\001133.mp4,0.868,False,0,0,0.0,0,0.0,OpenCV (cv2) is not installed in the current environment.
001134.mp4,C:\Users\Sarayu\Btech_Projects\RoadGuardian-AI\dataset\raw\accident\001134.mp4,0.486,False,0,0,0.0,0,0.0,OpenCV (cv2) is not installed in the current environment.
001135.mp4,C:\Users\Sarayu\Btech_Projects\RoadGuardian-AI\dataset\raw\accident\001135.mp4,0.514,False,0,0,0.0,0,0.0,OpenCV (cv2) is not installed in the current environment.
001136.mp4,C:\Users\Sarayu\Btech_Projects\RoadGuardian-AI\dataset\raw\accident\001136.mp4,0.645,False,0,0,0.0,0,0.0,OpenCV (cv2) is not installed in the current environment.
001137.mp4,C:\Users\Sarayu\Btech_Projects\RoadGuardian-AI\dataset\raw\accident\001137.mp4,0.43,False,0,0,0.0,0,0.0,OpenCV (cv2) is not installed in the current environment.
001138.mp4,C:\Users\Sarayu\Btech_Projects\RoadGuardian-AI\dataset\raw\accident\001138.mp4,0.371,False,0,0,0.0,0,0.0,OpenCV (cv2) is not installed in the current environment.
001139.mp4,C:\Users\Sarayu\Btech_Projects\RoadGuardian-AI\dataset\raw\accident\001139.mp4,0.535,False,0,0,0.0,0,0.0,OpenCV (cv2) is not installed in the current environment.
001140.mp4,C:\Users\Sarayu\Btech_Projects\RoadGuardian-AI\dataset\raw\accident\001140.mp4,0.471,False,0,0,0.0,0,0.0,OpenCV (cv2) is not installed in the current environment.
001141.mp4,C:\Users\Sarayu\Btech_Projects\RoadGuardian-AI\dataset\raw\accident\001141.mp4,0.365,False,0,0,0.0,0,0.0,OpenCV (cv2) is not installed in the current environment.
001142.mp4,C:\Users\Sarayu\Btech_Projects\RoadGuardian-AI\dataset\raw\accident\001142.mp4,0.37,False,0,0,0.0,0,0.0,OpenCV (cv2) is not installed in the current environment.
001143.mp4,C:\Users\Sarayu\Btech_Projects\RoadGuardian-AI\dataset\raw\accident\001143.mp4,1.129,False,0,0,0.0,0,0.0,OpenCV (cv2) is not installed in the current environment.
001144.mp4,C:\Users\Sarayu\Btech_Projects\RoadGuardian-AI\dataset\raw\accident\001144.mp4,0.384,False,0,0,0.0,0,0.0,OpenCV (cv2) is not installed in the current environment.
001145.mp4,C:\Users\Sarayu\Btech_Projects\RoadGuardian-AI\dataset\raw\accident\001145.mp4,0.333,False,0,0,0.0,0,0.0,OpenCV (cv2) is not installed in the current environment.
001146.mp4,C:\Users\Sarayu\Btech_Projects\RoadGuardian-AI\dataset\raw\accident\001146.mp4,0.858,False,0,0,0.0,0,0.0,OpenCV (cv2) is not installed in the current environment.
001147.mp4,C:\Users\Sarayu\Btech_Projects\RoadGuardian-AI\dataset\raw\accident\001147.mp4,0.49,False,0,0,0.0,0,0.0,OpenCV (cv2) is not installed in the current environment.
001148.mp4,C:\Users\Sarayu\Btech_Projects\RoadGuardian-AI\dataset\raw\accident\001148.mp4,0.665,False,0,0,0.0,0,0.0,OpenCV (cv2) is not installed in the current environment.
001149.mp4,C:\Users\Sarayu\Btech_Projects\RoadGuardian-AI\dataset\raw\accident\001149.mp4,0.511,False,0,0,0.0,0,0.0,OpenCV (cv2) is not installed in the current environment.
001150.mp4,C:\Users\Sarayu\Btech_Projects\RoadGuardian-AI\dataset\raw\accident\001150.mp4,0.464,False,0,0,0.0,0,0.0,OpenCV (cv2) is not installed in the current environment.
001151.mp4,C:\Users\Sarayu\Btech_Projects\RoadGuardian-AI\dataset\raw\accident\001151.mp4,0.614,False,0,0,0.0,0,0.0,OpenCV (cv2) is not installed in the current environment.
001152.mp4,C:\Users\Sarayu\Btech_Projects\RoadGuardian-AI\dataset\raw\accident\001152.mp4,0.415,False,0,0,0.0,0,0.0,OpenCV (cv2) is not installed in the current environment.
001153.mp4,C:\Users\Sarayu\Btech_Projects\RoadGuardian-AI\dataset\raw\accident\001153.mp4,0.406,False,0,0,0.0,0,0.0,OpenCV (cv2) is not installed in the current environment.
001154.mp4,C:\Users\Sarayu\Btech_Projects\RoadGuardian-AI\dataset\raw\accident\001154.mp4,0.439,False,0,0,0.0,0,0.0,OpenCV (cv2) is not installed in the current environment.
001155.mp4,C:\Users\Sarayu\Btech_Projects\RoadGuardian-AI\dataset\raw\accident\001155.mp4,0.611,False,0,0,0.0,0,0.0,OpenCV (cv2) is not installed in the current environment.
001156.mp4,C:\Users\Sarayu\Btech_Projects\RoadGuardian-AI\dataset\raw\accident\001156.mp4,0.785,False,0,0,0.0,0,0.0,OpenCV (cv2) is not installed in the current environment.
001157.mp4,C:\Users\Sarayu\Btech_Projects\RoadGuardian-AI\dataset\raw\accident\001157.mp4,0.378,False,0,0,0.0,0,0.0,OpenCV (cv2) is not installed in the current environment.
001158.mp4,C:\Users\Sarayu\Btech_Projects\RoadGuardian-AI\dataset\raw\accident\001158.mp4,0.477,False,0,0,0.0,0,0.0,OpenCV (cv2) is not installed in the current environment.
001159.mp4,C:\Users\Sarayu\Btech_Projects\RoadGuardian-AI\dataset\raw\accident\001159.mp4,0.524,False,0,0,0.0,0,0.0,OpenCV (cv2) is not installed in the current environment.
001160.mp4,C:\Users\Sarayu\Btech_Projects\RoadGuardian-AI\dataset\raw\accident\001160.mp4,0.379,False,0,0,0.0,0,0.0,OpenCV (cv2) is not installed in the current environment.
001161.mp4,C:\Users\Sarayu\Btech_Projects\RoadGuardian-AI\dataset\raw\accident\001161.mp4,0.442,False,0,0,0.0,0,0.0,OpenCV (cv2) is not installed in the current environment.
001162.mp4,C:\Users\Sarayu\Btech_Projects\RoadGuardian-AI\dataset\raw\accident\001162.mp4,0.414,False,0,0,0.0,0,0.0,OpenCV (cv2) is not installed in the current environment.
001163.mp4,C:\Users\Sarayu\Btech_Projects\RoadGuardian-AI\dataset\raw\accident\001163.mp4,0.481,False,0,0,0.0,0,0.0,OpenCV (cv2) is not installed in the current environment.
001164.mp4,C:\Users\Sarayu\Btech_Projects\RoadGuardian-AI\dataset\raw\accident\001164.mp4,0.502,False,0,0,0.0,0,0.0,OpenCV (cv2) is not installed in the current environment.
001165.mp4,C:\Users\Sarayu\Btech_Projects\RoadGuardian-AI\dataset\raw\accident\001165.mp4,0.456,False,0,0,0.0,0,0.0,OpenCV (cv2) is not installed in the current environment.
001166.mp4,C:\Users\Sarayu\Btech_Projects\RoadGuardian-AI\dataset\raw\accident\001166.mp4,0.711,False,0,0,0.0,0,0.0,OpenCV (cv2) is not installed in the current environment.
001167.mp4,C:\Users\Sarayu\Btech_Projects\RoadGuardian-AI\dataset\raw\accident\001167.mp4,0.361,False,0,0,0.0,0,0.0,OpenCV (cv2) is not installed in the current environment.
001168.mp4,C:\Users\Sarayu\Btech_Projects\RoadGuardian-AI\dataset\raw\accident\001168.mp4,0.48,False,0,0,0.0,0,0.0,OpenCV (cv2) is not installed in the current environment.
001169.mp4,C:\Users\Sarayu\Btech_Projects\RoadGuardian-AI\dataset\raw\accident\001169.mp4,0.833,False,0,0,0.0,0,0.0,OpenCV (cv2) is not installed in the current environment.
001170.mp4,C:\Users\Sarayu\Btech_Projects\RoadGuardian-AI\dataset\raw\accident\001170.mp4,0.429,False,0,0,0.0,0,0.0,OpenCV (cv2) is not installed in the current environment.
001171.mp4,C:\Users\Sarayu\Btech_Projects\RoadGuardian-AI\dataset\raw\accident\001171.mp4,0.632,False,0,0,0.0,0,0.0,OpenCV (cv2) is not installed in the current environment.
001172.mp4,C:\Users\Sarayu\Btech_Projects\RoadGuardian-AI\dataset\raw\accident\001172.mp4,0.314,False,0,0,0.0,0,0.0,OpenCV (cv2) is not installed in the current environment.
001173.mp4,C:\Users\Sarayu\Btech_Projects\RoadGuardian-AI\dataset\raw\accident\001173.mp4,0.789,False,0,0,0.0,0,0.0,OpenCV (cv2) is not installed in the current environment.
001174.mp4,C:\Users\Sarayu\Btech_Projects\RoadGuardian-AI\dataset\raw\accident\001174.mp4,0.52,False,0,0,0.0,0,0.0,OpenCV (cv2) is not installed in the current environment.
001175.mp4,C:\Users\Sarayu\Btech_Projects\RoadGuardian-AI\dataset\raw\accident\001175.mp4,0.507,False,0,0,0.0,0,0.0,OpenCV (cv2) is not installed in the current environment.
001176.mp4,C:\Users\Sarayu\Btech_Projects\RoadGuardian-AI\dataset\raw\accident\001176.mp4,0.534,False,0,0,0.0,0,0.0,OpenCV (cv2) is not installed in the current environment.
001177.mp4,C:\Users\Sarayu\Btech_Projects\RoadGuardian-AI\dataset\raw\accident\001177.mp4,0.303,False,0,0,0.0,0,0.0,OpenCV (cv2) is not installed in the current environment.
001178.mp4,C:\Users\Sarayu\Btech_Projects\RoadGuardian-AI\dataset\raw\accident\001178.mp4,0.469,False,0,0,0.0,0,0.0,OpenCV (cv2) is not installed in the current environment.
001179.mp4,C:\Users\Sarayu\Btech_Projects\RoadGuardian-AI\dataset\raw\accident\001179.mp4,0.442,False,0,0,0.0,0,0.0,OpenCV (cv2) is not installed in the current environment.
001180.mp4,C:\Users\Sarayu\Btech_Projects\RoadGuardian-AI\dataset\raw\accident\001180.mp4,0.406,False,0,0,0.0,0,0.0,OpenCV (cv2) is not installed in the current environment.
001181.mp4,C:\Users\Sarayu\Btech_Projects\RoadGuardian-AI\dataset\raw\accident\001181.mp4,0.63,False,0,0,0.0,0,0.0,OpenCV (cv2) is not installed in the current environment.
001182.mp4,C:\Users\Sarayu\Btech_Projects\RoadGuardian-AI\dataset\raw\accident\001182.mp4,0.488,False,0,0,0.0,0,0.0,OpenCV (cv2) is not installed in the current environment.
001183.mp4,C:\Users\Sarayu\Btech_Projects\RoadGuardian-AI\dataset\raw\accident\001183.mp4,0.268,False,0,0,0.0,0,0.0,OpenCV (cv2) is not installed in the current environment.
001184.mp4,C:\Users\Sarayu\Btech_Projects\RoadGuardian-AI\dataset\raw\accident\001184.mp4,0.51,False,0,0,0.0,0,0.0,OpenCV (cv2) is not installed in the current environment.
001185.mp4,C:\Users\Sarayu\Btech_Projects\RoadGuardian-AI\dataset\raw\accident\001185.mp4,0.435,False,0,0,0.0,0,0.0,OpenCV (cv2) is not installed in the current environment.
001186.mp4,C:\Users\Sarayu\Btech_Projects\RoadGuardian-AI\dataset\raw\accident\001186.mp4,0.427,False,0,0,0.0,0,0.0,OpenCV (cv2) is not installed in the current environment.
001187.mp4,C:\Users\Sarayu\Btech_Projects\RoadGuardian-AI\dataset\raw\accident\001187.mp4,0.478,False,0,0,0.0,0,0.0,OpenCV (cv2) is not installed in the current environment.
001188.mp4,C:\Users\Sarayu\Btech_Projects\RoadGuardian-AI\dataset\raw\accident\001188.mp4,0.455,False,0,0,0.0,0,0.0,OpenCV (cv2) is not installed in the current environment.
001189.mp4,C:\Users\Sarayu\Btech_Projects\RoadGuardian-AI\dataset\raw\accident\001189.mp4,0.578,False,0,0,0.0,0,0.0,OpenCV (cv2) is not installed in the current environment.
001190.mp4,C:\Users\Sarayu\Btech_Projects\RoadGuardian-AI\dataset\raw\accident\001190.mp4,0.446,False,0,0,0.0,0,0.0,OpenCV (cv2) is not installed in the current environment.
001191.mp4,C:\Users\Sarayu\Btech_Projects\RoadGuardian-AI\dataset\raw\accident\001191.mp4,0.362,False,0,0,0.0,0,0.0,OpenCV (cv2) is not installed in the current environment.
001192.mp4,C:\Users\Sarayu\Btech_Projects\RoadGuardian-AI\dataset\raw\accident\001192.mp4,0.612,False,0,0,0.0,0,0.0,OpenCV (cv2) is not installed in the current environment.
001193.mp4,C:\Users\Sarayu\Btech_Projects\RoadGuardian-AI\dataset\raw\accident\001193.mp4,0.42,False,0,0,0.0,0,0.0,OpenCV (cv2) is not installed in the current environment.
001194.mp4,C:\Users\Sarayu\Btech_Projects\RoadGuardian-AI\dataset\raw\accident\001194.mp4,0.662,False,0,0,0.0,0,0.0,OpenCV (cv2) is not installed in the current environment.
001195.mp4,C:\Users\Sarayu\Btech_Projects\RoadGuardian-AI\dataset\raw\accident\001195.mp4,0.496,False,0,0,0.0,0,0.0,OpenCV (cv2) is not installed in the current environment.
001196.mp4,C:\Users\Sarayu\Btech_Projects\RoadGuardian-AI\dataset\raw\accident\001196.mp4,0.585,False,0,0,0.0,0,0.0,OpenCV (cv2) is not installed in the current environment.
001197.mp4,C:\Users\Sarayu\Btech_Projects\RoadGuardian-AI\dataset\raw\accident\001197.mp4,0.439,False,0,0,0.0,0,0.0,OpenCV (cv2) is not installed in the current environment.
001198.mp4,C:\Users\Sarayu\Btech_Projects\RoadGuardian-AI\dataset\raw\accident\001198.mp4,0.693,False,0,0,0.0,0,0.0,OpenCV (cv2) is not installed in the current environment.
001199.mp4,C:\Users\Sarayu\Btech_Projects\RoadGuardian-AI\dataset\raw\accident\001199.mp4,0.345,False,0,0,0.0,0,0.0,OpenCV (cv2) is not installed in the current environment.
001200.mp4,C:\Users\Sarayu\Btech_Projects\RoadGuardian-AI\dataset\raw\accident\001200.mp4,0.466,False,0,0,0.0,0,0.0,OpenCV (cv2) is not installed in the current environment.
001201.mp4,C:\Users\Sarayu\Btech_Projects\RoadGuardian-AI\dataset\raw\accident\001201.mp4,0.523,False,0,0,0.0,0,0.0,OpenCV (cv2) is not installed in the current environment.
001202.mp4,C:\Users\Sarayu\Btech_Projects\RoadGuardian-AI\dataset\raw\accident\001202.mp4,0.859,False,0,0,0.0,0,0.0,OpenCV (cv2) is not installed in the current environment.
001203.mp4,C:\Users\Sarayu\Btech_Projects\RoadGuardian-AI\dataset\raw\accident\001203.mp4,0.603,False,0,0,0.0,0,0.0,OpenCV (cv2) is not installed in the current environment.
001204.mp4,C:\Users\Sarayu\Btech_Projects\RoadGuardian-AI\dataset\raw\accident\001204.mp4,0.643,False,0,0,0.0,0,0.0,OpenCV (cv2) is not installed in the current environment.
001205.mp4,C:\Users\Sarayu\Btech_Projects\RoadGuardian-AI\dataset\raw\accident\001205.mp4,0.455,False,0,0,0.0,0,0.0,OpenCV (cv2) is not installed in the current environment.
001206.mp4,C:\Users\Sarayu\Btech_Projects\RoadGuardian-AI\dataset\raw\accident\001206.mp4,0.582,False,0,0,0.0,0,0.0,OpenCV (cv2) is not installed in the current environment.
001207.mp4,C:\Users\Sarayu\Btech_Projects\RoadGuardian-AI\dataset\raw\accident\001207.mp4,0.347,False,0,0,0.0,0,0.0,OpenCV (cv2) is not installed in the current environment.
001208.mp4,C:\Users\Sarayu\Btech_Projects\RoadGuardian-AI\dataset\raw\accident\001208.mp4,0.649,False,0,0,0.0,0,0.0,OpenCV (cv2) is not installed in the current environment.
001209.mp4,C:\Users\Sarayu\Btech_Projects\RoadGuardian-AI\dataset\raw\accident\001209.mp4,0.349,False,0,0,0.0,0,0.0,OpenCV (cv2) is not installed in the current environment.
001210.mp4,C:\Users\Sarayu\Btech_Projects\RoadGuardian-AI\dataset\raw\accident\001210.mp4,0.499,False,0,0,0.0,0,0.0,OpenCV (cv2) is not installed in the current environment.
001211.mp4,C:\Users\Sarayu\Btech_Projects\RoadGuardian-AI\dataset\raw\accident\001211.mp4,0.364,False,0,0,0.0,0,0.0,OpenCV (cv2) is not installed in the current environment.
001212.mp4,C:\Users\Sarayu\Btech_Projects\RoadGuardian-AI\dataset\raw\accident\001212.mp4,0.432,False,0,0,0.0,0,0.0,OpenCV (cv2) is not installed in the current environment.
001213.mp4,C:\Users\Sarayu\Btech_Projects\RoadGuardian-AI\dataset\raw\accident\001213.mp4,0.492,False,0,0,0.0,0,0.0,OpenCV (cv2) is not installed in the current environment.
001214.mp4,C:\Users\Sarayu\Btech_Projects\RoadGuardian-AI\dataset\raw\accident\001214.mp4,0.43,False,0,0,0.0,0,0.0,OpenCV (cv2) is not installed in the current environment.
001215.mp4,C:\Users\Sarayu\Btech_Projects\RoadGuardian-AI\dataset\raw\accident\001215.mp4,0.444,False,0,0,0.0,0,0.0,OpenCV (cv2) is not installed in the current environment.
001216.mp4,C:\Users\Sarayu\Btech_Projects\RoadGuardian-AI\dataset\raw\accident\001216.mp4,0.879,False,0,0,0.0,0,0.0,OpenCV (cv2) is not installed in the current environment.
001217.mp4,C:\Users\Sarayu\Btech_Projects\RoadGuardian-AI\dataset\raw\accident\001217.mp4,0.358,False,0,0,0.0,0,0.0,OpenCV (cv2) is not installed in the current environment.
001218.mp4,C:\Users\Sarayu\Btech_Projects\RoadGuardian-AI\dataset\raw\accident\001218.mp4,0.615,False,0,0,0.0,0,0.0,OpenCV (cv2) is not installed in the current environment.
001219.mp4,C:\Users\Sarayu\Btech_Projects\RoadGuardian-AI\dataset\raw\accident\001219.mp4,0.493,False,0,0,0.0,0,0.0,OpenCV (cv2) is not installed in the current environment.
001220.mp4,C:\Users\Sarayu\Btech_Projects\RoadGuardian-AI\dataset\raw\accident\001220.mp4,0.401,False,0,0,0.0,0,0.0,OpenCV (cv2) is not installed in the current environment.
001221.mp4,C:\Users\Sarayu\Btech_Projects\RoadGuardian-AI\dataset\raw\accident\001221.mp4,0.343,False,0,0,0.0,0,0.0,OpenCV (cv2) is not installed in the current environment.
001222.mp4,C:\Users\Sarayu\Btech_Projects\RoadGuardian-AI\dataset\raw\accident\001222.mp4,0.312,False,0,0,0.0,0,0.0,OpenCV (cv2) is not installed in the current environment.
001223.mp4,C:\Users\Sarayu\Btech_Projects\RoadGuardian-AI\dataset\raw\accident\001223.mp4,0.391,False,0,0,0.0,0,0.0,OpenCV (cv2) is not installed in the current environment.
001224.mp4,C:\Users\Sarayu\Btech_Projects\RoadGuardian-AI\dataset\raw\accident\001224.mp4,0.366,False,0,0,0.0,0,0.0,OpenCV (cv2) is not installed in the current environment.
001225.mp4,C:\Users\Sarayu\Btech_Projects\RoadGuardian-AI\dataset\raw\accident\001225.mp4,0.678,False,0,0,0.0,0,0.0,OpenCV (cv2) is not installed in the current environment.
001226.mp4,C:\Users\Sarayu\Btech_Projects\RoadGuardian-AI\dataset\raw\accident\001226.mp4,0.325,False,0,0,0.0,0,0.0,OpenCV (cv2) is not installed in the current environment.
001227.mp4,C:\Users\Sarayu\Btech_Projects\RoadGuardian-AI\dataset\raw\accident\001227.mp4,0.424,False,0,0,0.0,0,0.0,OpenCV (cv2) is not installed in the current environment.
001228.mp4,C:\Users\Sarayu\Btech_Projects\RoadGuardian-AI\dataset\raw\accident\001228.mp4,0.706,False,0,0,0.0,0,0.0,OpenCV (cv2) is not installed in the current environment.
001229.mp4,C:\Users\Sarayu\Btech_Projects\RoadGuardian-AI\dataset\raw\accident\001229.mp4,0.587,False,0,0,0.0,0,0.0,OpenCV (cv2) is not installed in the current environment.
001230.mp4,C:\Users\Sarayu\Btech_Projects\RoadGuardian-AI\dataset\raw\accident\001230.mp4,0.4,False,0,0,0.0,0,0.0,OpenCV (cv2) is not installed in the current environment.
001231.mp4,C:\Users\Sarayu\Btech_Projects\RoadGuardian-AI\dataset\raw\accident\001231.mp4,0.502,False,0,0,0.0,0,0.0,OpenCV (cv2) is not installed in the current environment.
001232.mp4,C:\Users\Sarayu\Btech_Projects\RoadGuardian-AI\dataset\raw\accident\001232.mp4,0.43,False,0,0,0.0,0,0.0,OpenCV (cv2) is not installed in the current environment.
001233.mp4,C:\Users\Sarayu\Btech_Projects\RoadGuardian-AI\dataset\raw\accident\001233.mp4,0.456,False,0,0,0.0,0,0.0,OpenCV (cv2) is not installed in the current environment.
001234.mp4,C:\Users\Sarayu\Btech_Projects\RoadGuardian-AI\dataset\raw\accident\001234.mp4,0.448,False,0,0,0.0,0,0.0,OpenCV (cv2) is not installed in the current environment.
001235.mp4,C:\Users\Sarayu\Btech_Projects\RoadGuardian-AI\dataset\raw\accident\001235.mp4,0.322,False,0,0,0.0,0,0.0,OpenCV (cv2) is not installed in the current environment.
001236.mp4,C:\Users\Sarayu\Btech_Projects\RoadGuardian-AI\dataset\raw\accident\001236.mp4,0.456,False,0,0,0.0,0,0.0,OpenCV (cv2) is not installed in the current environment.
001237.mp4,C:\Users\Sarayu\Btech_Projects\RoadGuardian-AI\dataset\raw\accident\001237.mp4,0.681,False,0,0,0.0,0,0.0,OpenCV (cv2) is not installed in the current environment.
001238.mp4,C:\Users\Sarayu\Btech_Projects\RoadGuardian-AI\dataset\raw\accident\001238.mp4,0.383,False,0,0,0.0,0,0.0,OpenCV (cv2) is not installed in the current environment.
001239.mp4,C:\Users\Sarayu\Btech_Projects\RoadGuardian-AI\dataset\raw\accident\001239.mp4,0.353,False,0,0,0.0,0,0.0,OpenCV (cv2) is not installed in the current environment.
001240.mp4,C:\Users\Sarayu\Btech_Projects\RoadGuardian-AI\dataset\raw\accident\001240.mp4,0.489,False,0,0,0.0,0,0.0,OpenCV (cv2) is not installed in the current environment.
001241.mp4,C:\Users\Sarayu\Btech_Projects\RoadGuardian-AI\dataset\raw\accident\001241.mp4,0.413,False,0,0,0.0,0,0.0,OpenCV (cv2) is not installed in the current environment.
001242.mp4,C:\Users\Sarayu\Btech_Projects\RoadGuardian-AI\dataset\raw\accident\001242.mp4,0.531,False,0,0,0.0,0,0.0,OpenCV (cv2) is not installed in the current environment.
001243.mp4,C:\Users\Sarayu\Btech_Projects\RoadGuardian-AI\dataset\raw\accident\001243.mp4,0.46,False,0,0,0.0,0,0.0,OpenCV (cv2) is not installed in the current environment.
001244.mp4,C:\Users\Sarayu\Btech_Projects\RoadGuardian-AI\dataset\raw\accident\001244.mp4,0.816,False,0,0,0.0,0,0.0,OpenCV (cv2) is not installed in the current environment.
001245.mp4,C:\Users\Sarayu\Btech_Projects\RoadGuardian-AI\dataset\raw\accident\001245.mp4,0.551,False,0,0,0.0,0,0.0,OpenCV (cv2) is not installed in the current environment.
001246.mp4,C:\Users\Sarayu\Btech_Projects\RoadGuardian-AI\dataset\raw\accident\001246.mp4,0.742,False,0,0,0.0,0,0.0,OpenCV (cv2) is not installed in the current environment.
001247.mp4,C:\Users\Sarayu\Btech_Projects\RoadGuardian-AI\dataset\raw\accident\001247.mp4,0.433,False,0,0,0.0,0,0.0,OpenCV (cv2) is not installed in the current environment.
001248.mp4,C:\Users\Sarayu\Btech_Projects\RoadGuardian-AI\dataset\raw\accident\001248.mp4,0.605,False,0,0,0.0,0,0.0,OpenCV (cv2) is not installed in the current environment.
001249.mp4,C:\Users\Sarayu\Btech_Projects\RoadGuardian-AI\dataset\raw\accident\001249.mp4,0.35,False,0,0,0.0,0,0.0,OpenCV (cv2) is not installed in the current environment.
001250.mp4,C:\Users\Sarayu\Btech_Projects\RoadGuardian-AI\dataset\raw\accident\001250.mp4,0.625,False,0,0,0.0,0,0.0,OpenCV (cv2) is not installed in the current environment.
001251.mp4,C:\Users\Sarayu\Btech_Projects\RoadGuardian-AI\dataset\raw\accident\001251.mp4,0.441,False,0,0,0.0,0,0.0,OpenCV (cv2) is not installed in the current environment.
001252.mp4,C:\Users\Sarayu\Btech_Projects\RoadGuardian-AI\dataset\raw\accident\001252.mp4,0.397,False,0,0,0.0,0,0.0,OpenCV (cv2) is not installed in the current environment.
001253.mp4,C:\Users\Sarayu\Btech_Projects\RoadGuardian-AI\dataset\raw\accident\001253.mp4,1.266,False,0,0,0.0,0,0.0,OpenCV (cv2) is not installed in the current environment.
001254.mp4,C:\Users\Sarayu\Btech_Projects\RoadGuardian-AI\dataset\raw\accident\001254.mp4,0.41,False,0,0,0.0,0,0.0,OpenCV (cv2) is not installed in the current environment.
001255.mp4,C:\Users\Sarayu\Btech_Projects\RoadGuardian-AI\dataset\raw\accident\001255.mp4,0.665,False,0,0,0.0,0,0.0,OpenCV (cv2) is not installed in the current environment.
001256.mp4,C:\Users\Sarayu\Btech_Projects\RoadGuardian-AI\dataset\raw\accident\001256.mp4,0.473,False,0,0,0.0,0,0.0,OpenCV (cv2) is not installed in the current environment.
001257.mp4,C:\Users\Sarayu\Btech_Projects\RoadGuardian-AI\dataset\raw\accident\001257.mp4,0.524,False,0,0,0.0,0,0.0,OpenCV (cv2) is not installed in the current environment.
001258.mp4,C:\Users\Sarayu\Btech_Projects\RoadGuardian-AI\dataset\raw\accident\001258.mp4,0.525,False,0,0,0.0,0,0.0,OpenCV (cv2) is not installed in the current environment.
001259.mp4,C:\Users\Sarayu\Btech_Projects\RoadGuardian-AI\dataset\raw\accident\001259.mp4,0.5,False,0,0,0.0,0,0.0,OpenCV (cv2) is not installed in the current environment.
001260.mp4,C:\Users\Sarayu\Btech_Projects\RoadGuardian-AI\dataset\raw\accident\001260.mp4,0.378,False,0,0,0.0,0,0.0,OpenCV (cv2) is not installed in the current environment.
001261.mp4,C:\Users\Sarayu\Btech_Projects\RoadGuardian-AI\dataset\raw\accident\001261.mp4,0.406,False,0,0,0.0,0,0.0,OpenCV (cv2) is not installed in the current environment.
001262.mp4,C:\Users\Sarayu\Btech_Projects\RoadGuardian-AI\dataset\raw\accident\001262.mp4,0.451,False,0,0,0.0,0,0.0,OpenCV (cv2) is not installed in the current environment.
001263.mp4,C:\Users\Sarayu\Btech_Projects\RoadGuardian-AI\dataset\raw\accident\001263.mp4,0.712,False,0,0,0.0,0,0.0,OpenCV (cv2) is not installed in the current environment.
001264.mp4,C:\Users\Sarayu\Btech_Projects\RoadGuardian-AI\dataset\raw\accident\001264.mp4,0.519,False,0,0,0.0,0,0.0,OpenCV (cv2) is not installed in the current environment.
001265.mp4,C:\Users\Sarayu\Btech_Projects\RoadGuardian-AI\dataset\raw\accident\001265.mp4,0.69,False,0,0,0.0,0,0.0,OpenCV (cv2) is not installed in the current environment.
001266.mp4,C:\Users\Sarayu\Btech_Projects\RoadGuardian-AI\dataset\raw\accident\001266.mp4,0.284,False,0,0,0.0,0,0.0,OpenCV (cv2) is not installed in the current environment.
001267.mp4,C:\Users\Sarayu\Btech_Projects\RoadGuardian-AI\dataset\raw\accident\001267.mp4,0.541,False,0,0,0.0,0,0.0,OpenCV (cv2) is not installed in the current environment.
001268.mp4,C:\Users\Sarayu\Btech_Projects\RoadGuardian-AI\dataset\raw\accident\001268.mp4,0.516,False,0,0,0.0,0,0.0,OpenCV (cv2) is not installed in the current environment.
001269.mp4,C:\Users\Sarayu\Btech_Projects\RoadGuardian-AI\dataset\raw\accident\001269.mp4,0.474,False,0,0,0.0,0,0.0,OpenCV (cv2) is not installed in the current environment.
001270.mp4,C:\Users\Sarayu\Btech_Projects\RoadGuardian-AI\dataset\raw\accident\001270.mp4,0.574,False,0,0,0.0,0,0.0,OpenCV (cv2) is not installed in the current environment.
001271.mp4,C:\Users\Sarayu\Btech_Projects\RoadGuardian-AI\dataset\raw\accident\001271.mp4,0.282,False,0,0,0.0,0,0.0,OpenCV (cv2) is not installed in the current environment.
001272.mp4,C:\Users\Sarayu\Btech_Projects\RoadGuardian-AI\dataset\raw\accident\001272.mp4,0.431,False,0,0,0.0,0,0.0,OpenCV (cv2) is not installed in the current environment.
001273.mp4,C:\Users\Sarayu\Btech_Projects\RoadGuardian-AI\dataset\raw\accident\001273.mp4,1.046,False,0,0,0.0,0,0.0,OpenCV (cv2) is not installed in the current environment.
001274.mp4,C:\Users\Sarayu\Btech_Projects\RoadGuardian-AI\dataset\raw\accident\001274.mp4,0.341,False,0,0,0.0,0,0.0,OpenCV (cv2) is not installed in the current environment.
001275.mp4,C:\Users\Sarayu\Btech_Projects\RoadGuardian-AI\dataset\raw\accident\001275.mp4,0.371,False,0,0,0.0,0,0.0,OpenCV (cv2) is not installed in the current environment.
001276.mp4,C:\Users\Sarayu\Btech_Projects\RoadGuardian-AI\dataset\raw\accident\001276.mp4,0.6,False,0,0,0.0,0,0.0,OpenCV (cv2) is not installed in the current environment.
001277.mp4,C:\Users\Sarayu\Btech_Projects\RoadGuardian-AI\dataset\raw\accident\001277.mp4,0.415,False,0,0,0.0,0,0.0,OpenCV (cv2) is not installed in the current environment.
001278.mp4,C:\Users\Sarayu\Btech_Projects\RoadGuardian-AI\dataset\raw\accident\001278.mp4,0.473,False,0,0,0.0,0,0.0,OpenCV (cv2) is not installed in the current environment.
001279.mp4,C:\Users\Sarayu\Btech_Projects\RoadGuardian-AI\dataset\raw\accident\001279.mp4,0.362,False,0,0,0.0,0,0.0,OpenCV (cv2) is not installed in the current environment.
001280.mp4,C:\Users\Sarayu\Btech_Projects\RoadGuardian-AI\dataset\raw\accident\001280.mp4,0.7,False,0,0,0.0,0,0.0,OpenCV (cv2) is not installed in the current environment.
001281.mp4,C:\Users\Sarayu\Btech_Projects\RoadGuardian-AI\dataset\raw\accident\001281.mp4,0.412,False,0,0,0.0,0,0.0,OpenCV (cv2) is not installed in the current environment.
001282.mp4,C:\Users\Sarayu\Btech_Projects\RoadGuardian-AI\dataset\raw\accident\001282.mp4,0.723,False,0,0,0.0,0,0.0,OpenCV (cv2) is not installed in the current environment.
001283.mp4,C:\Users\Sarayu\Btech_Projects\RoadGuardian-AI\dataset\raw\accident\001283.mp4,0.541,False,0,0,0.0,0,0.0,OpenCV (cv2) is not installed in the current environment.
001284.mp4,C:\Users\Sarayu\Btech_Projects\RoadGuardian-AI\dataset\raw\accident\001284.mp4,0.556,False,0,0,0.0,0,0.0,OpenCV (cv2) is not installed in the current environment.
001285.mp4,C:\Users\Sarayu\Btech_Projects\RoadGuardian-AI\dataset\raw\accident\001285.mp4,0.401,False,0,0,0.0,0,0.0,OpenCV (cv2) is not installed in the current environment.
001286.mp4,C:\Users\Sarayu\Btech_Projects\RoadGuardian-AI\dataset\raw\accident\001286.mp4,0.414,False,0,0,0.0,0,0.0,OpenCV (cv2) is not installed in the current environment.
001287.mp4,C:\Users\Sarayu\Btech_Projects\RoadGuardian-AI\dataset\raw\accident\001287.mp4,0.469,False,0,0,0.0,0,0.0,OpenCV (cv2) is not installed in the current environment.
001288.mp4,C:\Users\Sarayu\Btech_Projects\RoadGuardian-AI\dataset\raw\accident\001288.mp4,0.311,False,0,0,0.0,0,0.0,OpenCV (cv2) is not installed in the current environment.
001289.mp4,C:\Users\Sarayu\Btech_Projects\RoadGuardian-AI\dataset\raw\accident\001289.mp4,0.459,False,0,0,0.0,0,0.0,OpenCV (cv2) is not installed in the current environment.
001290.mp4,C:\Users\Sarayu\Btech_Projects\RoadGuardian-AI\dataset\raw\accident\001290.mp4,0.454,False,0,0,0.0,0,0.0,OpenCV (cv2) is not installed in the current environment.
001291.mp4,C:\Users\Sarayu\Btech_Projects\RoadGuardian-AI\dataset\raw\accident\001291.mp4,0.444,False,0,0,0.0,0,0.0,OpenCV (cv2) is not installed in the current environment.
001292.mp4,C:\Users\Sarayu\Btech_Projects\RoadGuardian-AI\dataset\raw\accident\001292.mp4,0.479,False,0,0,0.0,0,0.0,OpenCV (cv2) is not installed in the current environment.
001293.mp4,C:\Users\Sarayu\Btech_Projects\RoadGuardian-AI\dataset\raw\accident\001293.mp4,0.364,False,0,0,0.0,0,0.0,OpenCV (cv2) is not installed in the current environment.
001294.mp4,C:\Users\Sarayu\Btech_Projects\RoadGuardian-AI\dataset\raw\accident\001294.mp4,0.545,False,0,0,0.0,0,0.0,OpenCV (cv2) is not installed in the current environment.
001295.mp4,C:\Users\Sarayu\Btech_Projects\RoadGuardian-AI\dataset\raw\accident\001295.mp4,0.787,False,0,0,0.0,0,0.0,OpenCV (cv2) is not installed in the current environment.
001296.mp4,C:\Users\Sarayu\Btech_Projects\RoadGuardian-AI\dataset\raw\accident\001296.mp4,0.463,False,0,0,0.0,0,0.0,OpenCV (cv2) is not installed in the current environment.
001297.mp4,C:\Users\Sarayu\Btech_Projects\RoadGuardian-AI\dataset\raw\accident\001297.mp4,0.618,False,0,0,0.0,0,0.0,OpenCV (cv2) is not installed in the current environment.
001298.mp4,C:\Users\Sarayu\Btech_Projects\RoadGuardian-AI\dataset\raw\accident\001298.mp4,0.736,False,0,0,0.0,0,0.0,OpenCV (cv2) is not installed in the current environment.
001299.mp4,C:\Users\Sarayu\Btech_Projects\RoadGuardian-AI\dataset\raw\accident\001299.mp4,0.481,False,0,0,0.0,0,0.0,OpenCV (cv2) is not installed in the current environment.
001300.mp4,C:\Users\Sarayu\Btech_Projects\RoadGuardian-AI\dataset\raw\accident\001300.mp4,0.447,False,0,0,0.0,0,0.0,OpenCV (cv2) is not installed in the current environment.
001301.mp4,C:\Users\Sarayu\Btech_Projects\RoadGuardian-AI\dataset\raw\accident\001301.mp4,0.683,False,0,0,0.0,0,0.0,OpenCV (cv2) is not installed in the current environment.
001302.mp4,C:\Users\Sarayu\Btech_Projects\RoadGuardian-AI\dataset\raw\accident\001302.mp4,0.547,False,0,0,0.0,0,0.0,OpenCV (cv2) is not installed in the current environment.
001303.mp4,C:\Users\Sarayu\Btech_Projects\RoadGuardian-AI\dataset\raw\accident\001303.mp4,0.365,False,0,0,0.0,0,0.0,OpenCV (cv2) is not installed in the current environment.
001304.mp4,C:\Users\Sarayu\Btech_Projects\RoadGuardian-AI\dataset\raw\accident\001304.mp4,0.307,False,0,0,0.0,0,0.0,OpenCV (cv2) is not installed in the current environment.
001305.mp4,C:\Users\Sarayu\Btech_Projects\RoadGuardian-AI\dataset\raw\accident\001305.mp4,0.618,False,0,0,0.0,0,0.0,OpenCV (cv2) is not installed in the current environment.
001306.mp4,C:\Users\Sarayu\Btech_Projects\RoadGuardian-AI\dataset\raw\accident\001306.mp4,0.63,False,0,0,0.0,0,0.0,OpenCV (cv2) is not installed in the current environment.
001307.mp4,C:\Users\Sarayu\Btech_Projects\RoadGuardian-AI\dataset\raw\accident\001307.mp4,0.717,False,0,0,0.0,0,0.0,OpenCV (cv2) is not installed in the current environment.
001308.mp4,C:\Users\Sarayu\Btech_Projects\RoadGuardian-AI\dataset\raw\accident\001308.mp4,0.978,False,0,0,0.0,0,0.0,OpenCV (cv2) is not installed in the current environment.
001309.mp4,C:\Users\Sarayu\Btech_Projects\RoadGuardian-AI\dataset\raw\accident\001309.mp4,0.705,False,0,0,0.0,0,0.0,OpenCV (cv2) is not installed in the current environment.
001310.mp4,C:\Users\Sarayu\Btech_Projects\RoadGuardian-AI\dataset\raw\accident\001310.mp4,0.669,False,0,0,0.0,0,0.0,OpenCV (cv2) is not installed in the current environment.
001311.mp4,C:\Users\Sarayu\Btech_Projects\RoadGuardian-AI\dataset\raw\accident\001311.mp4,0.402,False,0,0,0.0,0,0.0,OpenCV (cv2) is not installed in the current environment.
001312.mp4,C:\Users\Sarayu\Btech_Projects\RoadGuardian-AI\dataset\raw\accident\001312.mp4,0.704,False,0,0,0.0,0,0.0,OpenCV (cv2) is not installed in the current environment.
001313.mp4,C:\Users\Sarayu\Btech_Projects\RoadGuardian-AI\dataset\raw\accident\001313.mp4,0.77,False,0,0,0.0,0,0.0,OpenCV (cv2) is not installed in the current environment.
001314.mp4,C:\Users\Sarayu\Btech_Projects\RoadGuardian-AI\dataset\raw\accident\001314.mp4,0.51,False,0,0,0.0,0,0.0,OpenCV (cv2) is not installed in the current environment.
001315.mp4,C:\Users\Sarayu\Btech_Projects\RoadGuardian-AI\dataset\raw\accident\001315.mp4,0.399,False,0,0,0.0,0,0.0,OpenCV (cv2) is not installed in the current environment.
001316.mp4,C:\Users\Sarayu\Btech_Projects\RoadGuardian-AI\dataset\raw\accident\001316.mp4,0.742,False,0,0,0.0,0,0.0,OpenCV (cv2) is not installed in the current environment.
001317.mp4,C:\Users\Sarayu\Btech_Projects\RoadGuardian-AI\dataset\raw\accident\001317.mp4,0.414,False,0,0,0.0,0,0.0,OpenCV (cv2) is not installed in the current environment.
001318.mp4,C:\Users\Sarayu\Btech_Projects\RoadGuardian-AI\dataset\raw\accident\001318.mp4,0.719,False,0,0,0.0,0,0.0,OpenCV (cv2) is not installed in the current environment.
001319.mp4,C:\Users\Sarayu\Btech_Projects\RoadGuardian-AI\dataset\raw\accident\001319.mp4,0.451,False,0,0,0.0,0,0.0,OpenCV (cv2) is not installed in the current environment.
001320.mp4,C:\Users\Sarayu\Btech_Projects\RoadGuardian-AI\dataset\raw\accident\001320.mp4,0.365,False,0,0,0.0,0,0.0,OpenCV (cv2) is not installed in the current environment.
001321.mp4,C:\Users\Sarayu\Btech_Projects\RoadGuardian-AI\dataset\raw\accident\001321.mp4,0.602,False,0,0,0.0,0,0.0,OpenCV (cv2) is not installed in the current environment.
001322.mp4,C:\Users\Sarayu\Btech_Projects\RoadGuardian-AI\dataset\raw\accident\001322.mp4,0.495,False,0,0,0.0,0,0.0,OpenCV (cv2) is not installed in the current environment.
001323.mp4,C:\Users\Sarayu\Btech_Projects\RoadGuardian-AI\dataset\raw\accident\001323.mp4,0.343,False,0,0,0.0,0,0.0,OpenCV (cv2) is not installed in the current environment.
001324.mp4,C:\Users\Sarayu\Btech_Projects\RoadGuardian-AI\dataset\raw\accident\001324.mp4,0.291,False,0,0,0.0,0,0.0,OpenCV (cv2) is not installed in the current environment.
001325.mp4,C:\Users\Sarayu\Btech_Projects\RoadGuardian-AI\dataset\raw\accident\001325.mp4,0.8,False,0,0,0.0,0,0.0,OpenCV (cv2) is not installed in the current environment.
001326.mp4,C:\Users\Sarayu\Btech_Projects\RoadGuardian-AI\dataset\raw\accident\001326.mp4,0.353,False,0,0,0.0,0,0.0,OpenCV (cv2) is not installed in the current environment.
001327.mp4,C:\Users\Sarayu\Btech_Projects\RoadGuardian-AI\dataset\raw\accident\001327.mp4,0.478,False,0,0,0.0,0,0.0,OpenCV (cv2) is not installed in the current environment.
001328.mp4,C:\Users\Sarayu\Btech_Projects\RoadGuardian-AI\dataset\raw\accident\001328.mp4,0.377,False,0,0,0.0,0,0.0,OpenCV (cv2) is not installed in the current environment.
001329.mp4,C:\Users\Sarayu\Btech_Projects\RoadGuardian-AI\dataset\raw\accident\001329.mp4,0.359,False,0,0,0.0,0,0.0,OpenCV (cv2) is not installed in the current environment.
001330.mp4,C:\Users\Sarayu\Btech_Projects\RoadGuardian-AI\dataset\raw\accident\001330.mp4,0.571,False,0,0,0.0,0,0.0,OpenCV (cv2) is not installed in the current environment.
001331.mp4,C:\Users\Sarayu\Btech_Projects\RoadGuardian-AI\dataset\raw\accident\001331.mp4,0.362,False,0,0,0.0,0,0.0,OpenCV (cv2) is not installed in the current environment.
001332.mp4,C:\Users\Sarayu\Btech_Projects\RoadGuardian-AI\dataset\raw\accident\001332.mp4,0.649,False,0,0,0.0,0,0.0,OpenCV (cv2) is not installed in the current environment.
001333.mp4,C:\Users\Sarayu\Btech_Projects\RoadGuardian-AI\dataset\raw\accident\001333.mp4,0.562,False,0,0,0.0,0,0.0,OpenCV (cv2) is not installed in the current environment.
001334.mp4,C:\Users\Sarayu\Btech_Projects\RoadGuardian-AI\dataset\raw\accident\001334.mp4,0.298,False,0,0,0.0,0,0.0,OpenCV (cv2) is not installed in the current environment.
001335.mp4,C:\Users\Sarayu\Btech_Projects\RoadGuardian-AI\dataset\raw\accident\001335.mp4,0.678,False,0,0,0.0,0,0.0,OpenCV (cv2) is not installed in the current environment.
001336.mp4,C:\Users\Sarayu\Btech_Projects\RoadGuardian-AI\dataset\raw\accident\001336.mp4,0.391,False,0,0,0.0,0,0.0,OpenCV (cv2) is not installed in the current environment.
001337.mp4,C:\Users\Sarayu\Btech_Projects\RoadGuardian-AI\dataset\raw\accident\001337.mp4,0.476,False,0,0,0.0,0,0.0,OpenCV (cv2) is not installed in the current environment.
001338.mp4,C:\Users\Sarayu\Btech_Projects\RoadGuardian-AI\dataset\raw\accident\001338.mp4,0.614,False,0,0,0.0,0,0.0,OpenCV (cv2) is not installed in the current environment.
001339.mp4,C:\Users\Sarayu\Btech_Projects\RoadGuardian-AI\dataset\raw\accident\001339.mp4,0.44,False,0,0,0.0,0,0.0,OpenCV (cv2) is not installed in the current environment.
001340.mp4,C:\Users\Sarayu\Btech_Projects\RoadGuardian-AI\dataset\raw\accident\001340.mp4,0.372,False,0,0,0.0,0,0.0,OpenCV (cv2) is not installed in the current environment.
001341.mp4,C:\Users\Sarayu\Btech_Projects\RoadGuardian-AI\dataset\raw\accident\001341.mp4,0.561,False,0,0,0.0,0,0.0,OpenCV (cv2) is not installed in the current environment.
001342.mp4,C:\Users\Sarayu\Btech_Projects\RoadGuardian-AI\dataset\raw\accident\001342.mp4,0.629,False,0,0,0.0,0,0.0,OpenCV (cv2) is not installed in the current environment.
001343.mp4,C:\Users\Sarayu\Btech_Projects\RoadGuardian-AI\dataset\raw\accident\001343.mp4,0.569,False,0,0,0.0,0,0.0,OpenCV (cv2) is not installed in the current environment.
001344.mp4,C:\Users\Sarayu\Btech_Projects\RoadGuardian-AI\dataset\raw\accident\001344.mp4,0.903,False,0,0,0.0,0,0.0,OpenCV (cv2) is not installed in the current environment.
001345.mp4,C:\Users\Sarayu\Btech_Projects\RoadGuardian-AI\dataset\raw\accident\001345.mp4,0.743,False,0,0,0.0,0,0.0,OpenCV (cv2) is not installed in the current environment.
001346.mp4,C:\Users\Sarayu\Btech_Projects\RoadGuardian-AI\dataset\raw\accident\001346.mp4,0.629,False,0,0,0.0,0,0.0,OpenCV (cv2) is not installed in the current environment.
001347.mp4,C:\Users\Sarayu\Btech_Projects\RoadGuardian-AI\dataset\raw\accident\001347.mp4,0.679,False,0,0,0.0,0,0.0,OpenCV (cv2) is not installed in the current environment.
001348.mp4,C:\Users\Sarayu\Btech_Projects\RoadGuardian-AI\dataset\raw\accident\001348.mp4,0.474,False,0,0,0.0,0,0.0,OpenCV (cv2) is not installed in the current environment.
001349.mp4,C:\Users\Sarayu\Btech_Projects\RoadGuardian-AI\dataset\raw\accident\001349.mp4,0.699,False,0,0,0.0,0,0.0,OpenCV (cv2) is not installed in the current environment.
001350.mp4,C:\Users\Sarayu\Btech_Projects\RoadGuardian-AI\dataset\raw\accident\001350.mp4,0.619,False,0,0,0.0,0,0.0,OpenCV (cv2) is not installed in the current environment.
001351.mp4,C:\Users\Sarayu\Btech_Projects\RoadGuardian-AI\dataset\raw\accident\001351.mp4,0.888,False,0,0,0.0,0,0.0,OpenCV (cv2) is not installed in the current environment.
001352.mp4,C:\Users\Sarayu\Btech_Projects\RoadGuardian-AI\dataset\raw\accident\001352.mp4,0.605,False,0,0,0.0,0,0.0,OpenCV (cv2) is not installed in the current environment.
001353.mp4,C:\Users\Sarayu\Btech_Projects\RoadGuardian-AI\dataset\raw\accident\001353.mp4,0.57,False,0,0,0.0,0,0.0,OpenCV (cv2) is not installed in the current environment.
001354.mp4,C:\Users\Sarayu\Btech_Projects\RoadGuardian-AI\dataset\raw\accident\001354.mp4,0.655,False,0,0,0.0,0,0.0,OpenCV (cv2) is not installed in the current environment.
001355.mp4,C:\Users\Sarayu\Btech_Projects\RoadGuardian-AI\dataset\raw\accident\001355.mp4,0.425,False,0,0,0.0,0,0.0,OpenCV (cv2) is not installed in the current environment.
001356.mp4,C:\Users\Sarayu\Btech_Projects\RoadGuardian-AI\dataset\raw\accident\001356.mp4,0.28,False,0,0,0.0,0,0.0,OpenCV (cv2) is not installed in the current environment.
001357.mp4,C:\Users\Sarayu\Btech_Projects\RoadGuardian-AI\dataset\raw\accident\001357.mp4,0.935,False,0,0,0.0,0,0.0,OpenCV (cv2) is not installed in the current environment.
001358.mp4,C:\Users\Sarayu\Btech_Projects\RoadGuardian-AI\dataset\raw\accident\001358.mp4,0.334,False,0,0,0.0,0,0.0,OpenCV (cv2) is not installed in the current environment.
001359.mp4,C:\Users\Sarayu\Btech_Projects\RoadGuardian-AI\dataset\raw\accident\001359.mp4,0.615,False,0,0,0.0,0,0.0,OpenCV (cv2) is not installed in the current environment.
001360.mp4,C:\Users\Sarayu\Btech_Projects\RoadGuardian-AI\dataset\raw\accident\001360.mp4,0.421,False,0,0,0.0,0,0.0,OpenCV (cv2) is not installed in the current environment.
001361.mp4,C:\Users\Sarayu\Btech_Projects\RoadGuardian-AI\dataset\raw\accident\001361.mp4,0.825,False,0,0,0.0,0,0.0,OpenCV (cv2) is not installed in the current environment.
001362.mp4,C:\Users\Sarayu\Btech_Projects\RoadGuardian-AI\dataset\raw\accident\001362.mp4,0.69,False,0,0,0.0,0,0.0,OpenCV (cv2) is not installed in the current environment.
001363.mp4,C:\Users\Sarayu\Btech_Projects\RoadGuardian-AI\dataset\raw\accident\001363.mp4,0.697,False,0,0,0.0,0,0.0,OpenCV (cv2) is not installed in the current environment.
001364.mp4,C:\Users\Sarayu\Btech_Projects\RoadGuardian-AI\dataset\raw\accident\001364.mp4,0.578,False,0,0,0.0,0,0.0,OpenCV (cv2) is not installed in the current environment.
001365.mp4,C:\Users\Sarayu\Btech_Projects\RoadGuardian-AI\dataset\raw\accident\001365.mp4,0.39,False,0,0,0.0,0,0.0,OpenCV (cv2) is not installed in the current environment.
001366.mp4,C:\Users\Sarayu\Btech_Projects\RoadGuardian-AI\dataset\raw\accident\001366.mp4,0.44,False,0,0,0.0,0,0.0,OpenCV (cv2) is not installed in the current environment.
001367.mp4,C:\Users\Sarayu\Btech_Projects\RoadGuardian-AI\dataset\raw\accident\001367.mp4,0.501,False,0,0,0.0,0,0.0,OpenCV (cv2) is not installed in the current environment.
001368.mp4,C:\Users\Sarayu\Btech_Projects\RoadGuardian-AI\dataset\raw\accident\001368.mp4,0.466,False,0,0,0.0,0,0.0,OpenCV (cv2) is not installed in the current environment.
001369.mp4,C:\Users\Sarayu\Btech_Projects\RoadGuardian-AI\dataset\raw\accident\001369.mp4,0.352,False,0,0,0.0,0,0.0,OpenCV (cv2) is not installed in the current environment.
001370.mp4,C:\Users\Sarayu\Btech_Projects\RoadGuardian-AI\dataset\raw\accident\001370.mp4,0.528,False,0,0,0.0,0,0.0,OpenCV (cv2) is not installed in the current environment.
001371.mp4,C:\Users\Sarayu\Btech_Projects\RoadGuardian-AI\dataset\raw\accident\001371.mp4,0.409,False,0,0,0.0,0,0.0,OpenCV (cv2) is not installed in the current environment.
001372.mp4,C:\Users\Sarayu\Btech_Projects\RoadGuardian-AI\dataset\raw\accident\001372.mp4,0.593,False,0,0,0.0,0,0.0,OpenCV (cv2) is not installed in the current environment.
001373.mp4,C:\Users\Sarayu\Btech_Projects\RoadGuardian-AI\dataset\raw\accident\001373.mp4,0.283,False,0,0,0.0,0,0.0,OpenCV (cv2) is not installed in the current environment.
001374.mp4,C:\Users\Sarayu\Btech_Projects\RoadGuardian-AI\dataset\raw\accident\001374.mp4,0.619,False,0,0,0.0,0,0.0,OpenCV (cv2) is not installed in the current environment.
001375.mp4,C:\Users\Sarayu\Btech_Projects\RoadGuardian-AI\dataset\raw\accident\001375.mp4,0.33,False,0,0,0.0,0,0.0,OpenCV (cv2) is not installed in the current environment.
001376.mp4,C:\Users\Sarayu\Btech_Projects\RoadGuardian-AI\dataset\raw\accident\001376.mp4,0.583,False,0,0,0.0,0,0.0,OpenCV (cv2) is not installed in the current environment.
001377.mp4,C:\Users\Sarayu\Btech_Projects\RoadGuardian-AI\dataset\raw\accident\001377.mp4,0.596,False,0,0,0.0,0,0.0,OpenCV (cv2) is not installed in the current environment.
001378.mp4,C:\Users\Sarayu\Btech_Projects\RoadGuardian-AI\dataset\raw\accident\001378.mp4,1.055,False,0,0,0.0,0,0.0,OpenCV (cv2) is not installed in the current environment.
001379.mp4,C:\Users\Sarayu\Btech_Projects\RoadGuardian-AI\dataset\raw\accident\001379.mp4,0.416,False,0,0,0.0,0,0.0,OpenCV (cv2) is not installed in the current environment.
001380.mp4,C:\Users\Sarayu\Btech_Projects\RoadGuardian-AI\dataset\raw\accident\001380.mp4,0.653,False,0,0,0.0,0,0.0,OpenCV (cv2) is not installed in the current environment.
001381.mp4,C:\Users\Sarayu\Btech_Projects\RoadGuardian-AI\dataset\raw\accident\001381.mp4,0.429,False,0,0,0.0,0,0.0,OpenCV (cv2) is not installed in the current environment.
001382.mp4,C:\Users\Sarayu\Btech_Projects\RoadGuardian-AI\dataset\raw\accident\001382.mp4,0.438,False,0,0,0.0,0,0.0,OpenCV (cv2) is not installed in the current environment.
001383.mp4,C:\Users\Sarayu\Btech_Projects\RoadGuardian-AI\dataset\raw\accident\001383.mp4,1.048,False,0,0,0.0,0,0.0,OpenCV (cv2) is not installed in the current environment.
001384.mp4,C:\Users\Sarayu\Btech_Projects\RoadGuardian-AI\dataset\raw\accident\001384.mp4,0.381,False,0,0,0.0,0,0.0,OpenCV (cv2) is not installed in the current environment.
001385.mp4,C:\Users\Sarayu\Btech_Projects\RoadGuardian-AI\dataset\raw\accident\001385.mp4,0.489,False,0,0,0.0,0,0.0,OpenCV (cv2) is not installed in the current environment.
001386.mp4,C:\Users\Sarayu\Btech_Projects\RoadGuardian-AI\dataset\raw\accident\001386.mp4,0.749,False,0,0,0.0,0,0.0,OpenCV (cv2) is not installed in the current environment.
001387.mp4,C:\Users\Sarayu\Btech_Projects\RoadGuardian-AI\dataset\raw\accident\001387.mp4,0.676,False,0,0,0.0,0,0.0,OpenCV (cv2) is not installed in the current environment.
001388.mp4,C:\Users\Sarayu\Btech_Projects\RoadGuardian-AI\dataset\raw\accident\001388.mp4,0.531,False,0,0,0.0,0,0.0,OpenCV (cv2) is not installed in the current environment.
001389.mp4,C:\Users\Sarayu\Btech_Projects\RoadGuardian-AI\dataset\raw\accident\001389.mp4,0.339,False,0,0,0.0,0,0.0,OpenCV (cv2) is not installed in the current environment.
001390.mp4,C:\Users\Sarayu\Btech_Projects\RoadGuardian-AI\dataset\raw\accident\001390.mp4,0.798,False,0,0,0.0,0,0.0,OpenCV (cv2) is not installed in the current environment.
001391.mp4,C:\Users\Sarayu\Btech_Projects\RoadGuardian-AI\dataset\raw\accident\001391.mp4,0.956,False,0,0,0.0,0,0.0,OpenCV (cv2) is not installed in the current environment.
001392.mp4,C:\Users\Sarayu\Btech_Projects\RoadGuardian-AI\dataset\raw\accident\001392.mp4,0.393,False,0,0,0.0,0,0.0,OpenCV (cv2) is not installed in the current environment.
001393.mp4,C:\Users\Sarayu\Btech_Projects\RoadGuardian-AI\dataset\raw\accident\001393.mp4,0.623,False,0,0,0.0,0,0.0,OpenCV (cv2) is not installed in the current environment.
001394.mp4,C:\Users\Sarayu\Btech_Projects\RoadGuardian-AI\dataset\raw\accident\001394.mp4,0.391,False,0,0,0.0,0,0.0,OpenCV (cv2) is not installed in the current environment.
001395.mp4,C:\Users\Sarayu\Btech_Projects\RoadGuardian-AI\dataset\raw\accident\001395.mp4,0.385,False,0,0,0.0,0,0.0,OpenCV (cv2) is not installed in the current environment.
001396.mp4,C:\Users\Sarayu\Btech_Projects\RoadGuardian-AI\dataset\raw\accident\001396.mp4,0.458,False,0,0,0.0,0,0.0,OpenCV (cv2) is not installed in the current environment.
001397.mp4,C:\Users\Sarayu\Btech_Projects\RoadGuardian-AI\dataset\raw\accident\001397.mp4,0.426,False,0,0,0.0,0,0.0,OpenCV (cv2) is not installed in the current environment.
001398.mp4,C:\Users\Sarayu\Btech_Projects\RoadGuardian-AI\dataset\raw\accident\001398.mp4,0.324,False,0,0,0.0,0,0.0,OpenCV (cv2) is not installed in the current environment.
001399.mp4,C:\Users\Sarayu\Btech_Projects\RoadGuardian-AI\dataset\raw\accident\001399.mp4,0.452,False,0,0,0.0,0,0.0,OpenCV (cv2) is not installed in the current environment.
001400.mp4,C:\Users\Sarayu\Btech_Projects\RoadGuardian-AI\dataset\raw\accident\001400.mp4,0.536,False,0,0,0.0,0,0.0,OpenCV (cv2) is not installed in the current environment.
001401.mp4,C:\Users\Sarayu\Btech_Projects\RoadGuardian-AI\dataset\raw\accident\001401.mp4,0.421,False,0,0,0.0,0,0.0,OpenCV (cv2) is not installed in the current environment.
001402.mp4,C:\Users\Sarayu\Btech_Projects\RoadGuardian-AI\dataset\raw\accident\001402.mp4,1.01,False,0,0,0.0,0,0.0,OpenCV (cv2) is not installed in the current environment.
001403.mp4,C:\Users\Sarayu\Btech_Projects\RoadGuardian-AI\dataset\raw\accident\001403.mp4,0.386,False,0,0,0.0,0,0.0,OpenCV (cv2) is not installed in the current environment.
001404.mp4,C:\Users\Sarayu\Btech_Projects\RoadGuardian-AI\dataset\raw\accident\001404.mp4,0.612,False,0,0,0.0,0,0.0,OpenCV (cv2) is not installed in the current environment.
001405.mp4,C:\Users\Sarayu\Btech_Projects\RoadGuardian-AI\dataset\raw\accident\001405.mp4,0.4,False,0,0,0.0,0,0.0,OpenCV (cv2) is not installed in the current environment.
001406.mp4,C:\Users\Sarayu\Btech_Projects\RoadGuardian-AI\dataset\raw\accident\001406.mp4,0.823,False,0,0,0.0,0,0.0,OpenCV (cv2) is not installed in the current environment.
001407.mp4,C:\Users\Sarayu\Btech_Projects\RoadGuardian-AI\dataset\raw\accident\001407.mp4,0.314,False,0,0,0.0,0,0.0,OpenCV (cv2) is not installed in the current environment.
001408.mp4,C:\Users\Sarayu\Btech_Projects\RoadGuardian-AI\dataset\raw\accident\001408.mp4,0.611,False,0,0,0.0,0,0.0,OpenCV (cv2) is not installed in the current environment.
001409.mp4,C:\Users\Sarayu\Btech_Projects\RoadGuardian-AI\dataset\raw\accident\001409.mp4,0.394,False,0,0,0.0,0,0.0,OpenCV (cv2) is not installed in the current environment.
001410.mp4,C:\Users\Sarayu\Btech_Projects\RoadGuardian-AI\dataset\raw\accident\001410.mp4,0.476,False,0,0,0.0,0,0.0,OpenCV (cv2) is not installed in the current environment.
001411.mp4,C:\Users\Sarayu\Btech_Projects\RoadGuardian-AI\dataset\raw\accident\001411.mp4,0.46,False,0,0,0.0,0,0.0,OpenCV (cv2) is not installed in the current environment.
001412.mp4,C:\Users\Sarayu\Btech_Projects\RoadGuardian-AI\dataset\raw\accident\001412.mp4,0.424,False,0,0,0.0,0,0.0,OpenCV (cv2) is not installed in the current environment.
001413.mp4,C:\Users\Sarayu\Btech_Projects\RoadGuardian-AI\dataset\raw\accident\001413.mp4,0.544,False,0,0,0.0,0,0.0,OpenCV (cv2) is not installed in the current environment.
001414.mp4,C:\Users\Sarayu\Btech_Projects\RoadGuardian-AI\dataset\raw\accident\001414.mp4,0.322,False,0,0,0.0,0,0.0,OpenCV (cv2) is not installed in the current environment.
001415.mp4,C:\Users\Sarayu\Btech_Projects\RoadGuardian-AI\dataset\raw\accident\001415.mp4,0.407,False,0,0,0.0,0,0.0,OpenCV (cv2) is not installed in the current environment.
001416.mp4,C:\Users\Sarayu\Btech_Projects\RoadGuardian-AI\dataset\raw\accident\001416.mp4,0.419,False,0,0,0.0,0,0.0,OpenCV (cv2) is not installed in the current environment.
001417.mp4,C:\Users\Sarayu\Btech_Projects\RoadGuardian-AI\dataset\raw\accident\001417.mp4,0.94,False,0,0,0.0,0,0.0,OpenCV (cv2) is not installed in the current environment.
001418.mp4,C:\Users\Sarayu\Btech_Projects\RoadGuardian-AI\dataset\raw\accident\001418.mp4,0.342,False,0,0,0.0,0,0.0,OpenCV (cv2) is not installed in the current environment.
001419.mp4,C:\Users\Sarayu\Btech_Projects\RoadGuardian-AI\dataset\raw\accident\001419.mp4,0.606,False,0,0,0.0,0,0.0,OpenCV (cv2) is not installed in the current environment.
001420.mp4,C:\Users\Sarayu\Btech_Projects\RoadGuardian-AI\dataset\raw\accident\001420.mp4,0.57,False,0,0,0.0,0,0.0,OpenCV (cv2) is not installed in the current environment.
001421.mp4,C:\Users\Sarayu\Btech_Projects\RoadGuardian-AI\dataset\raw\accident\001421.mp4,0.501,False,0,0,0.0,0,0.0,OpenCV (cv2) is not installed in the current environment.
001422.mp4,C:\Users\Sarayu\Btech_Projects\RoadGuardian-AI\dataset\raw\accident\001422.mp4,0.476,False,0,0,0.0,0,0.0,OpenCV (cv2) is not installed in the current environment.
001423.mp4,C:\Users\Sarayu\Btech_Projects\RoadGuardian-AI\dataset\raw\accident\001423.mp4,0.319,False,0,0,0.0,0,0.0,OpenCV (cv2) is not installed in the current environment.
001424.mp4,C:\Users\Sarayu\Btech_Projects\RoadGuardian-AI\dataset\raw\accident\001424.mp4,0.651,False,0,0,0.0,0,0.0,OpenCV (cv2) is not installed in the current environment.
001425.mp4,C:\Users\Sarayu\Btech_Projects\RoadGuardian-AI\dataset\raw\accident\001425.mp4,0.383,False,0,0,0.0,0,0.0,OpenCV (cv2) is not installed in the current environment.
001426.mp4,C:\Users\Sarayu\Btech_Projects\RoadGuardian-AI\dataset\raw\accident\001426.mp4,0.576,False,0,0,0.0,0,0.0,OpenCV (cv2) is not installed in the current environment.
001427.mp4,C:\Users\Sarayu\Btech_Projects\RoadGuardian-AI\dataset\raw\accident\001427.mp4,0.457,False,0,0,0.0,0,0.0,OpenCV (cv2) is not installed in the current environment.
001428.mp4,C:\Users\Sarayu\Btech_Projects\RoadGuardian-AI\dataset\raw\accident\001428.mp4,0.634,False,0,0,0.0,0,0.0,OpenCV (cv2) is not installed in the current environment.
001429.mp4,C:\Users\Sarayu\Btech_Projects\RoadGuardian-AI\dataset\raw\accident\001429.mp4,0.324,False,0,0,0.0,0,0.0,OpenCV (cv2) is not installed in the current environment.
001430.mp4,C:\Users\Sarayu\Btech_Projects\RoadGuardian-AI\dataset\raw\accident\001430.mp4,0.605,False,0,0,0.0,0,0.0,OpenCV (cv2) is not installed in the current environment.
001431.mp4,C:\Users\Sarayu\Btech_Projects\RoadGuardian-AI\dataset\raw\accident\001431.mp4,0.587,False,0,0,0.0,0,0.0,OpenCV (cv2) is not installed in the current environment.
001432.mp4,C:\Users\Sarayu\Btech_Projects\RoadGuardian-AI\dataset\raw\accident\001432.mp4,0.506,False,0,0,0.0,0,0.0,OpenCV (cv2) is not installed in the current environment.
001433.mp4,C:\Users\Sarayu\Btech_Projects\RoadGuardian-AI\dataset\raw\accident\001433.mp4,0.308,False,0,0,0.0,0,0.0,OpenCV (cv2) is not installed in the current environment.
001434.mp4,C:\Users\Sarayu\Btech_Projects\RoadGuardian-AI\dataset\raw\accident\001434.mp4,0.431,False,0,0,0.0,0,0.0,OpenCV (cv2) is not installed in the current environment.
001435.mp4,C:\Users\Sarayu\Btech_Projects\RoadGuardian-AI\dataset\raw\accident\001435.mp4,0.309,False,0,0,0.0,0,0.0,OpenCV (cv2) is not installed in the current environment.
001436.mp4,C:\Users\Sarayu\Btech_Projects\RoadGuardian-AI\dataset\raw\accident\001436.mp4,0.318,False,0,0,0.0,0,0.0,OpenCV (cv2) is not installed in the current environment.
001437.mp4,C:\Users\Sarayu\Btech_Projects\RoadGuardian-AI\dataset\raw\accident\001437.mp4,0.487,False,0,0,0.0,0,0.0,OpenCV (cv2) is not installed in the current environment.
001438.mp4,C:\Users\Sarayu\Btech_Projects\RoadGuardian-AI\dataset\raw\accident\001438.mp4,0.388,False,0,0,0.0,0,0.0,OpenCV (cv2) is not installed in the current environment.
001439.mp4,C:\Users\Sarayu\Btech_Projects\RoadGuardian-AI\dataset\raw\accident\001439.mp4,0.356,False,0,0,0.0,0,0.0,OpenCV (cv2) is not installed in the current environment.
001440.mp4,C:\Users\Sarayu\Btech_Projects\RoadGuardian-AI\dataset\raw\accident\001440.mp4,0.289,False,0,0,0.0,0,0.0,OpenCV (cv2) is not installed in the current environment.
001441.mp4,C:\Users\Sarayu\Btech_Projects\RoadGuardian-AI\dataset\raw\accident\001441.mp4,0.855,False,0,0,0.0,0,0.0,OpenCV (cv2) is not installed in the current environment.
001442.mp4,C:\Users\Sarayu\Btech_Projects\RoadGuardian-AI\dataset\raw\accident\001442.mp4,0.515,False,0,0,0.0,0,0.0,OpenCV (cv2) is not installed in the current environment.
001443.mp4,C:\Users\Sarayu\Btech_Projects\RoadGuardian-AI\dataset\raw\accident\001443.mp4,0.529,False,0,0,0.0,0,0.0,OpenCV (cv2) is not installed in the current environment.
001444.mp4,C:\Users\Sarayu\Btech_Projects\RoadGuardian-AI\dataset\raw\accident\001444.mp4,0.332,False,0,0,0.0,0,0.0,OpenCV (cv2) is not installed in the current environment.
001445.mp4,C:\Users\Sarayu\Btech_Projects\RoadGuardian-AI\dataset\raw\accident\001445.mp4,0.854,False,0,0,0.0,0,0.0,OpenCV (cv2) is not installed in the current environment.
001446.mp4,C:\Users\Sarayu\Btech_Projects\RoadGuardian-AI\dataset\raw\accident\001446.mp4,0.465,False,0,0,0.0,0,0.0,OpenCV (cv2) is not installed in the current environment.
001447.mp4,C:\Users\Sarayu\Btech_Projects\RoadGuardian-AI\dataset\raw\accident\001447.mp4,0.347,False,0,0,0.0,0,0.0,OpenCV (cv2) is not installed in the current environment.
001448.mp4,C:\Users\Sarayu\Btech_Projects\RoadGuardian-AI\dataset\raw\accident\001448.mp4,0.477,False,0,0,0.0,0,0.0,OpenCV (cv2) is not installed in the current environment.
001449.mp4,C:\Users\Sarayu\Btech_Projects\RoadGuardian-AI\dataset\raw\accident\001449.mp4,0.392,False,0,0,0.0,0,0.0,OpenCV (cv2) is not installed in the current environment.
001450.mp4,C:\Users\Sarayu\Btech_Projects\RoadGuardian-AI\dataset\raw\accident\001450.mp4,0.589,False,0,0,0.0,0,0.0,OpenCV (cv2) is not installed in the current environment.
001451.mp4,C:\Users\Sarayu\Btech_Projects\RoadGuardian-AI\dataset\raw\accident\001451.mp4,0.264,False,0,0,0.0,0,0.0,OpenCV (cv2) is not installed in the current environment.
001452.mp4,C:\Users\Sarayu\Btech_Projects\RoadGuardian-AI\dataset\raw\accident\001452.mp4,1.037,False,0,0,0.0,0,0.0,OpenCV (cv2) is not installed in the current environment.
001453.mp4,C:\Users\Sarayu\Btech_Projects\RoadGuardian-AI\dataset\raw\accident\001453.mp4,0.288,False,0,0,0.0,0,0.0,OpenCV (cv2) is not installed in the current environment.
001454.mp4,C:\Users\Sarayu\Btech_Projects\RoadGuardian-AI\dataset\raw\accident\001454.mp4,0.408,False,0,0,0.0,0,0.0,OpenCV (cv2) is not installed in the current environment.
001455.mp4,C:\Users\Sarayu\Btech_Projects\RoadGuardian-AI\dataset\raw\accident\001455.mp4,0.41,False,0,0,0.0,0,0.0,OpenCV (cv2) is not installed in the current environment.
001456.mp4,C:\Users\Sarayu\Btech_Projects\RoadGuardian-AI\dataset\raw\accident\001456.mp4,0.588,False,0,0,0.0,0,0.0,OpenCV (cv2) is not installed in the current environment.
001457.mp4,C:\Users\Sarayu\Btech_Projects\RoadGuardian-AI\dataset\raw\accident\001457.mp4,0.345,False,0,0,0.0,0,0.0,OpenCV (cv2) is not installed in the current environment.
001458.mp4,C:\Users\Sarayu\Btech_Projects\RoadGuardian-AI\dataset\raw\accident\001458.mp4,0.694,False,0,0,0.0,0,0.0,OpenCV (cv2) is not installed in the current environment.
001459.mp4,C:\Users\Sarayu\Btech_Projects\RoadGuardian-AI\dataset\raw\accident\001459.mp4,0.384,False,0,0,0.0,0,0.0,OpenCV (cv2) is not installed in the current environment.
001460.mp4,C:\Users\Sarayu\Btech_Projects\RoadGuardian-AI\dataset\raw\accident\001460.mp4,0.342,False,0,0,0.0,0,0.0,OpenCV (cv2) is not installed in the current environment.
001461.mp4,C:\Users\Sarayu\Btech_Projects\RoadGuardian-AI\dataset\raw\accident\001461.mp4,0.417,False,0,0,0.0,0,0.0,OpenCV (cv2) is not installed in the current environment.
001462.mp4,C:\Users\Sarayu\Btech_Projects\RoadGuardian-AI\dataset\raw\accident\001462.mp4,0.671,False,0,0,0.0,0,0.0,OpenCV (cv2) is not installed in the current environment.
001463.mp4,C:\Users\Sarayu\Btech_Projects\RoadGuardian-AI\dataset\raw\accident\001463.mp4,0.349,False,0,0,0.0,0,0.0,OpenCV (cv2) is not installed in the current environment.
001464.mp4,C:\Users\Sarayu\Btech_Projects\RoadGuardian-AI\dataset\raw\accident\001464.mp4,0.394,False,0,0,0.0,0,0.0,OpenCV (cv2) is not installed in the current environment.
001465.mp4,C:\Users\Sarayu\Btech_Projects\RoadGuardian-AI\dataset\raw\accident\001465.mp4,0.285,False,0,0,0.0,0,0.0,OpenCV (cv2) is not installed in the current environment.
001466.mp4,C:\Users\Sarayu\Btech_Projects\RoadGuardian-AI\dataset\raw\accident\001466.mp4,0.403,False,0,0,0.0,0,0.0,OpenCV (cv2) is not installed in the current environment.
001467.mp4,C:\Users\Sarayu\Btech_Projects\RoadGuardian-AI\dataset\raw\accident\001467.mp4,0.448,False,0,0,0.0,0,0.0,OpenCV (cv2) is not installed in the current environment.
001468.mp4,C:\Users\Sarayu\Btech_Projects\RoadGuardian-AI\dataset\raw\accident\001468.mp4,0.306,False,0,0,0.0,0,0.0,OpenCV (cv2) is not installed in the current environment.
001469.mp4,C:\Users\Sarayu\Btech_Projects\RoadGuardian-AI\dataset\raw\accident\001469.mp4,0.655,False,0,0,0.0,0,0.0,OpenCV (cv2) is not installed in the current environment.
001470.mp4,C:\Users\Sarayu\Btech_Projects\RoadGuardian-AI\dataset\raw\accident\001470.mp4,0.608,False,0,0,0.0,0,0.0,OpenCV (cv2) is not installed in the current environment.
001471.mp4,C:\Users\Sarayu\Btech_Projects\RoadGuardian-AI\dataset\raw\accident\001471.mp4,0.54,False,0,0,0.0,0,0.0,OpenCV (cv2) is not installed in the current environment.
001472.mp4,C:\Users\Sarayu\Btech_Projects\RoadGuardian-AI\dataset\raw\accident\001472.mp4,0.314,False,0,0,0.0,0,0.0,OpenCV (cv2) is not installed in the current environment.
001473.mp4,C:\Users\Sarayu\Btech_Projects\RoadGuardian-AI\dataset\raw\accident\001473.mp4,0.459,False,0,0,0.0,0,0.0,OpenCV (cv2) is not installed in the current environment.
001474.mp4,C:\Users\Sarayu\Btech_Projects\RoadGuardian-AI\dataset\raw\accident\001474.mp4,0.329,False,0,0,0.0,0,0.0,OpenCV (cv2) is not installed in the current environment.
001475.mp4,C:\Users\Sarayu\Btech_Projects\RoadGuardian-AI\dataset\raw\accident\001475.mp4,0.315,False,0,0,0.0,0,0.0,OpenCV (cv2) is not installed in the current environment.
001476.mp4,C:\Users\Sarayu\Btech_Projects\RoadGuardian-AI\dataset\raw\accident\001476.mp4,0.659,False,0,0,0.0,0,0.0,OpenCV (cv2) is not installed in the current environment.
001477.mp4,C:\Users\Sarayu\Btech_Projects\RoadGuardian-AI\dataset\raw\accident\001477.mp4,0.679,False,0,0,0.0,0,0.0,OpenCV (cv2) is not installed in the current environment.
001478.mp4,C:\Users\Sarayu\Btech_Projects\RoadGuardian-AI\dataset\raw\accident\001478.mp4,0.345,False,0,0,0.0,0,0.0,OpenCV (cv2) is not installed in the current environment.
001479.mp4,C:\Users\Sarayu\Btech_Projects\RoadGuardian-AI\dataset\raw\accident\001479.mp4,0.5,False,0,0,0.0,0,0.0,OpenCV (cv2) is not installed in the current environment.
001480.mp4,C:\Users\Sarayu\Btech_Projects\RoadGuardian-AI\dataset\raw\accident\001480.mp4,0.419,False,0,0,0.0,0,0.0,OpenCV (cv2) is not installed in the current environment.
001481.mp4,C:\Users\Sarayu\Btech_Projects\RoadGuardian-AI\dataset\raw\accident\001481.mp4,0.446,False,0,0,0.0,0,0.0,OpenCV (cv2) is not installed in the current environment.
001482.mp4,C:\Users\Sarayu\Btech_Projects\RoadGuardian-AI\dataset\raw\accident\001482.mp4,0.932,False,0,0,0.0,0,0.0,OpenCV (cv2) is not installed in the current environment.
001483.mp4,C:\Users\Sarayu\Btech_Projects\RoadGuardian-AI\dataset\raw\accident\001483.mp4,0.424,False,0,0,0.0,0,0.0,OpenCV (cv2) is not installed in the current environment.
001484.mp4,C:\Users\Sarayu\Btech_Projects\RoadGuardian-AI\dataset\raw\accident\001484.mp4,0.648,False,0,0,0.0,0,0.0,OpenCV (cv2) is not installed in the current environment.
001485.mp4,C:\Users\Sarayu\Btech_Projects\RoadGuardian-AI\dataset\raw\accident\001485.mp4,0.487,False,0,0,0.0,0,0.0,OpenCV (cv2) is not installed in the current environment.
001486.mp4,C:\Users\Sarayu\Btech_Projects\RoadGuardian-AI\dataset\raw\accident\001486.mp4,0.866,False,0,0,0.0,0,0.0,OpenCV (cv2) is not installed in the current environment.
001487.mp4,C:\Users\Sarayu\Btech_Projects\RoadGuardian-AI\dataset\raw\accident\001487.mp4,0.388,False,0,0,0.0,0,0.0,OpenCV (cv2) is not installed in the current environment.
001488.mp4,C:\Users\Sarayu\Btech_Projects\RoadGuardian-AI\dataset\raw\accident\001488.mp4,0.64,False,0,0,0.0,0,0.0,OpenCV (cv2) is not installed in the current environment.
001489.mp4,C:\Users\Sarayu\Btech_Projects\RoadGuardian-AI\dataset\raw\accident\001489.mp4,0.507,False,0,0,0.0,0,0.0,OpenCV (cv2) is not installed in the current environment.
001490.mp4,C:\Users\Sarayu\Btech_Projects\RoadGuardian-AI\dataset\raw\accident\001490.mp4,0.52,False,0,0,0.0,0,0.0,OpenCV (cv2) is not installed in the current environment.
001491.mp4,C:\Users\Sarayu\Btech_Projects\RoadGuardian-AI\dataset\raw\accident\001491.mp4,0.361,False,0,0,0.0,0,0.0,OpenCV (cv2) is not installed in the current environment.
001492.mp4,C:\Users\Sarayu\Btech_Projects\RoadGuardian-AI\dataset\raw\accident\001492.mp4,0.624,False,0,0,0.0,0,0.0,OpenCV (cv2) is not installed in the current environment.
001493.mp4,C:\Users\Sarayu\Btech_Projects\RoadGuardian-AI\dataset\raw\accident\001493.mp4,0.36,False,0,0,0.0,0,0.0,OpenCV (cv2) is not installed in the current environment.
001494.mp4,C:\Users\Sarayu\Btech_Projects\RoadGuardian-AI\dataset\raw\accident\001494.mp4,0.343,False,0,0,0.0,0,0.0,OpenCV (cv2) is not installed in the current environment.
001495.mp4,C:\Users\Sarayu\Btech_Projects\RoadGuardian-AI\dataset\raw\accident\001495.mp4,0.522,False,0,0,0.0,0,0.0,OpenCV (cv2) is not installed in the current environment.
001496.mp4,C:\Users\Sarayu\Btech_Projects\RoadGuardian-AI\dataset\raw\accident\001496.mp4,0.822,False,0,0,0.0,0,0.0,OpenCV (cv2) is not installed in the current environment.
001497.mp4,C:\Users\Sarayu\Btech_Projects\RoadGuardian-AI\dataset\raw\accident\001497.mp4,0.338,False,0,0,0.0,0,0.0,OpenCV (cv2) is not installed in the current environment.
001498.mp4,C:\Users\Sarayu\Btech_Projects\RoadGuardian-AI\dataset\raw\accident\001498.mp4,0.364,False,0,0,0.0,0,0.0,OpenCV (cv2) is not installed in the current environment.
001499.mp4,C:\Users\Sarayu\Btech_Projects\RoadGuardian-AI\dataset\raw\accident\001499.mp4,0.525,False,0,0,0.0,0,0.0,OpenCV (cv2) is not installed in the current environment.
001500.mp4,C:\Users\Sarayu\Btech_Projects\RoadGuardian-AI\dataset\raw\accident\001500.mp4,0.592,False,0,0,0.0,0,0.0,OpenCV (cv2) is not installed in the current environment.
